BOL_Number,Carrier,Forwarder,Customer,Commodity,Container_Type,Num_Containers,POL,POD,Incoterms,ETD,ETA,Actual_Arrival,Transit_Days,Delay_Days,On_Time_Delivery,Delay_Reason,Freight_Rate_USD,Total_Freight_USD,Cargo_Weight_KG,Cargo_Value_USD,Shipment_Status
BOL000001,Yang Ming,Expeditors,Home Depot Canada,Electronics,40GP,3,Shenzhen,Halifax,FOB,2022-08-17,2022-09-01,2022-09-01,15,0,Yes,None,3524.94,10574.82,61692.26,447167.99,Delivered
BOL000002,Yang Ming,Expeditors,Loblaw Companies,Chemicals,40RF,9,Shanghai,Los Angeles,EXW,2023-04-22,2023-05-07,2023-05-07,15,0,Yes,None,2352.22,21169.98,137986.27,146313.45,Delivered
BOL000003,Yang Ming,Panalpina,Empire Company,Apparel,40HC,6,Colombo,Vancouver,CFR,2023-11-21,2023-12-11,2023-12-11,20,0,Yes,None,3033.79,18202.74,141383.7,367568.58,Delivered
BOL000004,CMA CGM,DSV,Costco Canada,Chemicals,40HC,2,Hamburg,Houston,EXW,2023-01-29,2023-02-16,2023-02-16,18,0,Yes,None,3964.68,7929.36,49858.25,196261.85,Delivered
BOL000005,ONE,Panalpina,Canadian Tire,Electronics,40GP,8,Colombo,New York,CIF,2022-05-27,2022-06-20,2022-06-20,24,0,Yes,None,2203.99,17631.92,222072.3,323599.88,Delivered
BOL000006,Hapag-Lloyd,DSV,Reitmans,Furniture,20RF,6,Hamburg,Los Angeles,CIF,2024-04-01,2024-05-02,2024-05-02,31,0,Yes,None,1586.72,9520.32,98893.91,443494.75,Delivered
BOL000007,Yang Ming,Sinotrans,Sport Chek,Steel Products,40GP,9,Ningbo,Los Angeles,FOB,2024-05-27,2024-07-05,2024-07-05,39,0,Yes,None,2626.01,23634.09,201446.91,431940.43,Delivered
BOL000008,Hapag-Lloyd,CEVA Logistics,Giant Tiger,Food Products,20GP,2,Hong Kong,Vancouver,CIF,2024-08-16,2024-09-15,2024-09-15,30,0,Yes,None,3322.33,6644.66,34700.64,140744.34,Delivered
BOL000009,Maersk,CEVA Logistics,Sobeys,Steel Products,40RF,9,Colombo,Montreal,EXW,2023-06-24,2023-07-19,2023-07-28,25,9,No,Bad Weather,3053.19,27478.71,76637.73,383630.29,Delayed
BOL000010,COSCO,DB Schenker,Sobeys,Furniture,40GP,1,Hamburg,Vancouver,CIF,2022-08-18,2022-09-24,2022-10-09,37,15,No,Bad Weather,1691.22,1691.22,18049.21,48590.95,Delayed
BOL000011,MSC,Panalpina,Home Depot Canada,Auto Parts,40RF,5,Colombo,Seattle,CIF,2023-06-27,2023-08-07,2023-08-11,41,4,No,Customs Inspection,2276.27,11381.35,102244.0,192976.05,Delivered
BOL000012,Evergreen,Expeditors,Sobeys,Machinery,20GP,1,Shenzhen,Montreal,DDP,2022-02-13,2022-03-13,2022-03-13,28,0,Yes,None,1647.08,1647.08,25824.66,431221.35,Delivered
BOL000013,Maersk,Panalpina,Sport Chek,Apparel,45HC,4,Rotterdam,Seattle,FOB,2022-09-28,2022-11-11,2022-11-11,44,0,Yes,None,1149.01,4596.04,80626.41,183605.81,Delivered
BOL000014,COSCO,CEVA Logistics,Reitmans,Apparel,45HC,3,Shenzhen,Seattle,FOB,2022-08-12,2022-09-10,2022-09-10,29,0,Yes,None,2360.96,7082.88,34219.61,132405.16,Delivered
BOL000015,Hapag-Lloyd,Nippon Express,Indigo Books,Toys,45HC,4,Shanghai,Miami,EXW,2022-07-11,2022-08-09,2022-08-09,29,0,Yes,None,3999.21,15996.84,103024.74,90672.19,Delivered
BOL000016,ZIM,CEVA Logistics,Hudson Bay,Textiles,20GP,10,Shanghai,Halifax,CFR,2022-11-14,2022-12-10,2022-12-10,26,0,Yes,None,3522.23,35222.3,64020.24,163666.36,Delivered
BOL000017,HMM,Kuehne+Nagel,Aldo Group,Steel Products,20RF,2,Kaohsiung,New York,FOB,2024-11-06,2024-11-25,2024-11-25,19,0,Yes,None,3298.29,6596.58,20819.38,68744.44,Delivered
BOL000018,ONE,Kuehne+Nagel,Giant Tiger,Apparel,40RF,6,Singapore,Seattle,FOB,2024-05-08,2024-06-11,2024-06-11,34,0,Yes,None,1683.14,10098.84,84618.45,339128.21,Delivered
BOL000019,HMM,DSV,Reitmans,Textiles,40HC,2,Colombo,Chicago,FOB,2022-05-31,2022-06-27,2022-06-27,27,0,Yes,None,4053.3,8106.6,26998.25,87295.95,Delivered
BOL000020,Hapag-Lloyd,CEVA Logistics,Loblaws,Textiles,20GP,9,Hong Kong,New York,DAP,2022-08-01,2022-08-23,2022-08-23,22,0,Yes,None,1375.16,12376.44,103323.55,113208.53,Delivered
BOL000021,Yang Ming,Kuehne+Nagel,Best Buy Canada,Textiles,20GP,6,Hamburg,Montreal,FOB,2022-07-09,2022-08-19,2022-08-19,41,0,Yes,None,3653.14,21918.84,117921.65,138358.08,Delivered
BOL000022,Evergreen,Panalpina,Best Buy Canada,Auto Parts,20RF,3,Shanghai,Houston,DDP,2022-11-02,2022-11-18,2022-11-18,16,0,Yes,None,2390.21,7170.63,17886.19,188679.24,Delivered
BOL000023,Hapag-Lloyd,Sinotrans,Best Buy Canada,Furniture,40GP,7,Rotterdam,New York,DDP,2024-04-12,2024-05-05,2024-05-20,23,15,No,Customs Inspection,891.71,6241.97,153586.88,172770.88,Delayed
BOL000024,Yang Ming,DSV,Home Depot Canada,Chemicals,45HC,6,Shanghai,New York,EXW,2022-03-21,2022-05-04,2022-05-04,44,0,Yes,None,1929.21,11575.26,139757.68,121521.79,Delivered
BOL000025,MSC,Panalpina,Mountain Equipment,Steel Products,40HC,1,Singapore,Toronto,DAP,2023-12-21,2024-01-29,2024-02-09,39,11,No,Documentation Error,1226.76,1226.76,27319.21,97498.23,Delayed
BOL000026,ONE,Panalpina,Shoppers Drug Mart,Food Products,40GP,5,Colombo,New York,FOB,2024-06-12,2024-07-03,2024-07-03,21,0,Yes,None,964.23,4821.15,75146.61,264760.97,Delivered
BOL000027,CMA CGM,Sinotrans,Empire Company,Steel Products,45HC,6,Rotterdam,Miami,CFR,2022-09-13,2022-10-16,2022-10-16,33,0,Yes,None,2288.88,13733.28,70800.42,72371.02,Delivered
BOL000028,ZIM,DSV,Home Depot Canada,Furniture,20RF,10,Busan,Montreal,DDP,2022-01-01,2022-02-03,2022-02-03,33,0,Yes,None,3222.41,32224.1,156947.28,226658.3,Delivered
BOL000029,HMM,Expeditors,Indigo Books,Apparel,40GP,5,Busan,Seattle,DAP,2024-11-21,2024-12-26,2024-12-26,35,0,Yes,None,1631.17,8155.85,47899.94,21968.44,Delivered
BOL000030,CMA CGM,Expeditors,Canadian Tire,Textiles,40RF,1,Rotterdam,New York,DAP,2024-02-26,2024-04-11,2024-04-11,45,0,Yes,None,4102.84,4102.84,24790.13,443877.95,Delivered
BOL000031,COSCO,DB Schenker,Giant Tiger,Food Products,40RF,9,Hamburg,Halifax,CFR,2022-09-06,2022-10-19,2022-10-19,43,0,Yes,None,4455.2,40096.8,168258.63,475519.41,Delivered
BOL000032,MSC,Panalpina,Loblaws,Machinery,40RF,5,Singapore,Seattle,CIF,2024-08-30,2024-10-11,2024-10-11,42,0,Yes,None,3633.51,18167.55,84949.48,317106.73,Delivered
BOL000033,Yang Ming,Sinotrans,Indigo Books,Electronics,45HC,3,Colombo,Seattle,CIF,2023-10-17,2023-11-05,2023-11-05,19,0,Yes,None,3413.75,10241.25,19431.79,209723.69,Delivered
BOL000034,COSCO,Expeditors,Sobeys,Steel Products,40HC,5,Rotterdam,Montreal,CIF,2022-02-10,2022-03-20,2022-03-20,38,0,Yes,None,3587.86,17939.3,123146.51,477180.87,Delivered
BOL000035,Maersk,CEVA Logistics,Groupe Touchette,Food Products,40HC,7,Kaohsiung,Montreal,CFR,2023-07-13,2023-08-23,2023-08-23,41,0,Yes,None,3479.47,24356.29,170321.41,460575.39,Delivered
BOL000036,Hapag-Lloyd,Nippon Express,Home Depot Canada,Food Products,40GP,1,Hong Kong,Miami,EXW,2022-06-21,2022-08-01,2022-08-01,41,0,Yes,None,1762.58,1762.58,12529.11,232802.67,Delivered
BOL000037,CMA CGM,Kuehne+Nagel,Sobeys,Auto Parts,20GP,1,Shanghai,Halifax,CIF,2022-02-09,2022-02-26,2022-02-26,17,0,Yes,None,3590.66,3590.66,26841.07,107686.73,Delivered
BOL000038,MSC,Sinotrans,Empire Company,Steel Products,40HC,3,Ningbo,Chicago,FOB,2023-03-23,2023-05-05,2023-05-05,43,0,Yes,None,3041.8,9125.4,81497.7,361995.04,Delivered
BOL000039,HMM,Sinotrans,Reitmans,Electronics,40RF,4,Kaohsiung,Vancouver,EXW,2024-03-23,2024-04-18,2024-04-18,26,0,Yes,None,1177.03,4708.12,91068.24,426643.69,Delivered
BOL000040,Yang Ming,DSV,Metro Inc,Furniture,20GP,7,Hamburg,Los Angeles,DDP,2024-01-29,2024-02-16,2024-02-16,18,0,Yes,None,3842.62,26898.34,51991.76,480785.91,Delivered
BOL000041,Evergreen,Sinotrans,Aldo Group,Toys,20RF,5,Singapore,Seattle,CFR,2024-09-17,2024-10-30,2024-10-30,43,0,Yes,None,1992.53,9962.65,53231.94,467964.72,Delivered
BOL000042,COSCO,Kuehne+Nagel,Costco Canada,Electronics,40GP,8,Kaohsiung,Chicago,CFR,2023-11-20,2023-12-05,2023-12-05,15,0,Yes,None,1584.84,12678.72,186801.15,176766.03,Delivered
BOL000043,Evergreen,DSV,IKEA Canada,Food Products,40GP,8,Shenzhen,Chicago,DDP,2023-05-10,2023-06-19,2023-06-19,40,0,Yes,None,3189.84,25518.72,130311.13,398537.11,Delivered
BOL000044,MSC,DB Schenker,Best Buy Canada,Auto Parts,45HC,9,Singapore,New York,EXW,2024-01-26,2024-03-10,2024-03-10,44,0,Yes,None,2023.93,18215.37,190490.97,142749.05,Delivered
BOL000045,Hapag-Lloyd,DSV,Hudson Bay,Auto Parts,40RF,10,Shenzhen,New York,EXW,2023-01-28,2023-02-24,2023-02-24,27,0,Yes,None,4413.45,44134.5,170666.48,148669.36,Delivered
BOL000046,Maersk,Nippon Express,Sobeys,Steel Products,20GP,9,Hamburg,Vancouver,EXW,2022-01-29,2022-02-20,2022-02-20,22,0,Yes,None,1880.91,16928.19,240426.55,322556.13,Delivered
BOL000047,CMA CGM,Expeditors,Home Depot Canada,Steel Products,45HC,2,Shanghai,Los Angeles,EXW,2024-06-21,2024-07-26,2024-07-29,35,3,No,Bad Weather,3841.83,7683.66,28432.54,46300.26,Delivered
BOL000048,Yang Ming,CEVA Logistics,Aldo Group,Machinery,20RF,4,Singapore,Halifax,CFR,2022-08-31,2022-10-10,2022-10-10,40,0,Yes,None,3670.07,14680.28,54994.78,455167.15,Delivered
BOL000049,ZIM,CEVA Logistics,Empire Company,Steel Products,40RF,2,Shanghai,Miami,DAP,2022-07-23,2022-08-19,2022-08-19,27,0,Yes,None,1381.11,2762.22,17995.42,46781.79,Delivered
BOL000050,Yang Ming,DB Schenker,IKEA Canada,Apparel,45HC,2,Kaohsiung,New York,CFR,2023-04-20,2023-05-22,2023-05-22,32,0,Yes,None,3343.32,6686.64,52499.91,396035.73,Delivered
BOL000051,Hapag-Lloyd,Nippon Express,Metro Inc,Food Products,40HC,10,Shenzhen,Seattle,EXW,2023-06-29,2023-07-22,2023-07-22,23,0,Yes,None,3571.14,35711.4,180917.62,151419.19,Delivered
BOL000052,Maersk,DB Schenker,Canadian Tire,Machinery,45HC,6,Kaohsiung,Halifax,CFR,2024-06-15,2024-07-04,2024-07-04,19,0,Yes,None,3033.74,18202.44,33569.36,122172.96,Delivered
BOL000053,ONE,DB Schenker,Best Buy Canada,Chemicals,20RF,7,Hong Kong,Miami,DDP,2024-08-21,2024-10-02,2024-10-02,42,0,Yes,None,3148.7,22040.9,114167.85,54708.78,Delivered
BOL000054,ONE,CEVA Logistics,Metro Inc,Apparel,40RF,7,Hong Kong,Chicago,DAP,2023-11-07,2023-12-17,2023-12-17,40,0,Yes,None,3810.19,26671.33,123565.55,232864.7,Delivered
BOL000055,COSCO,Nippon Express,Giant Tiger,Furniture,40HC,10,Busan,Chicago,EXW,2024-08-04,2024-09-13,2024-09-13,40,0,Yes,None,3598.84,35988.4,193844.01,382395.36,Delivered
BOL000056,ZIM,Nippon Express,Loblaw Companies,Apparel,40GP,3,Busan,Vancouver,DDP,2022-09-06,2022-09-21,2022-09-21,15,0,Yes,None,1949.78,5849.34,15943.54,209915.44,Delivered
BOL000057,CMA CGM,Panalpina,Indigo Books,Apparel,45HC,4,Kaohsiung,Montreal,EXW,2023-08-21,2023-09-21,2023-09-21,31,0,Yes,None,2490.11,9960.44,33307.06,103399.08,Delivered
BOL000058,COSCO,Sinotrans,Shoppers Drug Mart,Toys,40RF,5,Ningbo,Seattle,EXW,2024-11-05,2024-12-06,2024-12-06,31,0,Yes,None,3898.66,19493.3,91691.19,333370.97,Delivered
BOL000059,ZIM,Nippon Express,Loblaw Companies,Food Products,40RF,4,Shanghai,Houston,DAP,2024-07-21,2024-08-24,2024-08-24,34,0,Yes,None,2915.65,11662.6,41487.75,390016.79,Delivered
BOL000060,CMA CGM,Panalpina,Loblaws,Apparel,20GP,8,Ningbo,Miami,DAP,2022-03-17,2022-04-08,2022-04-17,22,9,No,Bad Weather,1168.93,9351.44,207521.27,17520.32,Delayed
BOL000061,Maersk,DSV,IKEA Canada,Steel Products,40RF,9,Hamburg,Montreal,FOB,2024-03-25,2024-04-13,2024-04-13,19,0,Yes,None,2206.03,19854.27,110548.86,362171.54,Delivered
BOL000062,ONE,Expeditors,Loblaw Companies,Chemicals,45HC,3,Shanghai,Chicago,DAP,2023-04-11,2023-04-30,2023-05-07,19,7,No,Port Congestion,3367.8,10103.4,77336.26,32535.57,Delayed
BOL000063,HMM,DSV,Giant Tiger,Furniture,40GP,3,Busan,Seattle,CIF,2024-12-23,2025-02-01,2025-02-01,40,0,Yes,None,1447.76,4343.28,57054.93,197446.71,In Transit
BOL000064,Hapag-Lloyd,Nippon Express,Loblaws,Food Products,45HC,5,Hong Kong,Halifax,DDP,2024-07-30,2024-08-29,2024-08-29,30,0,Yes,None,3307.16,16535.8,43167.2,226447.59,Delivered
BOL000065,Yang Ming,CEVA Logistics,Groupe Touchette,Machinery,20GP,4,Singapore,Toronto,FOB,2023-09-11,2023-10-07,2023-10-07,26,0,Yes,None,2211.05,8844.2,53024.24,154977.47,Delivered
BOL000066,Maersk,Panalpina,Canadian Tire,Machinery,20RF,6,Ningbo,Vancouver,DAP,2024-10-14,2024-11-15,2024-11-15,32,0,Yes,None,1610.32,9661.92,56238.21,132807.13,Delivered
BOL000067,COSCO,Nippon Express,Loblaws,Machinery,40RF,7,Hong Kong,Montreal,CIF,2022-09-27,2022-10-16,2022-10-16,19,0,Yes,None,1449.87,10149.09,56277.73,274309.8,Delivered
BOL000068,ONE,DSV,Walmart Canada,Apparel,20GP,3,Rotterdam,Montreal,DAP,2023-08-28,2023-10-02,2023-10-02,35,0,Yes,None,3590.36,10771.08,30567.41,341398.63,Delivered
BOL000069,ZIM,Panalpina,Reitmans,Electronics,40RF,5,Shenzhen,New York,CFR,2022-09-11,2022-10-24,2022-10-24,43,0,Yes,None,2962.87,14814.35,119577.99,470743.03,Delivered
BOL000070,ZIM,DB Schenker,IKEA Canada,Apparel,40RF,5,Shanghai,Chicago,FOB,2023-03-30,2023-04-17,2023-04-17,18,0,Yes,None,3202.19,16010.95,38417.73,32219.94,Delivered
BOL000071,ZIM,CEVA Logistics,Loblaws,Steel Products,40RF,9,Rotterdam,Vancouver,DAP,2024-03-06,2024-04-18,2024-04-18,43,0,Yes,None,2350.77,21156.93,198649.69,85716.22,Delivered
BOL000072,Yang Ming,Nippon Express,Best Buy Canada,Machinery,40GP,6,Hong Kong,Toronto,CIF,2024-01-29,2024-02-25,2024-02-25,27,0,Yes,None,1167.61,7005.66,124623.88,276788.27,Delivered
BOL000073,MSC,Expeditors,Groupe Touchette,Textiles,20GP,1,Kaohsiung,New York,CIF,2022-07-07,2022-08-03,2022-08-03,27,0,Yes,None,3711.14,3711.14,10602.08,71702.7,Delivered
BOL000074,CMA CGM,DB Schenker,Walmart Canada,Apparel,20RF,1,Colombo,Chicago,DDP,2023-04-23,2023-05-28,2023-05-28,35,0,Yes,None,1825.92,1825.92,27632.65,493888.38,Delivered
BOL000075,MSC,Panalpina,Giant Tiger,Apparel,20RF,6,Rotterdam,Montreal,DAP,2022-01-31,2022-03-08,2022-03-08,36,0,Yes,None,858.39,5150.34,66620.72,72111.69,Delivered
BOL000076,Maersk,Sinotrans,Sport Chek,Electronics,20RF,1,Singapore,Seattle,DAP,2024-11-17,2024-12-07,2024-12-07,20,0,Yes,None,3490.8,3490.8,25901.29,332862.51,Delivered
BOL000077,ONE,DSV,Metro Inc,Food Products,20GP,6,Kaohsiung,Montreal,CFR,2022-08-10,2022-09-24,2022-10-06,45,12,No,Port Congestion,3050.7,18304.2,39064.15,144757.84,Delayed
BOL000078,ONE,Kuehne+Nagel,Indigo Books,Toys,20GP,9,Busan,Miami,DAP,2024-07-18,2024-08-28,2024-08-28,41,0,Yes,None,3467.11,31203.99,89509.77,231261.91,Delivered
BOL000079,Yang Ming,DB Schenker,Mountain Equipment,Apparel,40HC,3,Shenzhen,Vancouver,DDP,2023-10-03,2023-11-13,2023-11-13,41,0,Yes,None,3341.24,10023.72,47724.48,54700.15,Delivered
BOL000080,ONE,Expeditors,Metro Inc,Apparel,40HC,7,Kaohsiung,Chicago,CFR,2022-05-03,2022-06-07,2022-06-07,35,0,Yes,None,4011.94,28083.58,151090.77,484515.33,Delivered
BOL000081,HMM,CEVA Logistics,Reitmans,Steel Products,40HC,9,Rotterdam,Montreal,DDP,2022-11-13,2022-12-27,2022-12-27,44,0,Yes,None,2159.98,19439.82,202859.37,291309.0,Delivered
BOL000082,CMA CGM,Expeditors,Metro Inc,Electronics,40HC,6,Rotterdam,Vancouver,FOB,2023-07-02,2023-07-17,2023-07-17,15,0,Yes,None,2098.79,12592.74,55033.97,80193.23,Delivered
BOL000083,CMA CGM,Kuehne+Nagel,Canadian Tire,Furniture,40HC,5,Shenzhen,Toronto,CFR,2024-02-10,2024-03-21,2024-03-21,40,0,Yes,None,3469.91,17349.55,114336.1,288120.84,Delivered
BOL000084,MSC,Nippon Express,Groupe Touchette,Machinery,20RF,8,Hong Kong,Miami,DDP,2023-07-12,2023-08-23,2023-08-23,42,0,Yes,None,2332.48,18659.84,79664.69,261049.69,Delivered
BOL000085,Hapag-Lloyd,Nippon Express,Walmart Canada,Chemicals,20RF,1,Ningbo,Chicago,FOB,2024-12-15,2025-01-17,2025-01-17,33,0,Yes,None,828.44,828.44,11932.65,113504.65,In Transit
BOL000086,Maersk,Kuehne+Nagel,Giant Tiger,Food Products,40RF,4,Shenzhen,Miami,FOB,2024-05-31,2024-06-25,2024-06-25,25,0,Yes,None,2650.97,10603.88,96668.59,405038.09,Delivered
BOL000087,ZIM,Kuehne+Nagel,Indigo Books,Chemicals,40RF,7,Ningbo,Halifax,FOB,2023-10-04,2023-11-14,2023-11-14,41,0,Yes,None,1871.21,13098.47,100210.2,483437.85,Delivered
BOL000088,COSCO,Expeditors,Metro Inc,Apparel,20GP,7,Ningbo,Vancouver,CFR,2023-05-14,2023-06-24,2023-06-24,41,0,Yes,None,4020.94,28146.58,155074.58,118570.31,Delivered
BOL000089,ZIM,Nippon Express,Groupe Touchette,Toys,40GP,2,Shenzhen,Los Angeles,CFR,2023-12-17,2024-01-22,2024-02-03,36,12,No,Customs Inspection,1341.84,2683.68,19074.5,305175.5,Delayed
BOL000090,MSC,CEVA Logistics,Giant Tiger,Machinery,45HC,8,Hong Kong,Montreal,DAP,2023-10-24,2023-11-27,2023-11-27,34,0,Yes,None,3136.12,25088.96,186524.66,299795.68,Delivered
BOL000091,ZIM,Panalpina,Costco Canada,Steel Products,40RF,2,Colombo,Toronto,DDP,2022-04-27,2022-06-03,2022-06-03,37,0,Yes,None,3075.53,6151.06,33325.12,236728.71,Delivered
BOL000092,COSCO,Panalpina,Hudson Bay,Textiles,40HC,2,Hamburg,Seattle,CFR,2024-09-01,2024-09-24,2024-09-24,23,0,Yes,None,2666.83,5333.66,17937.71,131394.42,Delivered
BOL000093,COSCO,DB Schenker,Loblaws,Food Products,40HC,10,Hong Kong,Vancouver,EXW,2024-02-03,2024-03-06,2024-03-06,32,0,Yes,None,993.75,9937.5,195103.91,173978.18,Delivered
BOL000094,Hapag-Lloyd,DB Schenker,Shoppers Drug Mart,Textiles,40HC,5,Kaohsiung,Vancouver,DAP,2023-11-14,2023-12-03,2023-12-03,19,0,Yes,None,4380.48,21902.4,105325.2,202059.41,Delivered
BOL000095,Evergreen,Kuehne+Nagel,Loblaw Companies,Auto Parts,20RF,6,Hong Kong,Seattle,CIF,2024-12-14,2025-01-02,2025-01-02,19,0,Yes,None,867.45,5204.7,72623.52,476072.96,In Transit
BOL000096,Yang Ming,DB Schenker,Hudson Bay,Furniture,40RF,9,Ningbo,Halifax,CIF,2023-08-29,2023-09-18,2023-09-18,20,0,Yes,None,939.67,8457.03,114710.22,385490.73,Delivered
BOL000097,COSCO,Expeditors,Sobeys,Auto Parts,40RF,4,Hamburg,New York,EXW,2024-06-15,2024-07-01,2024-07-01,16,0,Yes,None,4387.48,17549.92,76174.78,378671.67,Delivered
BOL000098,Hapag-Lloyd,Panalpina,Sobeys,Electronics,45HC,9,Kaohsiung,Los Angeles,DDP,2024-01-24,2024-03-06,2024-03-06,42,0,Yes,None,2751.6,24764.4,245017.51,410276.71,Delivered
BOL000099,ZIM,CEVA Logistics,Indigo Books,Chemicals,40GP,5,Shenzhen,New York,FOB,2022-07-30,2022-08-20,2022-08-20,21,0,Yes,None,2462.48,12312.4,84035.56,417212.89,Delivered
BOL000100,CMA CGM,DB Schenker,Sobeys,Electronics,20GP,6,Hong Kong,Los Angeles,EXW,2024-03-22,2024-04-28,2024-04-28,37,0,Yes,None,1630.79,9784.74,73978.51,58550.73,Delivered
BOL000101,Yang Ming,DSV,IKEA Canada,Apparel,20GP,1,Kaohsiung,Montreal,EXW,2024-08-18,2024-09-29,2024-09-29,42,0,Yes,None,1746.92,1746.92,24204.15,278914.08,Delivered
BOL000102,COSCO,DSV,Loblaw Companies,Steel Products,20RF,8,Colombo,Toronto,CIF,2022-09-07,2022-09-24,2022-09-24,17,0,Yes,None,1032.39,8259.12,193950.54,254916.32,Delivered
BOL000103,COSCO,CEVA Logistics,Metro Inc,Textiles,20RF,7,Hong Kong,Vancouver,CFR,2024-05-29,2024-06-12,2024-06-12,14,0,Yes,None,1493.06,10451.42,142582.6,266507.43,Delivered
BOL000104,HMM,Panalpina,Canadian Tire,Chemicals,40HC,5,Busan,Vancouver,CIF,2024-03-10,2024-04-23,2024-04-23,44,0,Yes,None,3565.07,17825.35,66065.8,43104.18,Delivered
BOL000105,Hapag-Lloyd,CEVA Logistics,Costco Canada,Auto Parts,45HC,8,Hamburg,Toronto,FOB,2023-11-25,2023-12-20,2023-12-20,25,0,Yes,None,3137.42,25099.36,189315.57,40919.26,Delivered
BOL000106,ONE,Sinotrans,Mountain Equipment,Machinery,20RF,8,Hong Kong,Toronto,FOB,2023-10-09,2023-11-11,2023-11-11,33,0,Yes,None,1737.26,13898.08,178605.53,103640.68,Delivered
BOL000107,Yang Ming,DB Schenker,Aldo Group,Apparel,40GP,8,Singapore,Vancouver,DAP,2024-03-30,2024-05-11,2024-05-26,42,15,No,Bad Weather,3360.65,26885.2,107591.83,400672.53,Delayed
BOL000108,ZIM,Sinotrans,Mountain Equipment,Electronics,40RF,5,Hamburg,Houston,DDP,2023-08-25,2023-09-28,2023-09-28,34,0,Yes,None,1934.03,9670.15,94301.49,218796.88,Delivered
BOL000109,HMM,Kuehne+Nagel,Loblaw Companies,Toys,45HC,6,Shanghai,Los Angeles,FOB,2023-07-17,2023-08-03,2023-08-03,17,0,Yes,None,2698.42,16190.52,133485.92,88393.5,Delivered
BOL000110,MSC,Panalpina,Metro Inc,Steel Products,20RF,1,Hong Kong,Seattle,CIF,2023-04-29,2023-06-05,2023-06-05,37,0,Yes,None,3038.85,3038.85,20618.43,474923.53,Delivered
BOL000111,Hapag-Lloyd,Expeditors,Giant Tiger,Machinery,20GP,1,Colombo,Vancouver,DDP,2024-03-26,2024-04-29,2024-04-29,34,0,Yes,None,3522.0,3522.0,16478.01,199623.82,Delivered
BOL000112,MSC,DSV,Empire Company,Textiles,20GP,8,Hong Kong,Houston,CFR,2023-08-08,2023-09-22,2023-09-22,45,0,Yes,None,1438.83,11510.64,171260.06,498658.58,Delivered
BOL000113,ONE,Nippon Express,Mountain Equipment,Textiles,40GP,2,Hamburg,Toronto,CFR,2022-11-19,2022-12-14,2022-12-14,25,0,Yes,None,4444.99,8889.98,46435.02,126000.73,Delivered
BOL000114,ONE,Panalpina,Giant Tiger,Apparel,40RF,8,Shenzhen,Los Angeles,DAP,2022-09-23,2022-10-12,2022-10-12,19,0,Yes,None,2745.07,21960.56,181526.28,413436.31,Delivered
BOL000115,Evergreen,Kuehne+Nagel,Empire Company,Chemicals,20RF,1,Ningbo,Houston,CFR,2022-09-20,2022-10-15,2022-10-28,25,13,No,Equipment Shortage,3876.15,3876.15,16916.35,159021.03,Delayed
BOL000116,CMA CGM,Panalpina,Aldo Group,Furniture,40GP,5,Kaohsiung,Halifax,DDP,2023-05-29,2023-06-24,2023-07-05,26,11,No,Bad Weather,3073.38,15366.9,35744.27,324083.84,Delayed
BOL000117,ZIM,Nippon Express,Empire Company,Textiles,40RF,10,Kaohsiung,Toronto,EXW,2022-03-26,2022-04-10,2022-04-10,15,0,Yes,None,1779.23,17792.3,98485.93,290347.23,Delivered
BOL000118,CMA CGM,Panalpina,Shoppers Drug Mart,Chemicals,40RF,1,Hong Kong,Halifax,DDP,2023-05-17,2023-06-25,2023-06-25,39,0,Yes,None,1384.9,1384.9,14559.3,237576.66,Delivered
BOL000119,MSC,Sinotrans,Sport Chek,Electronics,20RF,2,Busan,Los Angeles,EXW,2024-03-27,2024-04-18,2024-04-18,22,0,Yes,None,1980.73,3961.46,31457.74,141061.12,Delivered
BOL000120,Hapag-Lloyd,Sinotrans,Home Depot Canada,Toys,20RF,6,Hamburg,Seattle,FOB,2023-05-24,2023-06-17,2023-06-17,24,0,Yes,None,1502.39,9014.34,51989.25,498025.01,Delivered
BOL000121,COSCO,DB Schenker,Indigo Books,Electronics,40HC,1,Hamburg,Chicago,FOB,2024-11-01,2024-12-14,2024-12-14,43,0,Yes,None,987.0,987.0,16382.57,442346.34,Delivered
BOL000122,Yang Ming,DSV,Reitmans,Textiles,20GP,7,Singapore,Vancouver,DAP,2023-06-26,2023-08-02,2023-08-02,37,0,Yes,None,989.28,6924.96,125452.52,187636.65,Delivered
BOL000123,COSCO,DB Schenker,Canadian Tire,Electronics,40HC,9,Colombo,Miami,FOB,2022-09-01,2022-09-23,2022-09-23,22,0,Yes,None,4274.11,38466.99,201277.79,107538.36,Delivered
BOL000124,Hapag-Lloyd,Nippon Express,Metro Inc,Steel Products,20RF,9,Rotterdam,Halifax,EXW,2023-11-14,2023-12-28,2023-12-28,44,0,Yes,None,1317.19,11854.71,237793.33,166079.72,Delivered
BOL000125,ZIM,Expeditors,Groupe Touchette,Machinery,40HC,2,Shanghai,Halifax,DDP,2023-09-06,2023-10-20,2023-10-20,44,0,Yes,None,4425.62,8851.24,36850.3,400409.86,Delivered
BOL000126,HMM,Nippon Express,Walmart Canada,Apparel,40RF,10,Busan,Toronto,CIF,2022-04-16,2022-05-30,2022-05-30,44,0,Yes,None,3666.04,36660.4,137443.78,412614.03,Delivered
BOL000127,COSCO,Nippon Express,Shoppers Drug Mart,Auto Parts,40GP,7,Shanghai,Los Angeles,CFR,2023-10-05,2023-11-14,2023-11-14,40,0,Yes,None,2656.73,18597.11,133447.97,241086.68,Delivered
BOL000128,ZIM,DSV,Loblaws,Auto Parts,20RF,6,Singapore,Halifax,CIF,2024-12-12,2025-01-19,2025-01-25,38,6,No,Equipment Shortage,2821.21,16927.26,123269.86,435150.66,Delayed
BOL000129,MSC,Sinotrans,Reitmans,Steel Products,40GP,8,Singapore,Chicago,DDP,2023-04-06,2023-05-09,2023-05-09,33,0,Yes,None,1973.05,15784.4,104179.78,467513.18,Delivered
BOL000130,ZIM,DSV,Reitmans,Auto Parts,40HC,1,Hamburg,Chicago,CIF,2024-03-19,2024-04-24,2024-04-24,36,0,Yes,None,1864.23,1864.23,21425.25,179718.12,Delivered
BOL000131,MSC,Kuehne+Nagel,Sobeys,Food Products,20RF,4,Busan,Toronto,EXW,2023-07-11,2023-08-02,2023-08-02,22,0,Yes,None,1697.09,6788.36,81624.72,270210.33,Delivered
BOL000132,Maersk,Expeditors,Groupe Touchette,Apparel,45HC,8,Hong Kong,Chicago,DDP,2022-10-09,2022-10-23,2022-11-01,14,9,No,Customs Inspection,2566.56,20532.48,76699.9,482317.88,Delayed
BOL000133,Maersk,Kuehne+Nagel,Aldo Group,Machinery,40GP,1,Singapore,Toronto,CFR,2024-12-31,2025-01-16,2025-01-31,16,15,No,Equipment Shortage,4489.54,4489.54,14130.88,252738.11,Delayed
BOL000134,MSC,DSV,Giant Tiger,Chemicals,20RF,8,Singapore,New York,CIF,2023-11-18,2023-12-20,2023-12-28,32,8,No,Documentation Error,4090.26,32722.08,64692.79,257064.21,Delayed
BOL000135,COSCO,Kuehne+Nagel,Sport Chek,Chemicals,40HC,10,Rotterdam,Miami,FOB,2023-01-17,2023-01-31,2023-01-31,14,0,Yes,None,3295.28,32952.8,94427.1,309367.7,Delivered
BOL000136,HMM,Panalpina,Loblaws,Steel Products,40GP,1,Hong Kong,Chicago,FOB,2023-01-14,2023-02-05,2023-02-05,22,0,Yes,None,1764.91,1764.91,10416.99,379340.76,Delivered
BOL000137,Hapag-Lloyd,Expeditors,IKEA Canada,Chemicals,40HC,3,Singapore,Vancouver,CFR,2023-04-29,2023-05-16,2023-05-16,17,0,Yes,None,2300.04,6900.12,49673.91,448608.0,Delivered
BOL000138,Evergreen,Nippon Express,Metro Inc,Steel Products,20RF,6,Colombo,New York,FOB,2022-10-01,2022-11-14,2022-11-14,44,0,Yes,None,2338.63,14031.78,105794.36,240705.76,Delivered
BOL000139,COSCO,Nippon Express,Costco Canada,Toys,20GP,9,Ningbo,Houston,FOB,2024-12-17,2025-01-23,2025-01-25,37,2,No,Port Congestion,4140.69,37266.21,86846.45,272963.48,In Transit
BOL000140,Yang Ming,Kuehne+Nagel,Costco Canada,Machinery,40GP,9,Singapore,Toronto,FOB,2022-07-06,2022-08-17,2022-08-17,42,0,Yes,None,2337.07,21033.63,161729.62,283810.63,Delivered
BOL000141,Yang Ming,Panalpina,Indigo Books,Furniture,20RF,1,Shanghai,Chicago,CIF,2022-04-03,2022-05-14,2022-05-14,41,0,Yes,None,4257.96,4257.96,6587.44,467550.03,Delivered
BOL000142,CMA CGM,DB Schenker,Metro Inc,Textiles,45HC,2,Hong Kong,Vancouver,DAP,2024-02-23,2024-04-05,2024-04-19,42,14,No,Equipment Shortage,3326.1,6652.2,40442.46,274257.13,Delayed
BOL000143,ZIM,Expeditors,Loblaws,Chemicals,40HC,8,Busan,New York,CIF,2023-04-02,2023-04-16,2023-04-16,14,0,Yes,None,3291.95,26335.6,140177.94,270647.47,Delivered
BOL000144,Maersk,Sinotrans,Canadian Tire,Auto Parts,20RF,1,Hamburg,Halifax,DDP,2022-08-20,2022-09-05,2022-09-05,16,0,Yes,None,1690.47,1690.47,6547.69,301032.63,Delivered
BOL000145,HMM,Expeditors,Shoppers Drug Mart,Steel Products,20GP,3,Kaohsiung,Houston,DDP,2024-06-17,2024-07-15,2024-07-15,28,0,Yes,None,2664.41,7993.23,34959.18,409735.27,Delivered
BOL000146,COSCO,Sinotrans,Mountain Equipment,Toys,45HC,5,Ningbo,Miami,FOB,2023-09-11,2023-10-04,2023-10-04,23,0,Yes,None,1818.07,9090.35,89022.58,299916.89,Delivered
BOL000147,CMA CGM,Sinotrans,Reitmans,Toys,40GP,5,Busan,Chicago,FOB,2024-12-10,2025-01-13,2025-01-13,34,0,Yes,None,2192.9,10964.5,111757.85,242024.22,In Transit
BOL000148,Evergreen,CEVA Logistics,Sport Chek,Electronics,40GP,6,Shenzhen,Montreal,EXW,2024-05-03,2024-05-25,2024-05-25,22,0,Yes,None,3192.81,19156.86,157267.2,425095.36,Delivered
BOL000149,Evergreen,Nippon Express,Best Buy Canada,Auto Parts,40RF,9,Singapore,Toronto,DDP,2022-05-30,2022-06-25,2022-06-25,26,0,Yes,None,1602.96,14426.64,88240.04,454446.09,Delivered
BOL000150,COSCO,Nippon Express,Best Buy Canada,Toys,40HC,5,Singapore,Houston,DAP,2023-05-12,2023-06-08,2023-06-15,27,7,No,Documentation Error,2208.45,11042.25,86369.76,186037.18,Delayed
BOL000151,HMM,Expeditors,Loblaw Companies,Food Products,20GP,10,Colombo,Halifax,EXW,2023-10-18,2023-11-14,2023-11-14,27,0,Yes,None,3997.11,39971.1,220488.05,17947.75,Delivered
BOL000152,ZIM,DB Schenker,Mountain Equipment,Furniture,40GP,8,Hamburg,Seattle,DDP,2023-11-07,2023-12-05,2023-12-05,28,0,Yes,None,2837.38,22699.04,213597.48,175406.5,Delivered
BOL000153,Yang Ming,Kuehne+Nagel,IKEA Canada,Furniture,40RF,1,Shanghai,Toronto,DDP,2022-10-14,2022-11-28,2022-12-01,45,3,No,Documentation Error,2738.59,2738.59,24298.58,46421.9,Delivered
BOL000154,Maersk,Sinotrans,Reitmans,Electronics,40HC,1,Hamburg,Seattle,CFR,2022-11-06,2022-11-20,2022-11-20,14,0,Yes,None,3085.99,3085.99,20335.36,312094.49,Delivered
BOL000155,MSC,Expeditors,IKEA Canada,Textiles,20RF,5,Ningbo,Vancouver,CIF,2022-01-25,2022-02-09,2022-02-09,15,0,Yes,None,863.43,4317.15,118513.08,340276.15,Delivered
BOL000156,MSC,Sinotrans,Sport Chek,Electronics,45HC,2,Busan,Chicago,FOB,2024-12-14,2025-01-13,2025-01-13,30,0,Yes,None,2180.29,4360.58,28677.26,286851.07,In Transit
BOL000157,MSC,Expeditors,IKEA Canada,Textiles,40RF,3,Hong Kong,Halifax,FOB,2024-02-12,2024-03-27,2024-03-27,44,0,Yes,None,1105.94,3317.82,73327.76,326004.55,Delivered
BOL000158,HMM,Kuehne+Nagel,Sport Chek,Furniture,20RF,10,Shanghai,New York,DDP,2024-08-31,2024-10-01,2024-10-02,31,1,No,Bad Weather,3235.0,32350.0,91251.54,426709.52,Delivered
BOL000159,ONE,Expeditors,Indigo Books,Electronics,45HC,9,Shenzhen,Montreal,FOB,2023-09-05,2023-09-29,2023-09-29,24,0,Yes,None,2027.4,18246.6,201411.12,78575.79,Delivered
BOL000160,Evergreen,Sinotrans,Sport Chek,Chemicals,20RF,7,Hamburg,Seattle,CFR,2022-06-05,2022-07-10,2022-07-10,35,0,Yes,None,4385.01,30695.07,87546.64,320720.24,Delivered
BOL000161,ONE,CEVA Logistics,Home Depot Canada,Chemicals,40HC,4,Ningbo,Miami,FOB,2023-01-16,2023-02-23,2023-02-23,38,0,Yes,None,3438.5,13754.0,27547.5,85568.27,Delivered
BOL000162,MSC,Kuehne+Nagel,Mountain Equipment,Electronics,20GP,3,Colombo,Miami,FOB,2023-09-24,2023-11-05,2023-11-05,42,0,Yes,None,1123.0,3369.0,44737.59,282922.67,Delivered
BOL000163,COSCO,DB Schenker,Sport Chek,Furniture,45HC,2,Busan,Halifax,DDP,2023-10-27,2023-12-04,2023-12-04,38,0,Yes,None,3481.92,6963.84,35738.68,496437.8,Delivered
BOL000164,Hapag-Lloyd,Expeditors,Sobeys,Auto Parts,40GP,2,Shenzhen,Houston,DDP,2022-10-12,2022-11-12,2022-11-12,31,0,Yes,None,1418.67,2837.34,22694.25,156878.6,Delivered
BOL000165,Yang Ming,Panalpina,Empire Company,Steel Products,45HC,6,Hamburg,Houston,CIF,2024-07-26,2024-08-15,2024-08-15,20,0,Yes,None,3913.97,23483.82,82424.81,432477.17,Delivered
BOL000166,ONE,Panalpina,Sport Chek,Food Products,45HC,6,Kaohsiung,New York,EXW,2023-02-16,2023-04-01,2023-04-01,44,0,Yes,None,1878.36,11270.16,125904.17,250593.58,Delivered
BOL000167,Hapag-Lloyd,DB Schenker,Sobeys,Apparel,40RF,9,Busan,Seattle,DAP,2022-08-22,2022-09-17,2022-09-27,26,10,No,Customs Inspection,899.59,8096.31,195533.17,472057.71,Delayed
BOL000168,Yang Ming,CEVA Logistics,Indigo Books,Textiles,40RF,7,Hamburg,Halifax,CFR,2023-09-13,2023-10-12,2023-10-12,29,0,Yes,None,3719.58,26037.06,46908.39,495443.3,Delivered
BOL000169,Yang Ming,DSV,Best Buy Canada,Apparel,40RF,6,Rotterdam,Houston,FOB,2024-01-07,2024-01-26,2024-01-26,19,0,Yes,None,1415.45,8492.7,114549.55,285977.94,Delivered
BOL000170,Hapag-Lloyd,DB Schenker,Best Buy Canada,Food Products,45HC,10,Hamburg,Vancouver,FOB,2023-03-31,2023-04-28,2023-04-28,28,0,Yes,None,3354.62,33546.2,84671.33,498874.34,Delivered
BOL000171,MSC,CEVA Logistics,Best Buy Canada,Machinery,40GP,9,Hamburg,Houston,FOB,2023-12-15,2024-01-17,2024-01-17,33,0,Yes,None,2586.83,23281.47,143565.64,224701.31,Delivered
BOL000172,Evergreen,DB Schenker,Hudson Bay,Food Products,40RF,4,Rotterdam,Seattle,DDP,2023-12-04,2023-12-24,2023-12-24,20,0,Yes,None,2709.18,10836.72,70775.75,172184.93,Delivered
BOL000173,MSC,DB Schenker,Reitmans,Steel Products,40GP,8,Busan,Chicago,FOB,2024-06-04,2024-07-13,2024-07-13,39,0,Yes,None,2991.15,23929.2,111545.78,355320.45,Delivered
BOL000174,HMM,Nippon Express,Mountain Equipment,Apparel,40HC,8,Kaohsiung,Miami,EXW,2024-01-20,2024-02-23,2024-02-23,34,0,Yes,None,2752.55,22020.4,157595.98,302515.71,Delivered
BOL000175,COSCO,DB Schenker,Aldo Group,Food Products,20GP,3,Hong Kong,Los Angeles,DAP,2022-12-20,2023-01-22,2023-01-22,33,0,Yes,None,1958.79,5876.37,31461.52,67304.96,Delivered
BOL000176,HMM,Nippon Express,Walmart Canada,Electronics,20RF,3,Hong Kong,Seattle,EXW,2024-02-25,2024-04-06,2024-04-06,41,0,Yes,None,2853.18,8559.54,48785.3,78745.3,Delivered
BOL000177,CMA CGM,Expeditors,Walmart Canada,Apparel,20RF,9,Hamburg,Seattle,CFR,2022-10-07,2022-11-02,2022-11-02,26,0,Yes,None,3216.36,28947.24,129690.81,250945.68,Delivered
BOL000178,COSCO,DSV,Best Buy Canada,Apparel,40HC,3,Hamburg,Montreal,CFR,2023-08-22,2023-09-07,2023-09-07,16,0,Yes,None,3688.74,11066.22,54029.88,388548.34,Delivered
BOL000179,Maersk,Kuehne+Nagel,Mountain Equipment,Toys,20RF,4,Busan,Chicago,EXW,2024-01-22,2024-02-07,2024-02-07,16,0,Yes,None,4462.17,17848.68,29422.31,416734.65,Delivered
BOL000180,HMM,CEVA Logistics,Costco Canada,Furniture,40GP,10,Rotterdam,Los Angeles,CIF,2024-06-18,2024-07-09,2024-07-09,21,0,Yes,None,3349.79,33497.9,248041.2,309028.28,Delivered
BOL000181,Yang Ming,DB Schenker,Loblaw Companies,Electronics,40HC,5,Shenzhen,Los Angeles,EXW,2023-12-20,2024-01-20,2024-01-20,31,0,Yes,None,1870.53,9352.65,55744.45,430428.25,Delivered
BOL000182,ZIM,Sinotrans,Home Depot Canada,Apparel,40GP,7,Rotterdam,Miami,DDP,2023-05-27,2023-06-19,2023-06-19,23,0,Yes,None,2611.0,18277.0,127965.51,141671.4,Delivered
BOL000183,ONE,Expeditors,Sport Chek,Apparel,45HC,8,Shenzhen,Seattle,CFR,2024-11-21,2024-12-22,2025-01-03,31,12,No,Bad Weather,2010.97,16087.76,40455.05,389326.29,Delayed
BOL000184,Maersk,CEVA Logistics,Giant Tiger,Apparel,40HC,6,Hong Kong,Toronto,DDP,2024-05-29,2024-06-25,2024-06-25,27,0,Yes,None,2825.05,16950.3,48022.01,427687.06,Delivered
BOL000185,Hapag-Lloyd,DSV,Mountain Equipment,Apparel,45HC,4,Singapore,Los Angeles,DDP,2022-09-12,2022-10-06,2022-10-06,24,0,Yes,None,4484.07,17936.28,103665.46,442252.4,Delivered
BOL000186,MSC,Kuehne+Nagel,Sobeys,Electronics,20GP,7,Rotterdam,Vancouver,CIF,2022-06-18,2022-07-25,2022-08-05,37,11,No,Customs Inspection,3114.74,21803.18,151884.13,380063.76,Delayed
BOL000187,ZIM,Kuehne+Nagel,Sport Chek,Apparel,20GP,1,Rotterdam,Los Angeles,CIF,2022-09-29,2022-10-27,2022-10-27,28,0,Yes,None,3373.71,3373.71,23793.51,494195.91,Delivered
BOL000188,COSCO,DB Schenker,Aldo Group,Steel Products,40HC,3,Ningbo,Vancouver,FOB,2022-07-29,2022-08-18,2022-08-18,20,0,Yes,None,2216.07,6648.21,71122.39,438503.67,Delivered
BOL000189,MSC,Sinotrans,Groupe Touchette,Furniture,40RF,3,Busan,Vancouver,FOB,2024-06-20,2024-07-26,2024-07-26,36,0,Yes,None,4203.61,12610.83,57509.24,226768.1,Delivered
BOL000190,Maersk,Expeditors,Metro Inc,Machinery,40GP,5,Kaohsiung,Chicago,CIF,2023-12-21,2024-01-31,2024-01-31,41,0,Yes,None,3185.1,15925.5,53539.21,304489.54,Delivered
BOL000191,Maersk,Sinotrans,Loblaw Companies,Chemicals,40GP,8,Shenzhen,Montreal,EXW,2024-03-13,2024-04-14,2024-04-14,32,0,Yes,None,2227.78,17822.24,84359.04,322660.34,Delivered
BOL000192,Yang Ming,Sinotrans,Metro Inc,Textiles,45HC,2,Shanghai,Toronto,EXW,2024-05-11,2024-06-17,2024-06-17,37,0,Yes,None,861.75,1723.5,13106.5,138470.79,Delivered
BOL000193,COSCO,Kuehne+Nagel,Groupe Touchette,Chemicals,20RF,10,Busan,Los Angeles,DAP,2024-05-17,2024-06-25,2024-06-25,39,0,Yes,None,1364.92,13649.2,69227.33,48720.57,Delivered
BOL000194,Hapag-Lloyd,DB Schenker,Walmart Canada,Furniture,20GP,4,Kaohsiung,Toronto,FOB,2023-09-28,2023-11-08,2023-11-20,41,12,No,Customs Inspection,1118.99,4475.96,59972.49,232152.2,Delayed
BOL000195,Maersk,Kuehne+Nagel,Loblaws,Chemicals,20RF,5,Singapore,Vancouver,DAP,2022-01-24,2022-02-17,2022-02-25,24,8,No,Documentation Error,1417.76,7088.8,39597.02,392750.75,Delayed
BOL000196,HMM,CEVA Logistics,Metro Inc,Apparel,40HC,1,Singapore,Vancouver,CIF,2023-06-23,2023-07-11,2023-07-11,18,0,Yes,None,2648.56,2648.56,18038.38,190167.01,Delivered
BOL000197,Yang Ming,Sinotrans,IKEA Canada,Auto Parts,40HC,7,Shanghai,Montreal,EXW,2022-04-01,2022-04-15,2022-04-15,14,0,Yes,None,4204.84,29433.88,63812.71,480567.65,Delivered
BOL000198,Yang Ming,DSV,Empire Company,Apparel,40HC,2,Colombo,Toronto,DAP,2023-10-18,2023-11-18,2023-11-18,31,0,Yes,None,2657.55,5315.1,51489.29,97878.73,Delivered
BOL000199,ONE,Expeditors,Costco Canada,Steel Products,40HC,4,Busan,Seattle,DAP,2023-11-02,2023-11-21,2023-11-21,19,0,Yes,None,1878.9,7515.6,92174.66,372392.23,Delivered
BOL000200,Yang Ming,Expeditors,Costco Canada,Machinery,40GP,9,Hong Kong,Toronto,FOB,2022-11-05,2022-11-19,2022-11-19,14,0,Yes,None,2081.77,18735.93,218791.82,439827.32,Delivered
BOL000201,ONE,Kuehne+Nagel,Home Depot Canada,Toys,40RF,5,Colombo,Miami,DDP,2024-05-09,2024-06-23,2024-06-24,45,1,No,Customs Inspection,1144.2,5721.0,130946.56,449670.86,Delivered
BOL000202,Hapag-Lloyd,Panalpina,Shoppers Drug Mart,Chemicals,20GP,10,Busan,Chicago,DAP,2024-11-01,2024-11-23,2024-11-23,22,0,Yes,None,2900.94,29009.4,150046.06,482466.95,Delivered
BOL000203,ZIM,Panalpina,Best Buy Canada,Chemicals,40GP,3,Ningbo,Seattle,DAP,2024-07-16,2024-08-16,2024-08-16,31,0,Yes,None,3685.77,11057.31,55344.85,86151.17,Delivered
BOL000204,Evergreen,Expeditors,Home Depot Canada,Chemicals,20GP,2,Kaohsiung,Toronto,CIF,2023-03-02,2023-04-13,2023-04-13,42,0,Yes,None,1383.18,2766.36,41558.52,414929.48,Delivered
BOL000205,COSCO,Kuehne+Nagel,Giant Tiger,Auto Parts,40HC,5,Hamburg,Montreal,FOB,2023-12-30,2024-02-07,2024-02-07,39,0,Yes,None,3834.33,19171.65,44994.79,476527.34,Delivered
BOL000206,HMM,Kuehne+Nagel,Walmart Canada,Machinery,40GP,3,Shenzhen,Halifax,FOB,2022-10-14,2022-11-04,2022-11-04,21,0,Yes,None,1533.09,4599.27,42640.14,346279.78,Delivered
BOL000207,Yang Ming,Sinotrans,Sport Chek,Toys,40HC,2,Kaohsiung,Miami,FOB,2023-02-09,2023-03-23,2023-03-23,42,0,Yes,None,957.98,1915.96,31205.77,92314.71,Delivered
BOL000208,ZIM,CEVA Logistics,Sobeys,Food Products,40HC,8,Busan,Chicago,CFR,2022-12-20,2023-01-25,2023-01-29,36,4,No,Bad Weather,4068.67,32549.36,46375.5,313396.51,Delivered
BOL000209,ONE,Panalpina,Sobeys,Toys,40GP,9,Shanghai,Miami,CFR,2022-06-29,2022-07-30,2022-07-30,31,0,Yes,None,1721.85,15496.65,250776.07,276391.77,Delivered
BOL000210,ZIM,Expeditors,Groupe Touchette,Textiles,20GP,6,Singapore,Toronto,EXW,2024-10-25,2024-11-28,2024-11-28,34,0,Yes,None,3009.33,18055.98,34043.88,407237.79,Delivered
BOL000211,Yang Ming,Expeditors,Hudson Bay,Chemicals,40HC,9,Busan,Halifax,CIF,2022-11-23,2022-12-13,2022-12-13,20,0,Yes,None,3820.26,34382.34,234872.71,37395.24,Delivered
BOL000212,COSCO,CEVA Logistics,Sobeys,Machinery,40RF,6,Busan,Seattle,CIF,2023-10-14,2023-11-19,2023-11-19,36,0,Yes,None,4305.97,25835.82,107777.7,285923.36,Delivered
BOL000213,CMA CGM,DB Schenker,Walmart Canada,Chemicals,20GP,9,Ningbo,Houston,FOB,2022-07-04,2022-07-21,2022-07-21,17,0,Yes,None,2568.56,23117.04,113668.94,310926.04,Delivered
BOL000214,Hapag-Lloyd,Sinotrans,Hudson Bay,Chemicals,40HC,2,Shenzhen,Houston,CIF,2022-10-18,2022-11-08,2022-11-08,21,0,Yes,None,2182.29,4364.58,53328.47,203841.83,Delivered
BOL000215,Hapag-Lloyd,CEVA Logistics,Hudson Bay,Machinery,20RF,10,Ningbo,Miami,CIF,2024-09-24,2024-10-28,2024-10-28,34,0,Yes,None,3711.87,37118.7,101344.56,298585.58,Delivered
BOL000216,Evergreen,Kuehne+Nagel,Hudson Bay,Chemicals,20RF,4,Hong Kong,Vancouver,EXW,2024-03-12,2024-03-28,2024-03-28,16,0,Yes,None,3166.69,12666.76,29578.14,253130.68,Delivered
BOL000217,ZIM,Nippon Express,Indigo Books,Food Products,40GP,2,Shanghai,Miami,CIF,2023-11-19,2023-12-31,2023-12-31,42,0,Yes,None,2096.78,4193.56,46202.92,363002.66,Delivered
BOL000218,Hapag-Lloyd,Kuehne+Nagel,Loblaws,Electronics,45HC,10,Shenzhen,Toronto,EXW,2024-02-15,2024-03-22,2024-03-22,36,0,Yes,None,3208.59,32085.9,208046.89,89701.69,Delivered
BOL000219,ZIM,Sinotrans,Hudson Bay,Electronics,40GP,2,Kaohsiung,Halifax,DAP,2022-06-01,2022-07-06,2022-07-06,35,0,Yes,None,2824.07,5648.14,51313.71,55621.3,Delivered
BOL000220,Hapag-Lloyd,Sinotrans,Canadian Tire,Auto Parts,40GP,7,Singapore,Chicago,FOB,2022-11-18,2022-12-05,2022-12-05,17,0,Yes,None,3379.63,23657.41,151248.13,367687.26,Delivered
BOL000221,Maersk,Kuehne+Nagel,Empire Company,Auto Parts,45HC,2,Busan,Vancouver,CIF,2024-10-02,2024-10-25,2024-10-25,23,0,Yes,None,1889.83,3779.66,40452.93,304105.61,Delivered
BOL000222,ONE,Nippon Express,Hudson Bay,Food Products,45HC,8,Rotterdam,Los Angeles,EXW,2024-08-27,2024-09-17,2024-09-17,21,0,Yes,None,4111.05,32888.4,88760.81,324514.53,Delivered
BOL000223,ONE,Expeditors,Groupe Touchette,Textiles,40GP,5,Shenzhen,Vancouver,DAP,2022-04-02,2022-05-02,2022-05-02,30,0,Yes,None,2887.71,14438.55,42380.03,351270.77,Delivered
BOL000224,COSCO,DB Schenker,Groupe Touchette,Steel Products,20RF,8,Rotterdam,Toronto,CFR,2022-05-05,2022-06-12,2022-06-12,38,0,Yes,None,2919.04,23352.32,83358.13,156437.53,Delivered
BOL000225,CMA CGM,Kuehne+Nagel,Shoppers Drug Mart,Steel Products,40GP,4,Rotterdam,New York,EXW,2022-09-04,2022-10-16,2022-10-19,42,3,No,Customs Inspection,1266.89,5067.56,58950.49,494257.17,Delivered
BOL000226,COSCO,DB Schenker,Indigo Books,Food Products,40HC,5,Kaohsiung,Halifax,FOB,2022-06-28,2022-08-05,2022-08-05,38,0,Yes,None,2722.85,13614.25,130473.62,16058.26,Delivered
BOL000227,ZIM,CEVA Logistics,Sobeys,Steel Products,20GP,5,Singapore,Miami,CFR,2022-10-31,2022-11-20,2022-11-20,20,0,Yes,None,4009.66,20048.3,126215.62,440167.85,Delivered
BOL000228,ZIM,Panalpina,Walmart Canada,Machinery,20RF,7,Busan,Toronto,EXW,2022-12-19,2023-01-19,2023-01-19,31,0,Yes,None,943.5,6604.5,178221.45,172432.1,Delivered
BOL000229,Hapag-Lloyd,Expeditors,Home Depot Canada,Food Products,40RF,2,Hamburg,Houston,CFR,2023-09-13,2023-10-16,2023-10-16,33,0,Yes,None,4398.24,8796.48,20486.04,157235.42,Delivered
BOL000230,MSC,Sinotrans,Metro Inc,Machinery,40RF,8,Colombo,Los Angeles,DDP,2024-06-23,2024-07-20,2024-07-20,27,0,Yes,None,3610.13,28881.04,199562.77,412298.52,Delivered
BOL000231,ONE,Kuehne+Nagel,Sport Chek,Toys,40GP,1,Busan,Chicago,CFR,2022-10-05,2022-10-20,2022-10-20,15,0,Yes,None,1723.11,1723.11,15498.32,459835.22,Delivered
BOL000232,Hapag-Lloyd,Sinotrans,Walmart Canada,Apparel,45HC,3,Hong Kong,Los Angeles,EXW,2022-03-04,2022-04-02,2022-04-02,29,0,Yes,None,4353.93,13061.79,47746.18,280153.52,Delivered
BOL000233,Maersk,DB Schenker,Loblaw Companies,Electronics,40GP,4,Rotterdam,Montreal,DAP,2022-04-12,2022-05-06,2022-05-06,24,0,Yes,None,3195.31,12781.24,82347.96,141850.95,Delivered
BOL000234,ZIM,Sinotrans,Metro Inc,Machinery,40HC,5,Singapore,New York,DDP,2022-01-18,2022-02-15,2022-02-15,28,0,Yes,None,2368.09,11840.45,68294.68,180867.51,Delivered
BOL000235,Hapag-Lloyd,DSV,Loblaws,Chemicals,20RF,10,Shenzhen,Houston,EXW,2022-07-29,2022-08-12,2022-08-21,14,9,No,Bad Weather,3053.49,30534.9,118649.46,62971.22,Delayed
BOL000236,Hapag-Lloyd,Sinotrans,Sport Chek,Machinery,20GP,10,Shanghai,Seattle,DAP,2023-01-21,2023-02-13,2023-02-13,23,0,Yes,None,2295.16,22951.6,123504.72,78565.46,Delivered
BOL000237,Hapag-Lloyd,DB Schenker,Reitmans,Furniture,40GP,9,Hong Kong,Montreal,DDP,2022-03-14,2022-04-09,2022-04-09,26,0,Yes,None,3161.76,28455.84,143477.19,470927.3,Delivered
BOL000238,Evergreen,Sinotrans,Empire Company,Chemicals,40HC,9,Hong Kong,Vancouver,CIF,2023-08-25,2023-09-14,2023-09-14,20,0,Yes,None,3622.8,32605.2,82895.15,343059.06,Delivered
BOL000239,ZIM,Sinotrans,Best Buy Canada,Auto Parts,45HC,2,Kaohsiung,Vancouver,CFR,2023-11-10,2023-12-17,2023-12-17,37,0,Yes,None,2540.99,5081.98,49854.1,295951.56,Delivered
BOL000240,ONE,Panalpina,Sobeys,Furniture,40GP,3,Hamburg,Los Angeles,FOB,2024-12-21,2025-01-23,2025-01-23,33,0,Yes,None,4471.69,13415.07,38644.22,493723.88,In Transit
BOL000241,MSC,Sinotrans,Indigo Books,Furniture,45HC,5,Ningbo,Seattle,CFR,2022-12-29,2023-02-01,2023-02-01,34,0,Yes,None,1574.71,7873.55,113957.36,292376.67,Delivered
BOL000242,Evergreen,Expeditors,Walmart Canada,Electronics,20GP,9,Hong Kong,Montreal,DDP,2024-04-06,2024-05-17,2024-05-17,41,0,Yes,None,1537.83,13840.47,122231.99,16897.79,Delivered
BOL000243,ZIM,Panalpina,Metro Inc,Textiles,45HC,9,Singapore,Chicago,CFR,2023-04-09,2023-05-15,2023-05-15,36,0,Yes,None,2978.08,26802.72,79573.18,413683.48,Delivered
BOL000244,Evergreen,DB Schenker,Walmart Canada,Furniture,40HC,4,Shanghai,New York,CIF,2024-06-07,2024-06-29,2024-07-05,22,6,No,Equipment Shortage,1410.07,5640.28,103434.27,407884.08,Delayed
BOL000245,Maersk,CEVA Logistics,Walmart Canada,Apparel,20GP,7,Shanghai,Halifax,DDP,2022-09-10,2022-10-17,2022-10-17,37,0,Yes,None,4043.21,28302.47,76182.06,272019.38,Delivered
BOL000246,Yang Ming,DSV,Metro Inc,Apparel,20RF,5,Shanghai,Chicago,DDP,2022-08-26,2022-10-05,2022-10-05,40,0,Yes,None,2555.27,12776.35,42609.62,350644.09,Delivered
BOL000247,Evergreen,Panalpina,Costco Canada,Machinery,20RF,10,Busan,Halifax,CFR,2022-10-08,2022-11-17,2022-11-17,40,0,Yes,None,1235.62,12356.2,76222.89,62069.22,Delivered
BOL000248,MSC,DB Schenker,Sobeys,Steel Products,45HC,4,Shanghai,Vancouver,DDP,2024-04-19,2024-05-21,2024-05-21,32,0,Yes,None,3346.35,13385.4,64221.08,124907.58,Delivered
BOL000249,CMA CGM,Panalpina,Mountain Equipment,Electronics,40HC,4,Shanghai,Vancouver,EXW,2022-07-04,2022-07-22,2022-07-22,18,0,Yes,None,2489.98,9959.92,109910.77,139421.26,Delivered
BOL000250,HMM,Panalpina,Home Depot Canada,Machinery,20GP,1,Hong Kong,Seattle,DDP,2024-05-22,2024-06-12,2024-06-12,21,0,Yes,None,3952.4,3952.4,20257.17,93551.02,Delivered
BOL000251,MSC,DB Schenker,Canadian Tire,Furniture,45HC,5,Rotterdam,Los Angeles,DDP,2023-12-03,2023-12-28,2023-12-28,25,0,Yes,None,3892.12,19460.6,104338.78,244340.06,Delivered
BOL000252,ZIM,Nippon Express,Indigo Books,Toys,20RF,8,Shanghai,Los Angeles,FOB,2022-08-01,2022-09-10,2022-09-10,40,0,Yes,None,1470.66,11765.28,109874.14,185713.47,Delivered
BOL000253,COSCO,Expeditors,Indigo Books,Steel Products,20GP,9,Hong Kong,Montreal,FOB,2022-04-05,2022-04-23,2022-04-23,18,0,Yes,None,3639.86,32758.74,164366.34,286855.99,Delivered
BOL000254,CMA CGM,DB Schenker,Sobeys,Textiles,45HC,3,Shanghai,Toronto,DAP,2024-09-13,2024-10-19,2024-10-19,36,0,Yes,None,3904.42,11713.26,53525.75,494017.9,Delivered
BOL000255,ZIM,Kuehne+Nagel,Giant Tiger,Toys,40HC,1,Busan,Vancouver,CFR,2022-06-03,2022-07-18,2022-07-18,45,0,Yes,None,2675.64,2675.64,17661.4,195532.42,Delivered
BOL000256,HMM,Expeditors,Empire Company,Steel Products,45HC,1,Shanghai,Vancouver,DDP,2024-10-17,2024-11-28,2024-11-28,42,0,Yes,None,1179.78,1179.78,14483.79,282994.2,Delivered
BOL000257,MSC,CEVA Logistics,IKEA Canada,Apparel,40GP,8,Hong Kong,Seattle,DDP,2024-07-23,2024-08-27,2024-08-27,35,0,Yes,None,2028.3,16226.4,181204.62,303976.06,Delivered
BOL000258,CMA CGM,Expeditors,Loblaws,Food Products,40HC,9,Ningbo,Seattle,FOB,2023-12-01,2024-01-06,2024-01-06,36,0,Yes,None,2731.34,24582.06,190333.88,32431.27,Delivered
BOL000259,HMM,DB Schenker,Giant Tiger,Apparel,40GP,8,Rotterdam,Toronto,DAP,2023-01-20,2023-02-10,2023-02-10,21,0,Yes,None,3850.85,30806.8,75066.49,175587.44,Delivered
BOL000260,CMA CGM,Panalpina,Sport Chek,Furniture,20RF,7,Ningbo,Halifax,FOB,2024-10-18,2024-11-01,2024-11-01,14,0,Yes,None,3903.62,27325.34,112752.05,259083.12,Delivered
BOL000261,Yang Ming,DSV,Metro Inc,Steel Products,40HC,7,Ningbo,Los Angeles,DDP,2024-10-29,2024-12-06,2024-12-13,38,7,No,Customs Inspection,4365.3,30557.1,191249.16,231894.4,Delayed
BOL000262,COSCO,Panalpina,Best Buy Canada,Chemicals,40RF,5,Ningbo,Montreal,DDP,2023-10-05,2023-11-01,2023-11-01,27,0,Yes,None,3340.46,16702.3,130937.05,75009.15,Delivered
BOL000263,Yang Ming,Expeditors,Canadian Tire,Furniture,20RF,5,Shenzhen,Toronto,FOB,2024-09-10,2024-10-20,2024-10-20,40,0,Yes,None,4046.67,20233.35,73574.43,16257.55,Delivered
BOL000264,ZIM,Expeditors,Reitmans,Apparel,40GP,1,Shanghai,Houston,CFR,2023-07-01,2023-07-25,2023-07-25,24,0,Yes,None,3355.2,3355.2,11788.23,379261.03,Delivered
BOL000265,COSCO,Expeditors,Loblaws,Electronics,40RF,5,Rotterdam,Houston,FOB,2024-03-07,2024-04-05,2024-04-05,29,0,Yes,None,3363.86,16819.3,30402.69,196975.49,Delivered
BOL000266,ZIM,DB Schenker,Home Depot Canada,Furniture,40RF,6,Busan,Chicago,DDP,2024-06-26,2024-07-24,2024-07-24,28,0,Yes,None,3593.9,21563.4,105432.89,305659.62,Delivered
BOL000267,ZIM,Panalpina,Loblaw Companies,Furniture,40HC,9,Shanghai,Houston,FOB,2022-12-22,2023-01-12,2023-01-12,21,0,Yes,None,1777.69,15999.21,78312.27,424546.96,Delivered
BOL000268,MSC,Sinotrans,Indigo Books,Textiles,20RF,6,Ningbo,Montreal,CIF,2022-04-15,2022-05-18,2022-05-18,33,0,Yes,None,1069.66,6417.96,127660.06,267443.58,Delivered
BOL000269,ZIM,Kuehne+Nagel,Walmart Canada,Textiles,40RF,6,Kaohsiung,Montreal,DDP,2022-07-08,2022-08-13,2022-08-13,36,0,Yes,None,2024.95,12149.7,70513.26,475651.06,Delivered
BOL000270,Hapag-Lloyd,CEVA Logistics,Empire Company,Textiles,20RF,4,Shenzhen,Miami,DDP,2023-12-10,2024-01-21,2024-01-25,42,4,No,Documentation Error,4347.92,17391.68,82794.73,167259.14,Delivered
BOL000271,MSC,CEVA Logistics,Reitmans,Furniture,45HC,8,Colombo,Vancouver,CFR,2024-11-24,2024-12-31,2024-12-31,37,0,Yes,None,962.25,7698.0,205283.82,104331.07,Delivered
BOL000272,CMA CGM,CEVA Logistics,Shoppers Drug Mart,Electronics,40GP,7,Rotterdam,Vancouver,DAP,2022-05-15,2022-06-11,2022-06-11,27,0,Yes,None,3891.96,27243.72,68098.31,416086.85,Delivered
BOL000273,ZIM,CEVA Logistics,Shoppers Drug Mart,Food Products,40HC,9,Rotterdam,Miami,DAP,2022-06-29,2022-07-17,2022-07-17,18,0,Yes,None,1060.64,9545.76,215075.2,456383.42,Delivered
BOL000274,COSCO,Kuehne+Nagel,Empire Company,Apparel,40RF,10,Shenzhen,Houston,EXW,2024-03-08,2024-03-29,2024-03-29,21,0,Yes,None,1033.98,10339.8,221568.74,32303.26,Delivered
BOL000275,Hapag-Lloyd,CEVA Logistics,Mountain Equipment,Furniture,40RF,1,Rotterdam,Montreal,EXW,2023-07-31,2023-09-11,2023-09-11,42,0,Yes,None,2553.75,2553.75,17269.76,76826.92,Delivered
BOL000276,Yang Ming,DB Schenker,Hudson Bay,Textiles,20RF,7,Hong Kong,New York,CIF,2022-10-17,2022-11-07,2022-11-07,21,0,Yes,None,2787.46,19512.22,187463.68,159298.66,Delivered
BOL000277,COSCO,DSV,Home Depot Canada,Apparel,40RF,10,Colombo,Seattle,EXW,2023-03-29,2023-04-28,2023-04-28,30,0,Yes,None,3953.33,39533.3,245819.18,466861.23,Delivered
BOL000278,Evergreen,Panalpina,Giant Tiger,Chemicals,40HC,6,Kaohsiung,Vancouver,DAP,2022-07-21,2022-08-16,2022-08-16,26,0,Yes,None,1274.4,7646.4,120455.27,59022.08,Delivered
BOL000279,ONE,Nippon Express,Shoppers Drug Mart,Furniture,40HC,7,Rotterdam,Chicago,DDP,2023-09-19,2023-10-12,2023-10-12,23,0,Yes,None,1423.97,9967.79,85427.58,394973.45,Delivered
BOL000280,COSCO,Kuehne+Nagel,Home Depot Canada,Auto Parts,45HC,9,Singapore,Los Angeles,EXW,2024-08-05,2024-09-16,2024-09-16,42,0,Yes,None,1202.68,10824.12,178629.18,50167.11,Delivered
BOL000281,CMA CGM,DSV,IKEA Canada,Chemicals,45HC,10,Colombo,Seattle,DAP,2022-02-08,2022-02-23,2022-02-23,15,0,Yes,None,1587.21,15872.1,58430.95,137702.0,Delivered
BOL000282,COSCO,DB Schenker,Hudson Bay,Furniture,45HC,6,Kaohsiung,Los Angeles,DAP,2022-10-02,2022-11-14,2022-11-14,43,0,Yes,None,2658.02,15948.12,121449.63,425511.1,Delivered
BOL000283,ONE,CEVA Logistics,Giant Tiger,Food Products,45HC,4,Busan,Montreal,DAP,2022-10-27,2022-12-10,2022-12-10,44,0,Yes,None,1032.59,4130.36,53988.04,30976.14,Delivered
BOL000284,Yang Ming,DSV,Home Depot Canada,Chemicals,20RF,5,Ningbo,Miami,CFR,2022-03-23,2022-04-26,2022-04-26,34,0,Yes,None,3889.03,19445.15,55281.35,276731.53,Delivered
BOL000285,CMA CGM,DSV,Metro Inc,Auto Parts,40HC,8,Ningbo,Seattle,FOB,2024-02-10,2024-03-09,2024-03-09,28,0,Yes,None,3732.83,29862.64,203239.64,13232.87,Delivered
BOL000286,ZIM,DB Schenker,Groupe Touchette,Toys,20RF,2,Shenzhen,Seattle,CIF,2023-03-10,2023-04-02,2023-04-02,23,0,Yes,None,3246.11,6492.22,29072.23,171810.13,Delivered
BOL000287,Maersk,Sinotrans,Hudson Bay,Furniture,20RF,10,Kaohsiung,Los Angeles,EXW,2024-04-21,2024-05-06,2024-05-06,15,0,Yes,None,1396.18,13961.8,194794.3,29203.52,Delivered
BOL000288,HMM,DSV,Metro Inc,Furniture,20RF,8,Kaohsiung,Los Angeles,CFR,2022-02-08,2022-03-12,2022-03-12,32,0,Yes,None,4009.02,32072.16,71384.29,416878.15,Delivered
BOL000289,COSCO,Kuehne+Nagel,Aldo Group,Food Products,20RF,2,Busan,Montreal,CIF,2022-12-10,2023-01-14,2023-01-14,35,0,Yes,None,1650.31,3300.62,27731.25,63199.36,Delivered
BOL000290,COSCO,Sinotrans,Indigo Books,Electronics,20GP,9,Ningbo,Halifax,DDP,2022-12-30,2023-02-12,2023-02-12,44,0,Yes,None,2662.32,23960.88,69325.9,246298.06,Delivered
BOL000291,Yang Ming,Expeditors,Sobeys,Furniture,40GP,8,Kaohsiung,Vancouver,EXW,2024-01-29,2024-02-14,2024-02-14,16,0,Yes,None,3721.36,29770.88,110147.52,298633.56,Delivered
BOL000292,MSC,Expeditors,Sport Chek,Textiles,45HC,5,Kaohsiung,Montreal,FOB,2022-06-21,2022-07-23,2022-07-23,32,0,Yes,None,1499.38,7496.9,106552.12,396817.02,Delivered
BOL000293,Hapag-Lloyd,Nippon Express,Indigo Books,Food Products,45HC,10,Hong Kong,Halifax,CIF,2023-10-09,2023-11-18,2023-11-18,40,0,Yes,None,1738.44,17384.4,246644.69,217545.16,Delivered
BOL000294,Evergreen,Kuehne+Nagel,Hudson Bay,Toys,40HC,5,Ningbo,Vancouver,DDP,2023-01-02,2023-02-08,2023-02-08,37,0,Yes,None,2937.31,14686.55,114032.37,205083.58,Delivered
BOL000295,CMA CGM,Kuehne+Nagel,Indigo Books,Toys,20RF,10,Shanghai,Vancouver,CFR,2023-03-16,2023-04-24,2023-04-24,39,0,Yes,None,3379.11,33791.1,212561.68,88761.62,Delivered
BOL000296,HMM,Nippon Express,Sobeys,Electronics,20RF,1,Colombo,Chicago,CIF,2022-05-12,2022-06-11,2022-06-11,30,0,Yes,None,3480.63,3480.63,26405.75,206315.98,Delivered
BOL000297,CMA CGM,CEVA Logistics,IKEA Canada,Electronics,20RF,5,Busan,Halifax,EXW,2022-01-22,2022-02-17,2022-02-17,26,0,Yes,None,1520.56,7602.8,115155.34,260168.45,Delivered
BOL000298,COSCO,Panalpina,Reitmans,Machinery,40HC,7,Shenzhen,Vancouver,DDP,2022-11-19,2022-12-08,2022-12-08,19,0,Yes,None,2300.17,16101.19,67249.97,17529.6,Delivered
BOL000299,MSC,DSV,Metro Inc,Textiles,40GP,8,Rotterdam,Montreal,FOB,2023-12-13,2024-01-13,2024-01-13,31,0,Yes,None,4239.94,33919.52,145782.84,137942.68,Delivered
BOL000300,ZIM,Nippon Express,Giant Tiger,Auto Parts,40HC,9,Rotterdam,Halifax,EXW,2023-11-28,2023-12-19,2023-12-19,21,0,Yes,None,3808.65,34277.85,164003.03,350154.01,Delivered
BOL000301,COSCO,Expeditors,Loblaws,Electronics,45HC,4,Hong Kong,Montreal,DDP,2022-02-26,2022-04-11,2022-04-11,44,0,Yes,None,3304.58,13218.32,41153.57,164708.04,Delivered
BOL000302,Hapag-Lloyd,Nippon Express,Costco Canada,Furniture,40HC,2,Busan,Halifax,DDP,2023-08-12,2023-08-31,2023-08-31,19,0,Yes,None,2851.84,5703.68,18210.34,163797.66,Delivered
BOL000303,MSC,CEVA Logistics,Sobeys,Apparel,40HC,4,Hong Kong,Los Angeles,FOB,2023-02-13,2023-03-14,2023-03-14,29,0,Yes,None,1648.07,6592.28,96814.52,419804.01,Delivered
BOL000304,Yang Ming,CEVA Logistics,Loblaw Companies,Auto Parts,45HC,10,Colombo,Chicago,CFR,2022-03-28,2022-05-11,2022-05-11,44,0,Yes,None,4014.44,40144.4,162885.23,492353.39,Delivered
BOL000305,ZIM,CEVA Logistics,Walmart Canada,Chemicals,20RF,6,Shenzhen,Montreal,DDP,2024-12-12,2025-01-22,2025-01-30,41,8,No,Port Congestion,2256.75,13540.5,124714.73,95652.18,Delayed
BOL000306,HMM,Nippon Express,Hudson Bay,Chemicals,40HC,10,Singapore,Seattle,EXW,2023-03-08,2023-04-15,2023-04-15,38,0,Yes,None,3988.82,39888.2,93045.06,138796.03,Delivered
BOL000307,Evergreen,Expeditors,Loblaws,Apparel,40HC,6,Ningbo,Halifax,DDP,2024-05-18,2024-06-14,2024-06-14,27,0,Yes,None,3961.01,23766.06,68588.88,98145.72,Delivered
BOL000308,COSCO,DSV,Empire Company,Chemicals,40RF,3,Ningbo,Montreal,DAP,2024-06-04,2024-07-12,2024-07-12,38,0,Yes,None,2550.05,7650.15,15672.22,216545.13,Delivered
BOL000309,Hapag-Lloyd,DSV,Reitmans,Chemicals,20GP,4,Hamburg,Houston,EXW,2022-04-08,2022-05-17,2022-05-17,39,0,Yes,None,3811.13,15244.52,63841.63,318632.48,Delivered
BOL000310,ONE,Nippon Express,Metro Inc,Chemicals,40RF,10,Ningbo,Chicago,DDP,2023-12-06,2023-12-21,2023-12-21,15,0,Yes,None,1536.15,15361.5,182455.73,328074.17,Delivered
BOL000311,HMM,DB Schenker,Home Depot Canada,Food Products,45HC,3,Rotterdam,Halifax,FOB,2024-07-04,2024-07-23,2024-07-23,19,0,Yes,None,4012.55,12037.65,59200.07,464997.67,Delivered
BOL000312,COSCO,DB Schenker,Hudson Bay,Toys,40HC,5,Hong Kong,Halifax,DAP,2023-12-05,2024-01-02,2024-01-02,28,0,Yes,None,3039.92,15199.6,70477.36,444968.99,Delivered
BOL000313,Maersk,Kuehne+Nagel,Metro Inc,Electronics,40HC,2,Hamburg,Montreal,DAP,2022-02-17,2022-03-11,2022-03-11,22,0,Yes,None,1579.11,3158.22,28264.1,56821.32,Delivered
BOL000314,COSCO,Panalpina,Canadian Tire,Furniture,40RF,7,Ningbo,Los Angeles,FOB,2022-08-01,2022-08-31,2022-08-31,30,0,Yes,None,1944.67,13612.69,74830.84,149245.89,Delivered
BOL000315,HMM,Sinotrans,Groupe Touchette,Toys,40HC,9,Ningbo,Halifax,DDP,2023-10-29,2023-12-12,2023-12-20,44,8,No,Documentation Error,2445.93,22013.37,245695.25,351835.21,Delayed
BOL000316,Hapag-Lloyd,DB Schenker,Metro Inc,Electronics,20RF,4,Singapore,Los Angeles,FOB,2024-12-08,2025-01-10,2025-01-10,33,0,Yes,None,3777.42,15109.68,60651.15,189233.83,In Transit
BOL000317,HMM,Panalpina,Reitmans,Auto Parts,40RF,8,Rotterdam,Chicago,FOB,2023-12-06,2024-01-07,2024-01-07,32,0,Yes,None,4303.74,34429.92,127780.34,14474.97,Delivered
BOL000318,Hapag-Lloyd,DSV,IKEA Canada,Apparel,45HC,4,Rotterdam,New York,DAP,2023-01-22,2023-03-03,2023-03-03,40,0,Yes,None,1404.1,5616.4,87814.84,200964.4,Delivered
BOL000319,HMM,CEVA Logistics,Shoppers Drug Mart,Toys,20GP,3,Hamburg,Chicago,CIF,2023-08-07,2023-09-07,2023-09-07,31,0,Yes,None,1305.51,3916.53,22614.59,233118.08,Delivered
BOL000320,CMA CGM,Panalpina,Costco Canada,Electronics,20GP,5,Busan,Vancouver,DAP,2022-11-08,2022-11-25,2022-11-25,17,0,Yes,None,1796.02,8980.1,107247.53,366282.46,Delivered
BOL000321,Hapag-Lloyd,Nippon Express,Reitmans,Food Products,40HC,8,Ningbo,Toronto,FOB,2024-05-10,2024-06-12,2024-06-12,33,0,Yes,None,3378.66,27029.28,45839.63,49309.32,Delivered
BOL000322,Maersk,Expeditors,Best Buy Canada,Auto Parts,45HC,1,Hamburg,New York,DAP,2023-01-07,2023-02-02,2023-02-02,26,0,Yes,None,1251.26,1251.26,22667.35,131991.56,Delivered
BOL000323,Evergreen,Kuehne+Nagel,Costco Canada,Chemicals,40GP,1,Hamburg,Chicago,FOB,2024-08-26,2024-10-03,2024-10-14,38,11,No,Bad Weather,3555.48,3555.48,17640.34,69849.34,Delayed
BOL000324,ZIM,Kuehne+Nagel,Mountain Equipment,Steel Products,40HC,10,Shanghai,Halifax,CIF,2023-04-29,2023-06-09,2023-06-09,41,0,Yes,None,1242.7,12427.0,231503.07,14375.63,Delivered
BOL000325,CMA CGM,Nippon Express,Loblaw Companies,Textiles,20RF,6,Shanghai,Houston,FOB,2023-05-25,2023-06-18,2023-06-18,24,0,Yes,None,4244.14,25464.84,167582.29,316314.84,Delivered
BOL000326,Maersk,DSV,Giant Tiger,Toys,40HC,8,Ningbo,Chicago,DDP,2023-04-22,2023-05-26,2023-05-26,34,0,Yes,None,3512.8,28102.4,43928.92,195106.78,Delivered
BOL000327,MSC,DSV,Giant Tiger,Textiles,40HC,6,Colombo,Los Angeles,CIF,2024-09-30,2024-10-26,2024-10-26,26,0,Yes,None,3509.89,21059.34,67994.78,417361.3,Delivered
BOL000328,Evergreen,Sinotrans,Home Depot Canada,Chemicals,40RF,9,Hong Kong,Halifax,DDP,2023-06-24,2023-07-31,2023-07-31,37,0,Yes,None,2202.46,19822.14,83405.6,19172.73,Delivered
BOL000329,Maersk,Expeditors,Canadian Tire,Furniture,20RF,5,Colombo,Vancouver,CIF,2023-01-24,2023-03-10,2023-03-10,45,0,Yes,None,1993.62,9968.1,98703.95,64127.43,Delivered
BOL000330,ONE,CEVA Logistics,Home Depot Canada,Auto Parts,20RF,7,Singapore,Toronto,CFR,2022-08-08,2022-09-22,2022-09-22,45,0,Yes,None,3234.31,22640.17,119657.24,353643.87,Delivered
BOL000331,Maersk,CEVA Logistics,Metro Inc,Steel Products,20GP,8,Rotterdam,Houston,EXW,2023-03-04,2023-04-18,2023-04-18,45,0,Yes,None,3763.77,30110.16,51168.83,283429.75,Delivered
BOL000332,HMM,Sinotrans,Reitmans,Furniture,20GP,2,Colombo,New York,CFR,2022-05-25,2022-06-27,2022-06-29,33,2,No,Documentation Error,3483.14,6966.28,34456.41,102835.6,Delivered
BOL000333,ONE,Nippon Express,Aldo Group,Furniture,40RF,7,Rotterdam,Montreal,CFR,2022-08-05,2022-09-10,2022-09-10,36,0,Yes,None,4066.45,28465.15,61856.3,98394.3,Delivered
BOL000334,HMM,DSV,Sport Chek,Textiles,40HC,7,Kaohsiung,New York,CIF,2023-12-23,2024-01-26,2024-02-04,34,9,No,Bad Weather,3627.48,25392.36,104324.68,365675.16,Delayed
BOL000335,Hapag-Lloyd,CEVA Logistics,Shoppers Drug Mart,Auto Parts,40RF,1,Singapore,Toronto,CIF,2024-01-08,2024-02-19,2024-02-27,42,8,No,Port Congestion,4436.94,4436.94,18702.55,263628.59,Delayed
BOL000336,Hapag-Lloyd,Expeditors,Sport Chek,Apparel,40HC,3,Busan,Chicago,CFR,2023-07-20,2023-08-12,2023-08-12,23,0,Yes,None,1312.11,3936.33,40328.72,295256.3,Delivered
BOL000337,Yang Ming,Panalpina,Shoppers Drug Mart,Apparel,45HC,10,Shanghai,Halifax,FOB,2022-06-08,2022-07-12,2022-07-12,34,0,Yes,None,3832.21,38322.1,71933.73,324704.77,Delivered
BOL000338,COSCO,DB Schenker,Reitmans,Electronics,40GP,10,Shanghai,Chicago,EXW,2024-06-08,2024-07-18,2024-07-18,40,0,Yes,None,4236.02,42360.2,195794.03,319774.87,Delivered
BOL000339,Yang Ming,DB Schenker,Loblaw Companies,Machinery,40RF,7,Shenzhen,New York,DAP,2023-11-01,2023-11-29,2023-11-29,28,0,Yes,None,4392.85,30749.95,156207.27,291874.88,Delivered
BOL000340,ZIM,Sinotrans,Sobeys,Textiles,20GP,9,Ningbo,Los Angeles,CIF,2023-11-20,2023-12-09,2023-12-09,19,0,Yes,None,2277.01,20493.09,62611.35,255893.33,Delivered
BOL000341,ONE,Panalpina,Shoppers Drug Mart,Chemicals,45HC,6,Rotterdam,Miami,CIF,2023-02-06,2023-03-07,2023-03-07,29,0,Yes,None,3333.53,20001.18,109490.52,65139.64,Delivered
BOL000342,CMA CGM,Expeditors,Canadian Tire,Apparel,45HC,10,Busan,Houston,FOB,2022-02-19,2022-03-24,2022-03-27,33,3,No,Documentation Error,1339.53,13395.3,60321.84,410904.24,Delivered
BOL000343,Evergreen,Nippon Express,Loblaws,Textiles,20GP,5,Colombo,New York,CFR,2022-10-30,2022-12-01,2022-12-01,32,0,Yes,None,2465.23,12326.15,27616.03,112414.68,Delivered
BOL000344,Maersk,Kuehne+Nagel,Walmart Canada,Toys,40RF,9,Kaohsiung,Chicago,DDP,2022-10-17,2022-11-01,2022-11-01,15,0,Yes,None,960.88,8647.92,80256.17,149166.64,Delivered
BOL000345,Yang Ming,Panalpina,Best Buy Canada,Textiles,40RF,6,Rotterdam,New York,DDP,2024-03-06,2024-04-06,2024-04-06,31,0,Yes,None,3997.84,23987.04,32632.81,435031.12,Delivered
BOL000346,ONE,CEVA Logistics,Hudson Bay,Toys,45HC,9,Colombo,Chicago,DAP,2024-09-19,2024-10-08,2024-10-08,19,0,Yes,None,4227.49,38047.41,49448.11,131222.15,Delivered
BOL000347,COSCO,Panalpina,Loblaw Companies,Machinery,40GP,9,Rotterdam,Toronto,CIF,2023-12-12,2024-01-17,2024-01-17,36,0,Yes,None,1820.75,16386.75,57836.01,136262.89,Delivered
BOL000348,Yang Ming,Nippon Express,Shoppers Drug Mart,Machinery,20RF,10,Kaohsiung,Los Angeles,CFR,2024-03-15,2024-04-06,2024-04-06,22,0,Yes,None,4029.0,40290.0,207900.36,214493.33,Delivered
BOL000349,Yang Ming,DB Schenker,Groupe Touchette,Furniture,20RF,4,Colombo,Los Angeles,DDP,2022-09-27,2022-10-24,2022-10-24,27,0,Yes,None,3991.57,15966.28,48427.85,355516.83,Delivered
BOL000350,Yang Ming,DSV,Giant Tiger,Food Products,40RF,2,Shanghai,Houston,EXW,2023-10-13,2023-10-31,2023-10-31,18,0,Yes,None,1481.3,2962.6,48618.04,81306.19,Delivered
BOL000351,Evergreen,Nippon Express,Home Depot Canada,Electronics,20GP,10,Kaohsiung,New York,EXW,2022-11-08,2022-12-04,2022-12-04,26,0,Yes,None,3082.7,30827.0,189289.04,310057.39,Delivered
BOL000352,Maersk,Expeditors,IKEA Canada,Machinery,40GP,7,Shanghai,Miami,DAP,2022-10-02,2022-11-15,2022-11-15,44,0,Yes,None,2618.35,18328.45,57139.55,104697.32,Delivered
BOL000353,Maersk,Panalpina,Sport Chek,Steel Products,20RF,8,Rotterdam,Miami,DDP,2023-02-23,2023-03-13,2023-03-16,18,3,No,Equipment Shortage,3345.09,26760.72,199486.58,444917.59,Delivered
BOL000354,Yang Ming,Expeditors,Canadian Tire,Textiles,45HC,1,Shanghai,Montreal,DDP,2024-03-18,2024-04-03,2024-04-03,16,0,Yes,None,4047.79,4047.79,10651.6,273555.88,Delivered
BOL000355,ZIM,Kuehne+Nagel,Metro Inc,Toys,40HC,8,Colombo,Los Angeles,FOB,2023-08-20,2023-10-01,2023-10-01,42,0,Yes,None,1416.0,11328.0,94173.23,460326.08,Delivered
BOL000356,MSC,Kuehne+Nagel,Hudson Bay,Machinery,45HC,1,Busan,Seattle,EXW,2023-01-04,2023-01-26,2023-01-26,22,0,Yes,None,1461.85,1461.85,18577.26,359190.85,Delivered
BOL000357,CMA CGM,CEVA Logistics,Sport Chek,Food Products,40HC,2,Colombo,Halifax,CFR,2022-07-06,2022-07-27,2022-07-27,21,0,Yes,None,2738.12,5476.24,27668.02,397622.63,Delivered
BOL000358,Hapag-Lloyd,Kuehne+Nagel,Hudson Bay,Toys,40GP,3,Rotterdam,Chicago,EXW,2022-12-16,2023-01-20,2023-01-20,35,0,Yes,None,4014.63,12043.89,27341.81,358903.27,Delivered
BOL000359,ZIM,Nippon Express,Groupe Touchette,Auto Parts,40HC,1,Shanghai,Halifax,CIF,2022-09-27,2022-10-23,2022-10-23,26,0,Yes,None,2496.98,2496.98,24674.45,276315.57,Delivered
BOL000360,Maersk,Panalpina,Canadian Tire,Furniture,20RF,1,Colombo,New York,CIF,2024-07-18,2024-08-27,2024-08-27,40,0,Yes,None,1705.44,1705.44,17588.86,313685.36,Delivered
BOL000361,CMA CGM,DB Schenker,Aldo Group,Machinery,20RF,10,Rotterdam,Los Angeles,CFR,2022-03-17,2022-04-09,2022-04-09,23,0,Yes,None,1904.23,19042.3,261688.48,34025.37,Delivered
BOL000362,MSC,Kuehne+Nagel,Loblaw Companies,Machinery,40HC,6,Rotterdam,Montreal,DAP,2024-07-21,2024-08-27,2024-08-27,37,0,Yes,None,2163.71,12982.26,82293.63,43156.67,Delivered
BOL000363,ZIM,Sinotrans,Empire Company,Steel Products,40GP,4,Colombo,Vancouver,DDP,2023-07-17,2023-08-21,2023-08-21,35,0,Yes,None,3064.6,12258.4,30055.81,367566.97,Delivered
BOL000364,CMA CGM,Expeditors,Empire Company,Steel Products,20RF,6,Hamburg,Seattle,CIF,2023-10-11,2023-11-10,2023-11-10,30,0,Yes,None,4230.29,25381.74,114772.02,253234.49,Delivered
BOL000365,COSCO,DSV,Costco Canada,Auto Parts,20GP,4,Hong Kong,Houston,FOB,2022-01-04,2022-01-25,2022-01-25,21,0,Yes,None,3758.39,15033.56,111906.8,212880.16,Delivered
BOL000366,HMM,Panalpina,Costco Canada,Electronics,20RF,6,Rotterdam,Halifax,CIF,2023-06-06,2023-06-24,2023-06-24,18,0,Yes,None,3638.02,21828.12,45709.47,173308.62,Delivered
BOL000367,ZIM,DSV,Canadian Tire,Food Products,20GP,3,Colombo,Houston,DDP,2023-11-24,2024-01-07,2024-01-07,44,0,Yes,None,2581.53,7744.59,58276.83,447108.58,Delivered
BOL000368,COSCO,Sinotrans,Aldo Group,Furniture,40HC,6,Hong Kong,Miami,CFR,2023-10-09,2023-10-24,2023-10-24,15,0,Yes,None,1044.99,6269.94,50604.08,421962.19,Delivered
BOL000369,ZIM,DSV,Metro Inc,Machinery,40HC,6,Busan,Houston,CIF,2023-01-19,2023-02-09,2023-02-09,21,0,Yes,None,3426.41,20558.46,67466.64,52530.91,Delivered
BOL000370,Evergreen,DSV,Metro Inc,Chemicals,40GP,2,Colombo,Los Angeles,DAP,2022-12-25,2023-01-15,2023-01-15,21,0,Yes,None,2441.96,4883.92,11147.0,246504.96,Delivered
BOL000371,Maersk,Kuehne+Nagel,Aldo Group,Machinery,20RF,3,Colombo,Vancouver,FOB,2023-11-02,2023-11-25,2023-11-25,23,0,Yes,None,1559.19,4677.57,17522.13,199918.23,Delivered
BOL000372,Evergreen,Panalpina,Loblaws,Auto Parts,20RF,5,Busan,Houston,EXW,2023-11-14,2023-12-27,2023-12-27,43,0,Yes,None,883.18,4415.9,112226.79,323036.92,Delivered
BOL000373,ONE,DB Schenker,Loblaws,Textiles,40HC,2,Busan,Montreal,EXW,2024-06-22,2024-07-13,2024-07-13,21,0,Yes,None,856.45,1712.9,38655.47,261889.72,Delivered
BOL000374,Yang Ming,Sinotrans,Indigo Books,Electronics,20RF,6,Shanghai,Vancouver,FOB,2023-08-04,2023-09-02,2023-09-02,29,0,Yes,None,2800.14,16800.84,37000.21,24206.42,Delivered
BOL000375,CMA CGM,Kuehne+Nagel,Giant Tiger,Apparel,40HC,4,Hamburg,Halifax,DDP,2023-01-02,2023-02-13,2023-02-13,42,0,Yes,None,3437.73,13750.92,81720.06,271407.62,Delivered
BOL000376,ONE,Panalpina,Shoppers Drug Mart,Food Products,45HC,8,Kaohsiung,Chicago,CIF,2024-07-22,2024-08-24,2024-08-24,33,0,Yes,None,1657.27,13258.16,81178.18,431937.18,Delivered
BOL000377,HMM,Sinotrans,Best Buy Canada,Furniture,20GP,6,Hong Kong,Halifax,CFR,2024-07-17,2024-08-31,2024-08-31,45,0,Yes,None,2571.01,15426.06,146715.74,148306.11,Delivered
BOL000378,CMA CGM,Panalpina,Home Depot Canada,Toys,40HC,9,Busan,Montreal,DAP,2022-08-08,2022-09-11,2022-09-11,34,0,Yes,None,2505.61,22550.49,167240.94,126901.89,Delivered
BOL000379,MSC,Panalpina,Giant Tiger,Steel Products,40HC,9,Kaohsiung,Seattle,CFR,2023-03-03,2023-04-13,2023-04-26,41,13,No,Documentation Error,3368.29,30314.61,80828.69,338106.55,Delayed
BOL000380,ZIM,DB Schenker,Costco Canada,Electronics,45HC,2,Rotterdam,Houston,FOB,2022-07-19,2022-08-30,2022-08-30,42,0,Yes,None,3013.56,6027.12,41533.4,302238.65,Delivered
BOL000381,HMM,Kuehne+Nagel,Mountain Equipment,Machinery,20RF,5,Hong Kong,Chicago,DAP,2022-01-01,2022-01-24,2022-01-24,23,0,Yes,None,2242.94,11214.7,91462.11,105876.64,Delivered
BOL000382,MSC,Sinotrans,IKEA Canada,Machinery,40HC,1,Colombo,Houston,FOB,2022-01-17,2022-02-25,2022-02-25,39,0,Yes,None,2166.12,2166.12,17624.36,36032.38,Delivered
BOL000383,Yang Ming,DSV,Loblaw Companies,Chemicals,45HC,7,Busan,Montreal,DAP,2024-03-18,2024-04-21,2024-04-21,34,0,Yes,None,2816.94,19718.58,141660.5,242686.99,Delivered
BOL000384,CMA CGM,Sinotrans,Aldo Group,Food Products,20GP,3,Ningbo,Vancouver,DAP,2022-09-15,2022-10-07,2022-10-07,22,0,Yes,None,3468.96,10406.88,48582.39,224000.21,Delivered
BOL000385,Evergreen,Panalpina,Indigo Books,Textiles,45HC,7,Kaohsiung,Seattle,EXW,2023-01-04,2023-02-16,2023-02-16,43,0,Yes,None,2114.64,14802.48,64912.36,306240.9,Delivered
BOL000386,ZIM,Kuehne+Nagel,Metro Inc,Textiles,40HC,2,Colombo,Chicago,FOB,2022-03-10,2022-03-26,2022-03-26,16,0,Yes,None,2946.99,5893.98,54239.94,49230.92,Delivered
BOL000387,ONE,Nippon Express,Sobeys,Textiles,40RF,2,Kaohsiung,Toronto,FOB,2023-05-18,2023-07-01,2023-07-01,44,0,Yes,None,3331.07,6662.14,34803.07,294017.94,Delivered
BOL000388,Hapag-Lloyd,Nippon Express,Canadian Tire,Steel Products,45HC,6,Shanghai,Halifax,EXW,2024-11-15,2024-12-29,2024-12-29,44,0,Yes,None,4354.15,26124.9,140154.8,151712.14,Delivered
BOL000389,CMA CGM,DSV,Loblaws,Steel Products,20GP,5,Singapore,Chicago,EXW,2022-12-13,2022-12-30,2023-01-10,17,11,No,Documentation Error,2593.61,12968.05,39584.45,47662.51,Delayed
BOL000390,CMA CGM,Kuehne+Nagel,Shoppers Drug Mart,Textiles,20RF,3,Busan,Seattle,FOB,2022-01-30,2022-02-20,2022-02-20,21,0,Yes,None,3238.88,9716.64,40513.91,95945.69,Delivered
BOL000391,ONE,Kuehne+Nagel,Loblaws,Electronics,45HC,7,Busan,Halifax,DDP,2022-10-25,2022-11-17,2022-11-17,23,0,Yes,None,1680.41,11762.87,105869.79,322411.59,Delivered
BOL000392,ZIM,Sinotrans,Metro Inc,Machinery,40HC,8,Rotterdam,Miami,CIF,2022-04-18,2022-05-12,2022-05-12,24,0,Yes,None,3560.76,28486.08,178446.72,270935.21,Delivered
BOL000393,Yang Ming,Panalpina,Loblaws,Steel Products,45HC,6,Colombo,Houston,DDP,2022-01-25,2022-02-26,2022-02-26,32,0,Yes,None,4358.52,26151.12,124236.93,30098.63,Delivered
BOL000394,COSCO,Panalpina,Hudson Bay,Chemicals,40RF,10,Kaohsiung,New York,DDP,2023-07-08,2023-08-08,2023-08-08,31,0,Yes,None,2247.27,22472.7,227824.73,377054.55,Delivered
BOL000395,Evergreen,Kuehne+Nagel,Aldo Group,Electronics,45HC,2,Singapore,Chicago,FOB,2022-01-22,2022-02-05,2022-02-05,14,0,Yes,None,2743.48,5486.96,41532.98,182243.05,Delivered
BOL000396,MSC,Nippon Express,Empire Company,Furniture,40RF,2,Kaohsiung,Los Angeles,EXW,2022-04-27,2022-05-24,2022-05-24,27,0,Yes,None,1119.63,2239.26,37815.55,194219.64,Delivered
BOL000397,Yang Ming,DSV,Loblaws,Chemicals,40RF,6,Shanghai,Miami,FOB,2022-06-05,2022-07-18,2022-08-02,43,15,No,Equipment Shortage,1752.15,10512.9,137740.92,145870.87,Delayed
BOL000398,Evergreen,Nippon Express,Best Buy Canada,Steel Products,40GP,10,Colombo,Miami,DDP,2022-12-31,2023-02-11,2023-02-11,42,0,Yes,None,2252.75,22527.5,198461.13,63130.93,Delivered
BOL000399,Yang Ming,Sinotrans,Shoppers Drug Mart,Machinery,20RF,5,Shanghai,Toronto,CIF,2023-06-15,2023-07-05,2023-07-05,20,0,Yes,None,3675.78,18378.9,27157.95,253873.68,Delivered
BOL000400,HMM,DSV,Shoppers Drug Mart,Textiles,40RF,2,Hamburg,Vancouver,EXW,2022-01-08,2022-02-22,2022-02-22,45,0,Yes,None,2798.48,5596.96,10152.14,477536.12,Delivered
BOL000401,CMA CGM,Expeditors,Sport Chek,Textiles,40HC,9,Singapore,New York,FOB,2024-03-31,2024-04-17,2024-04-28,17,11,No,Port Congestion,3957.37,35616.33,115393.0,422178.98,Delayed
BOL000402,Maersk,Expeditors,Groupe Touchette,Auto Parts,40RF,6,Busan,Los Angeles,FOB,2023-09-05,2023-10-13,2023-10-13,38,0,Yes,None,2600.06,15600.36,152159.55,224612.04,Delivered
BOL000403,ONE,Sinotrans,Canadian Tire,Electronics,40RF,5,Shanghai,Toronto,EXW,2024-09-28,2024-11-05,2024-11-05,38,0,Yes,None,2648.83,13244.15,135969.69,407771.26,Delivered
BOL000404,MSC,Nippon Express,Loblaw Companies,Electronics,20RF,8,Kaohsiung,New York,DDP,2022-08-31,2022-09-27,2022-09-27,27,0,Yes,None,4278.33,34226.64,200116.81,272915.08,Delivered
BOL000405,HMM,Kuehne+Nagel,Home Depot Canada,Furniture,40GP,3,Shenzhen,Seattle,CFR,2022-02-09,2022-03-25,2022-04-09,44,15,No,Port Congestion,853.15,2559.45,58653.64,453284.55,Delayed
BOL000406,MSC,Panalpina,Loblaw Companies,Steel Products,40GP,2,Rotterdam,Houston,CFR,2022-08-22,2022-10-06,2022-10-06,45,0,Yes,None,3776.48,7552.96,29605.73,407645.3,Delivered
BOL000407,CMA CGM,CEVA Logistics,Groupe Touchette,Toys,20GP,2,Hong Kong,Montreal,CIF,2023-03-13,2023-03-29,2023-03-29,16,0,Yes,None,1813.41,3626.82,44847.3,92344.92,Delivered
BOL000408,CMA CGM,DSV,Groupe Touchette,Apparel,20RF,7,Shanghai,Toronto,DDP,2022-10-01,2022-10-21,2022-10-21,20,0,Yes,None,3677.35,25741.45,37516.48,248614.06,Delivered
BOL000409,HMM,Kuehne+Nagel,Sobeys,Furniture,40GP,5,Kaohsiung,Toronto,DDP,2024-05-02,2024-06-15,2024-06-15,44,0,Yes,None,2735.42,13677.1,72383.6,469663.91,Delivered
BOL000410,COSCO,DSV,Costco Canada,Auto Parts,40GP,4,Hong Kong,Montreal,DAP,2023-09-09,2023-10-15,2023-10-15,36,0,Yes,None,1234.78,4939.12,68778.31,56885.09,Delivered
BOL000411,Hapag-Lloyd,Panalpina,Loblaws,Auto Parts,40RF,8,Shanghai,Houston,DAP,2022-04-19,2022-05-15,2022-05-15,26,0,Yes,None,2640.8,21126.4,69395.77,462109.79,Delivered
BOL000412,ZIM,Sinotrans,Shoppers Drug Mart,Steel Products,20RF,3,Shenzhen,New York,CFR,2024-07-17,2024-08-02,2024-08-02,16,0,Yes,None,1384.77,4154.31,17005.5,262302.82,Delivered
BOL000413,MSC,CEVA Logistics,Sobeys,Toys,40HC,4,Rotterdam,New York,CFR,2023-02-12,2023-03-18,2023-03-18,34,0,Yes,None,1162.84,4651.36,87872.8,436244.29,Delivered
BOL000414,Evergreen,CEVA Logistics,Canadian Tire,Chemicals,40GP,7,Hong Kong,Chicago,CIF,2024-06-11,2024-07-04,2024-07-08,23,4,No,Equipment Shortage,2181.89,15273.23,108696.17,105135.91,Delivered
BOL000415,HMM,Expeditors,Reitmans,Furniture,45HC,7,Kaohsiung,Los Angeles,CFR,2023-07-29,2023-08-20,2023-08-20,22,0,Yes,None,1433.44,10034.08,90315.74,444340.4,Delivered
BOL000416,Evergreen,Expeditors,Groupe Touchette,Chemicals,40GP,10,Rotterdam,New York,DAP,2022-06-27,2022-08-06,2022-08-06,40,0,Yes,None,2551.91,25519.1,156435.47,17106.89,Delivered
BOL000417,ZIM,CEVA Logistics,Reitmans,Auto Parts,45HC,9,Shenzhen,Seattle,FOB,2022-11-02,2022-11-16,2022-11-23,14,7,No,Port Congestion,924.4,8319.6,154942.2,244841.98,Delayed
BOL000418,HMM,DB Schenker,Giant Tiger,Electronics,40GP,2,Hamburg,Halifax,DAP,2024-04-12,2024-05-09,2024-05-09,27,0,Yes,None,858.94,1717.88,40775.64,89283.39,Delivered
BOL000419,COSCO,DSV,Indigo Books,Electronics,40RF,8,Rotterdam,Houston,EXW,2024-04-10,2024-05-05,2024-05-05,25,0,Yes,None,3404.44,27235.52,40250.91,317379.46,Delivered
BOL000420,Yang Ming,CEVA Logistics,Aldo Group,Chemicals,40RF,1,Shanghai,Vancouver,DAP,2023-03-01,2023-03-20,2023-03-20,19,0,Yes,None,2704.52,2704.52,25930.09,188355.36,Delivered
BOL000421,COSCO,Expeditors,Sobeys,Apparel,40RF,2,Hong Kong,New York,DDP,2024-01-19,2024-02-25,2024-02-25,37,0,Yes,None,2874.81,5749.62,45584.47,77818.85,Delivered
BOL000422,COSCO,DSV,Reitmans,Apparel,20RF,7,Hamburg,Montreal,DAP,2023-04-07,2023-05-11,2023-05-11,34,0,Yes,None,1825.44,12778.08,45202.44,179161.03,Delivered
BOL000423,Hapag-Lloyd,DSV,Hudson Bay,Apparel,40RF,2,Rotterdam,Los Angeles,FOB,2024-07-14,2024-08-20,2024-08-20,37,0,Yes,None,1496.91,2993.82,50663.03,52781.29,Delivered
BOL000424,ZIM,CEVA Logistics,Giant Tiger,Chemicals,40GP,9,Colombo,Los Angeles,DAP,2022-08-18,2022-09-10,2022-09-10,23,0,Yes,None,4322.79,38905.11,49696.89,214102.96,Delivered
BOL000425,HMM,Nippon Express,Giant Tiger,Textiles,40GP,9,Hong Kong,Seattle,CFR,2023-08-21,2023-09-16,2023-09-16,26,0,Yes,None,3185.29,28667.61,130220.19,177968.31,Delivered
BOL000426,ONE,DB Schenker,Hudson Bay,Machinery,40GP,5,Shanghai,Los Angeles,DAP,2023-09-15,2023-10-07,2023-10-07,22,0,Yes,None,1639.09,8195.45,67768.77,151191.68,Delivered
BOL000427,ZIM,Expeditors,Hudson Bay,Machinery,40RF,3,Kaohsiung,Los Angeles,EXW,2023-08-08,2023-09-02,2023-09-02,25,0,Yes,None,1396.64,4189.92,23067.3,496948.79,Delivered
BOL000428,ZIM,DB Schenker,Shoppers Drug Mart,Furniture,45HC,9,Shanghai,Miami,DAP,2022-03-13,2022-04-16,2022-04-16,34,0,Yes,None,4409.22,39682.98,155464.09,69530.11,Delivered
BOL000429,ZIM,Nippon Express,Best Buy Canada,Chemicals,45HC,5,Ningbo,Halifax,DDP,2022-01-09,2022-02-13,2022-02-13,35,0,Yes,None,4387.54,21937.7,111728.59,497092.21,Delivered
BOL000430,Maersk,Expeditors,Costco Canada,Steel Products,40HC,1,Shenzhen,Houston,DDP,2022-03-24,2022-04-15,2022-04-15,22,0,Yes,None,2286.03,2286.03,24340.17,228526.62,Delivered
BOL000431,COSCO,Sinotrans,Mountain Equipment,Electronics,45HC,2,Kaohsiung,Halifax,DDP,2023-07-24,2023-08-19,2023-08-19,26,0,Yes,None,4410.61,8821.22,28143.49,250328.03,Delivered
BOL000432,Evergreen,Nippon Express,Indigo Books,Toys,20GP,5,Colombo,Vancouver,DDP,2022-10-30,2022-12-10,2022-12-10,41,0,Yes,None,2076.2,10381.0,60429.81,228332.26,Delivered
BOL000433,ZIM,Sinotrans,Home Depot Canada,Textiles,45HC,7,Busan,Chicago,EXW,2023-08-15,2023-09-08,2023-09-08,24,0,Yes,None,1316.4,9214.8,129535.99,52178.21,Delivered
BOL000434,CMA CGM,Nippon Express,Reitmans,Food Products,40HC,7,Ningbo,New York,EXW,2022-07-01,2022-07-15,2022-07-15,14,0,Yes,None,1447.1,10129.7,109401.31,288279.0,Delivered
BOL000435,Hapag-Lloyd,Sinotrans,Empire Company,Toys,45HC,9,Ningbo,Chicago,FOB,2022-03-28,2022-04-30,2022-04-30,33,0,Yes,None,3537.47,31837.23,91475.69,397697.58,Delivered
BOL000436,ONE,Sinotrans,Groupe Touchette,Steel Products,40GP,1,Shenzhen,Halifax,DAP,2023-01-03,2023-02-17,2023-02-17,45,0,Yes,None,1241.61,1241.61,11375.99,497223.15,Delivered
BOL000437,CMA CGM,Panalpina,Loblaw Companies,Chemicals,40HC,9,Kaohsiung,Toronto,DAP,2023-06-13,2023-07-27,2023-07-27,44,0,Yes,None,3511.94,31607.46,48631.83,137173.22,Delivered
BOL000438,Evergreen,DB Schenker,Aldo Group,Furniture,40RF,6,Shenzhen,Montreal,FOB,2022-12-01,2022-12-18,2022-12-18,17,0,Yes,None,980.25,5881.5,70249.65,323083.8,Delivered
BOL000439,CMA CGM,DSV,Metro Inc,Electronics,40HC,5,Kaohsiung,Houston,CIF,2023-10-23,2023-11-26,2023-11-26,34,0,Yes,None,3336.14,16680.7,104159.86,56958.37,Delivered
BOL000440,COSCO,Kuehne+Nagel,Reitmans,Textiles,40GP,2,Colombo,Halifax,DDP,2024-02-03,2024-03-19,2024-03-19,45,0,Yes,None,1606.14,3212.28,33155.61,417471.04,Delivered
BOL000441,COSCO,CEVA Logistics,Empire Company,Chemicals,40GP,1,Hamburg,Halifax,CIF,2024-05-04,2024-06-16,2024-06-16,43,0,Yes,None,2574.22,2574.22,12166.19,187658.6,Delivered
BOL000442,MSC,CEVA Logistics,Indigo Books,Electronics,40GP,4,Rotterdam,Vancouver,DAP,2022-08-31,2022-09-28,2022-09-28,28,0,Yes,None,1937.48,7749.92,39305.37,490743.69,Delivered
BOL000443,Maersk,Expeditors,Aldo Group,Apparel,20RF,10,Shenzhen,Chicago,FOB,2023-02-07,2023-02-27,2023-02-27,20,0,Yes,None,1019.28,10192.8,77352.11,133976.11,Delivered
BOL000444,CMA CGM,Expeditors,Aldo Group,Textiles,20GP,3,Hong Kong,Houston,DDP,2023-02-14,2023-03-11,2023-03-11,25,0,Yes,None,3929.69,11789.07,79987.3,474907.89,Delivered
BOL000445,MSC,Panalpina,Sobeys,Auto Parts,20GP,9,Colombo,Toronto,CFR,2024-10-31,2024-11-18,2024-11-18,18,0,Yes,None,1602.89,14426.01,84650.34,148109.83,Delivered
BOL000446,ZIM,Nippon Express,Loblaw Companies,Apparel,40HC,7,Hong Kong,Vancouver,CFR,2023-01-15,2023-02-26,2023-03-09,42,11,No,Customs Inspection,2369.14,16583.98,117794.41,209713.21,Delayed
BOL000447,Evergreen,Sinotrans,Empire Company,Textiles,20GP,6,Singapore,Seattle,DAP,2024-01-10,2024-02-11,2024-02-11,32,0,Yes,None,2626.74,15760.44,83099.79,233903.43,Delivered
BOL000448,ZIM,Kuehne+Nagel,Home Depot Canada,Textiles,45HC,6,Shenzhen,Miami,DDP,2023-01-22,2023-02-09,2023-02-09,18,0,Yes,None,1463.4,8780.4,167823.82,250907.7,Delivered
BOL000449,MSC,DSV,Sobeys,Auto Parts,20GP,3,Kaohsiung,Miami,DAP,2022-10-21,2022-11-29,2022-11-29,39,0,Yes,None,1039.43,3118.29,82289.32,175929.51,Delivered
BOL000450,MSC,Expeditors,Sobeys,Machinery,20RF,7,Hamburg,Vancouver,DAP,2023-07-14,2023-08-22,2023-08-22,39,0,Yes,None,4453.84,31176.88,117337.74,82213.31,Delivered
BOL000451,Hapag-Lloyd,Kuehne+Nagel,Best Buy Canada,Steel Products,20GP,8,Hong Kong,Los Angeles,CFR,2022-10-03,2022-10-18,2022-10-18,15,0,Yes,None,3309.0,26472.0,218861.35,197490.16,Delivered
BOL000452,Maersk,Sinotrans,Best Buy Canada,Electronics,40HC,8,Colombo,Montreal,DAP,2024-11-30,2025-01-14,2025-01-14,45,0,Yes,None,2613.93,20911.44,88146.41,178371.67,In Transit
BOL000453,ZIM,Sinotrans,Empire Company,Food Products,45HC,1,Singapore,Los Angeles,CIF,2024-07-10,2024-08-13,2024-08-13,34,0,Yes,None,921.58,921.58,17803.33,431576.74,Delivered
BOL000454,Maersk,Sinotrans,Sobeys,Food Products,40RF,9,Ningbo,Montreal,EXW,2024-09-25,2024-10-16,2024-10-16,21,0,Yes,None,3335.88,30022.92,163447.52,243196.42,Delivered
BOL000455,ONE,Panalpina,Indigo Books,Food Products,20RF,1,Kaohsiung,Toronto,FOB,2023-12-24,2024-01-25,2024-01-25,32,0,Yes,None,1274.33,1274.33,13427.43,406681.18,Delivered
BOL000456,MSC,Panalpina,Walmart Canada,Chemicals,40GP,4,Shenzhen,Chicago,CIF,2024-01-02,2024-02-11,2024-02-11,40,0,Yes,None,1668.1,6672.4,48713.16,51621.45,Delivered
BOL000457,ONE,Panalpina,Sport Chek,Food Products,20RF,9,Kaohsiung,Toronto,CFR,2022-03-18,2022-04-30,2022-04-30,43,0,Yes,None,4135.22,37216.98,100190.11,351019.65,Delivered
BOL000458,Hapag-Lloyd,Nippon Express,Costco Canada,Chemicals,40GP,6,Ningbo,Halifax,DAP,2022-07-20,2022-09-03,2022-09-03,45,0,Yes,None,2637.91,15827.46,141981.09,337019.9,Delivered
BOL000459,MSC,Kuehne+Nagel,Loblaws,Steel Products,40HC,10,Shenzhen,Halifax,EXW,2022-06-04,2022-07-01,2022-07-01,27,0,Yes,None,2287.5,22875.0,101953.77,374015.13,Delivered
BOL000460,Yang Ming,Nippon Express,Aldo Group,Food Products,20GP,5,Hong Kong,New York,EXW,2024-12-23,2025-02-05,2025-02-05,44,0,Yes,None,2667.17,13335.85,59489.54,335093.78,In Transit
BOL000461,COSCO,CEVA Logistics,Groupe Touchette,Steel Products,40GP,10,Hamburg,Chicago,DAP,2023-01-05,2023-01-20,2023-01-20,15,0,Yes,None,2647.05,26470.5,201985.43,413714.92,Delivered
BOL000462,MSC,DSV,Loblaws,Auto Parts,40GP,3,Rotterdam,Houston,DAP,2024-12-05,2024-12-31,2024-12-31,26,0,Yes,None,3561.8,10685.4,67821.58,423619.78,Delivered
BOL000463,ZIM,CEVA Logistics,Indigo Books,Textiles,45HC,4,Singapore,Seattle,DAP,2022-11-25,2022-12-25,2022-12-25,30,0,Yes,None,1220.17,4880.68,37656.27,130337.44,Delivered
BOL000464,Maersk,DSV,Aldo Group,Apparel,40HC,5,Hamburg,Toronto,EXW,2023-02-18,2023-03-14,2023-03-14,24,0,Yes,None,3237.08,16185.4,45238.3,427735.3,Delivered
BOL000465,HMM,DSV,Metro Inc,Textiles,40RF,2,Busan,Vancouver,FOB,2022-05-11,2022-06-20,2022-06-20,40,0,Yes,None,2268.51,4537.02,48631.28,422947.63,Delivered
BOL000466,Evergreen,Expeditors,Hudson Bay,Furniture,40HC,6,Busan,Miami,FOB,2024-10-13,2024-11-01,2024-11-01,19,0,Yes,None,3879.64,23277.84,131738.62,404862.39,Delivered
BOL000467,Yang Ming,DSV,IKEA Canada,Toys,20RF,1,Hong Kong,Montreal,DDP,2023-07-17,2023-08-28,2023-08-28,42,0,Yes,None,2614.33,2614.33,13618.21,474868.34,Delivered
BOL000468,Hapag-Lloyd,Panalpina,Empire Company,Textiles,40HC,1,Shanghai,New York,DAP,2022-10-24,2022-11-30,2022-11-30,37,0,Yes,None,3187.97,3187.97,25820.28,27056.62,Delivered
BOL000469,Evergreen,Sinotrans,Shoppers Drug Mart,Furniture,20GP,7,Busan,Chicago,DAP,2022-09-07,2022-10-06,2022-10-06,29,0,Yes,None,4231.78,29622.46,182786.2,157435.19,Delivered
BOL000470,CMA CGM,Panalpina,Home Depot Canada,Machinery,45HC,8,Rotterdam,Vancouver,CFR,2022-03-11,2022-04-11,2022-04-11,31,0,Yes,None,3526.69,28213.52,210475.49,173033.89,Delivered
BOL000471,Hapag-Lloyd,Kuehne+Nagel,Home Depot Canada,Chemicals,20GP,3,Rotterdam,New York,CFR,2024-05-11,2024-06-14,2024-06-14,34,0,Yes,None,3131.58,9394.74,69580.33,76685.19,Delivered
BOL000472,ZIM,Panalpina,Hudson Bay,Furniture,40RF,3,Hong Kong,Seattle,EXW,2022-11-20,2022-12-19,2022-12-19,29,0,Yes,None,3933.75,11801.25,62316.98,398394.72,Delivered
BOL000473,Maersk,Expeditors,Aldo Group,Textiles,40GP,7,Busan,Toronto,DDP,2023-08-01,2023-08-27,2023-08-27,26,0,Yes,None,4042.64,28298.48,187105.9,443327.3,Delivered
BOL000474,CMA CGM,Sinotrans,Walmart Canada,Steel Products,40GP,1,Shenzhen,Houston,FOB,2022-07-02,2022-08-14,2022-08-14,43,0,Yes,None,2283.83,2283.83,14864.78,137477.31,Delivered
BOL000475,CMA CGM,Expeditors,Aldo Group,Food Products,40GP,4,Hamburg,Miami,CIF,2024-07-18,2024-09-01,2024-09-01,45,0,Yes,None,4300.39,17201.56,94833.94,140439.39,Delivered
BOL000476,HMM,Nippon Express,Walmart Canada,Toys,40GP,1,Busan,Houston,FOB,2023-08-03,2023-08-29,2023-08-29,26,0,Yes,None,1873.71,1873.71,11021.39,312663.32,Delivered
BOL000477,Maersk,Nippon Express,IKEA Canada,Electronics,40GP,7,Shenzhen,Montreal,EXW,2022-09-30,2022-11-03,2022-11-03,34,0,Yes,None,3421.28,23948.96,153512.76,135550.54,Delivered
BOL000478,HMM,Nippon Express,Hudson Bay,Furniture,20RF,7,Colombo,Toronto,EXW,2023-12-27,2024-01-12,2024-01-12,16,0,Yes,None,1919.28,13434.96,98546.19,191741.59,Delivered
BOL000479,Hapag-Lloyd,DSV,Empire Company,Chemicals,40RF,9,Ningbo,Seattle,DAP,2023-11-26,2024-01-08,2024-01-08,43,0,Yes,None,2401.84,21616.56,98904.04,163502.11,Delivered
BOL000480,Evergreen,DB Schenker,IKEA Canada,Furniture,40HC,8,Hamburg,Toronto,FOB,2023-06-25,2023-07-29,2023-07-29,34,0,Yes,None,3625.6,29004.8,67832.71,427986.49,Delivered
BOL000481,COSCO,Kuehne+Nagel,Sobeys,Toys,45HC,7,Hamburg,Houston,DAP,2022-03-15,2022-04-28,2022-04-28,44,0,Yes,None,1229.29,8605.03,179123.21,252506.28,Delivered
BOL000482,Evergreen,DB Schenker,Metro Inc,Steel Products,40HC,3,Kaohsiung,Halifax,FOB,2022-10-31,2022-11-21,2022-11-21,21,0,Yes,None,3889.33,11667.99,66745.63,413060.16,Delivered
BOL000483,ONE,DB Schenker,Shoppers Drug Mart,Steel Products,40RF,2,Shenzhen,Miami,FOB,2024-05-02,2024-05-20,2024-05-20,18,0,Yes,None,4083.26,8166.52,11194.26,343843.05,Delivered
BOL000484,Maersk,DB Schenker,Shoppers Drug Mart,Steel Products,40RF,8,Shanghai,Houston,DAP,2022-03-01,2022-03-20,2022-03-20,19,0,Yes,None,2480.01,19840.08,215757.08,301160.09,Delivered
BOL000485,Hapag-Lloyd,Kuehne+Nagel,Sport Chek,Furniture,40HC,1,Shenzhen,Miami,CIF,2023-03-09,2023-03-26,2023-03-26,17,0,Yes,None,3552.06,3552.06,17584.59,305122.85,Delivered
BOL000486,Yang Ming,DB Schenker,Aldo Group,Machinery,45HC,5,Singapore,Seattle,DDP,2022-02-12,2022-03-11,2022-03-11,27,0,Yes,None,3194.52,15972.6,134759.73,85525.98,Delivered
BOL000487,MSC,DB Schenker,Aldo Group,Food Products,40GP,8,Kaohsiung,Miami,EXW,2024-01-06,2024-01-26,2024-01-26,20,0,Yes,None,2448.14,19585.12,111408.47,141554.91,Delivered
BOL000488,COSCO,Sinotrans,Giant Tiger,Apparel,40HC,8,Hamburg,Montreal,EXW,2024-06-08,2024-07-19,2024-07-19,41,0,Yes,None,3302.83,26422.64,159160.35,359681.39,Delivered
BOL000489,MSC,Sinotrans,Best Buy Canada,Electronics,40GP,5,Shanghai,Montreal,CFR,2022-06-12,2022-07-26,2022-07-26,44,0,Yes,None,3913.69,19568.45,85155.59,154786.0,Delivered
BOL000490,ZIM,CEVA Logistics,Sport Chek,Furniture,20RF,5,Shanghai,Vancouver,CIF,2024-04-25,2024-05-15,2024-05-15,20,0,Yes,None,2115.19,10575.95,92340.31,386636.92,Delivered
BOL000491,CMA CGM,DSV,Home Depot Canada,Auto Parts,40HC,10,Singapore,Houston,CIF,2022-06-20,2022-07-30,2022-07-30,40,0,Yes,None,3479.15,34791.5,224191.48,230474.47,Delivered
BOL000492,ZIM,Panalpina,Aldo Group,Machinery,45HC,2,Rotterdam,Halifax,CFR,2022-08-06,2022-09-16,2022-09-16,41,0,Yes,None,849.23,1698.46,40166.84,235479.88,Delivered
BOL000493,ZIM,Sinotrans,IKEA Canada,Furniture,20GP,4,Shanghai,New York,DDP,2024-03-19,2024-04-21,2024-04-21,33,0,Yes,None,1214.08,4856.32,21461.44,485554.98,Delivered
BOL000494,ZIM,Expeditors,Groupe Touchette,Electronics,40GP,8,Hamburg,Seattle,DAP,2023-01-26,2023-02-14,2023-02-14,19,0,Yes,None,2360.95,18887.6,61428.42,452183.51,Delivered
BOL000495,ZIM,DSV,Reitmans,Steel Products,45HC,1,Rotterdam,Miami,CFR,2023-02-17,2023-03-21,2023-03-21,32,0,Yes,None,2035.25,2035.25,7361.26,425338.47,Delivered
BOL000496,COSCO,Panalpina,Groupe Touchette,Electronics,20RF,10,Busan,Toronto,DAP,2022-03-17,2022-05-01,2022-05-01,45,0,Yes,None,4260.54,42605.4,258166.82,435140.76,Delivered
BOL000497,CMA CGM,Nippon Express,Costco Canada,Machinery,45HC,2,Rotterdam,Toronto,DDP,2022-05-11,2022-06-11,2022-06-11,31,0,Yes,None,2630.72,5261.44,53192.37,179914.42,Delivered
BOL000498,Hapag-Lloyd,Nippon Express,Mountain Equipment,Food Products,20RF,6,Hamburg,Los Angeles,DAP,2023-12-06,2024-01-17,2024-01-17,42,0,Yes,None,4210.42,25262.52,147776.62,360447.59,Delivered
BOL000499,ZIM,CEVA Logistics,Costco Canada,Machinery,20GP,8,Shenzhen,Miami,CIF,2022-11-28,2022-12-25,2022-12-25,27,0,Yes,None,1277.66,10221.28,76705.1,306817.01,Delivered
BOL000500,Yang Ming,Kuehne+Nagel,IKEA Canada,Apparel,40RF,3,Shenzhen,Houston,CFR,2022-02-07,2022-03-15,2022-03-15,36,0,Yes,None,1446.44,4339.32,74302.86,256704.66,Delivered
BOL000501,MSC,Kuehne+Nagel,Giant Tiger,Electronics,20GP,9,Colombo,Halifax,DAP,2023-04-04,2023-05-19,2023-05-24,45,5,No,Bad Weather,1789.72,16107.48,76293.92,348166.44,Delivered
BOL000502,Hapag-Lloyd,Kuehne+Nagel,Sobeys,Toys,20RF,2,Hong Kong,Los Angeles,CFR,2022-08-05,2022-08-25,2022-08-25,20,0,Yes,None,1418.07,2836.14,15430.73,110639.25,Delivered
BOL000503,ONE,Kuehne+Nagel,Hudson Bay,Machinery,20GP,4,Busan,Seattle,CFR,2022-11-12,2022-12-19,2022-12-19,37,0,Yes,None,2424.7,9698.8,58248.99,386826.25,Delivered
BOL000504,Yang Ming,Panalpina,Giant Tiger,Food Products,40HC,4,Busan,Los Angeles,DAP,2023-06-29,2023-08-05,2023-08-05,37,0,Yes,None,1360.96,5443.84,89322.66,216643.88,Delivered
BOL000505,Maersk,CEVA Logistics,Loblaw Companies,Food Products,40RF,9,Ningbo,Miami,FOB,2022-03-02,2022-04-13,2022-04-13,42,0,Yes,None,4291.48,38623.32,62549.09,164254.24,Delivered
BOL000506,Hapag-Lloyd,Sinotrans,Loblaw Companies,Textiles,40RF,9,Hong Kong,Toronto,CFR,2024-11-30,2025-01-01,2025-01-01,32,0,Yes,None,4032.12,36289.08,194361.07,163710.67,Delivered
BOL000507,Hapag-Lloyd,Panalpina,Reitmans,Apparel,20RF,8,Rotterdam,New York,FOB,2024-07-02,2024-07-29,2024-07-29,27,0,Yes,None,3380.64,27045.12,203332.18,392965.92,Delivered
BOL000508,Maersk,Expeditors,Loblaws,Textiles,40GP,2,Ningbo,Toronto,CFR,2024-03-09,2024-03-31,2024-04-09,22,9,No,Bad Weather,2693.18,5386.36,24363.61,176947.35,Delayed
BOL000509,Hapag-Lloyd,Nippon Express,Walmart Canada,Steel Products,20GP,6,Shenzhen,Seattle,DDP,2023-09-15,2023-10-26,2023-10-26,41,0,Yes,None,1761.1,10566.6,100034.91,70668.38,Delivered
BOL000510,ONE,DB Schenker,Groupe Touchette,Machinery,20RF,10,Kaohsiung,New York,EXW,2023-11-26,2023-12-25,2023-12-25,29,0,Yes,None,3444.19,34441.9,265634.07,336105.07,Delivered
BOL000511,MSC,DB Schenker,Indigo Books,Apparel,20RF,4,Rotterdam,Miami,FOB,2024-02-13,2024-03-13,2024-03-13,29,0,Yes,None,3844.52,15378.08,53236.61,58014.04,Delivered
BOL000512,ZIM,Sinotrans,Sobeys,Food Products,40RF,9,Singapore,Halifax,DAP,2024-09-02,2024-09-29,2024-09-29,27,0,Yes,None,2290.19,20611.71,160706.47,391624.11,Delivered
BOL000513,ZIM,Panalpina,Hudson Bay,Toys,40RF,8,Shenzhen,New York,FOB,2022-11-30,2022-12-23,2022-12-23,23,0,Yes,None,1278.73,10229.84,169632.54,433003.11,Delivered
BOL000514,Hapag-Lloyd,DB Schenker,Loblaw Companies,Toys,20RF,5,Hong Kong,Chicago,FOB,2022-09-01,2022-10-11,2022-10-11,40,0,Yes,None,949.04,4745.2,42630.02,192019.0,Delivered
BOL000515,MSC,DSV,Sobeys,Electronics,40HC,4,Colombo,Houston,DAP,2024-05-13,2024-05-30,2024-05-30,17,0,Yes,None,1477.39,5909.56,88048.75,11022.02,Delivered
BOL000516,CMA CGM,Sinotrans,Aldo Group,Chemicals,40RF,10,Hamburg,Seattle,FOB,2024-07-15,2024-08-19,2024-08-19,35,0,Yes,None,1291.4,12914.0,81860.13,321865.53,Delivered
BOL000517,Maersk,Kuehne+Nagel,Empire Company,Steel Products,20RF,1,Shenzhen,Los Angeles,DDP,2024-03-04,2024-04-01,2024-04-01,28,0,Yes,None,4344.89,4344.89,25470.99,370597.27,Delivered
BOL000518,COSCO,Expeditors,Loblaws,Furniture,20GP,10,Shanghai,Vancouver,FOB,2022-06-24,2022-07-20,2022-07-20,26,0,Yes,None,2730.49,27304.9,222628.47,256293.01,Delivered
BOL000519,Yang Ming,Panalpina,Walmart Canada,Furniture,20RF,6,Shanghai,Houston,DAP,2023-05-18,2023-06-29,2023-06-29,42,0,Yes,None,2286.65,13719.9,36207.74,432367.42,Delivered
BOL000520,Hapag-Lloyd,CEVA Logistics,Hudson Bay,Food Products,20GP,9,Shenzhen,Los Angeles,DDP,2024-02-22,2024-03-23,2024-03-23,30,0,Yes,None,1422.18,12799.62,74815.09,135221.72,Delivered
BOL000521,MSC,Expeditors,IKEA Canada,Electronics,40HC,7,Singapore,Miami,CIF,2023-10-29,2023-11-23,2023-11-23,25,0,Yes,None,1165.35,8157.45,57936.15,447575.4,Delivered
BOL000522,Hapag-Lloyd,Expeditors,Best Buy Canada,Textiles,40HC,8,Busan,Toronto,CFR,2024-10-06,2024-11-13,2024-11-13,38,0,Yes,None,2846.55,22772.4,52044.31,24164.15,Delivered
BOL000523,COSCO,CEVA Logistics,Giant Tiger,Food Products,20GP,9,Ningbo,New York,CFR,2022-09-15,2022-10-18,2022-10-18,33,0,Yes,None,1552.79,13975.11,245357.68,192919.56,Delivered
BOL000524,Yang Ming,DSV,Costco Canada,Chemicals,40RF,3,Kaohsiung,Chicago,DDP,2022-01-03,2022-02-15,2022-02-15,43,0,Yes,None,802.01,2406.03,79411.97,246271.27,Delivered
BOL000525,Yang Ming,Panalpina,Metro Inc,Auto Parts,20GP,5,Colombo,Chicago,CFR,2022-04-04,2022-04-28,2022-04-28,24,0,Yes,None,1131.95,5659.75,105319.37,416944.07,Delivered
BOL000526,Maersk,Nippon Express,Walmart Canada,Furniture,40HC,4,Kaohsiung,Houston,DDP,2023-12-03,2024-01-02,2024-01-02,30,0,Yes,None,3250.43,13001.72,49590.72,113205.71,Delivered
BOL000527,Maersk,Panalpina,Best Buy Canada,Toys,20RF,8,Shenzhen,Montreal,DDP,2022-01-09,2022-01-23,2022-01-23,14,0,Yes,None,3621.12,28968.96,139016.19,395779.57,Delivered
BOL000528,Maersk,Expeditors,Mountain Equipment,Machinery,40RF,1,Shanghai,New York,DDP,2024-02-10,2024-03-17,2024-03-17,36,0,Yes,None,1261.63,1261.63,13521.05,104565.52,Delivered
BOL000529,Maersk,Kuehne+Nagel,Sport Chek,Auto Parts,40GP,8,Kaohsiung,New York,DDP,2022-07-04,2022-08-06,2022-08-06,33,0,Yes,None,4379.0,35032.0,46770.47,251490.56,Delivered
BOL000530,MSC,Expeditors,Groupe Touchette,Furniture,40RF,10,Kaohsiung,Los Angeles,EXW,2023-07-23,2023-09-06,2023-09-06,45,0,Yes,None,3287.05,32870.5,188683.69,96009.13,Delivered
BOL000531,Maersk,DSV,Indigo Books,Chemicals,20GP,9,Shanghai,Miami,DAP,2024-12-07,2025-01-07,2025-01-07,31,0,Yes,None,3073.49,27661.41,185900.83,442719.95,In Transit
BOL000532,Yang Ming,CEVA Logistics,Home Depot Canada,Auto Parts,20GP,4,Hong Kong,Toronto,EXW,2022-09-07,2022-10-20,2022-10-20,43,0,Yes,None,973.77,3895.08,104492.02,270881.04,Delivered
BOL000533,Maersk,DSV,Shoppers Drug Mart,Steel Products,40GP,6,Hamburg,Miami,DDP,2023-04-08,2023-05-19,2023-05-21,41,2,No,Customs Inspection,1949.98,11699.88,116387.27,57395.79,Delivered
BOL000534,HMM,Kuehne+Nagel,Giant Tiger,Toys,40HC,1,Shenzhen,Halifax,FOB,2023-05-22,2023-06-11,2023-06-11,20,0,Yes,None,3840.05,3840.05,16952.53,126004.4,Delivered
BOL000535,HMM,CEVA Logistics,Best Buy Canada,Food Products,40HC,2,Shanghai,Chicago,FOB,2022-06-25,2022-07-12,2022-07-12,17,0,Yes,None,3695.79,7391.58,12852.1,403169.68,Delivered
BOL000536,ZIM,Kuehne+Nagel,Indigo Books,Food Products,20GP,10,Kaohsiung,Toronto,DAP,2022-04-17,2022-05-19,2022-05-19,32,0,Yes,None,3582.26,35822.6,103615.76,303792.17,Delivered
BOL000537,HMM,DSV,Metro Inc,Furniture,20RF,4,Kaohsiung,New York,DDP,2023-11-27,2023-12-12,2023-12-12,15,0,Yes,None,1199.62,4798.48,21130.55,359516.7,Delivered
BOL000538,Yang Ming,DSV,Mountain Equipment,Textiles,45HC,3,Singapore,Halifax,DDP,2023-12-29,2024-02-07,2024-02-07,40,0,Yes,None,1699.66,5098.98,69994.77,39640.68,Delivered
BOL000539,Evergreen,Sinotrans,Canadian Tire,Textiles,40HC,5,Ningbo,Toronto,CFR,2022-10-26,2022-11-18,2022-11-18,23,0,Yes,None,2164.67,10823.35,25929.41,297355.56,Delivered
BOL000540,ONE,DSV,Shoppers Drug Mart,Steel Products,40GP,2,Hamburg,Halifax,CFR,2023-12-06,2024-01-01,2024-01-01,26,0,Yes,None,2063.74,4127.48,40721.57,350442.97,Delivered
BOL000541,HMM,Panalpina,Sobeys,Auto Parts,20GP,8,Busan,Seattle,CIF,2024-05-07,2024-06-11,2024-06-11,35,0,Yes,None,1611.8,12894.4,40680.26,119282.29,Delivered
BOL000542,ZIM,Panalpina,Groupe Touchette,Auto Parts,20GP,6,Ningbo,Chicago,DDP,2024-02-09,2024-03-07,2024-03-07,27,0,Yes,None,836.6,5019.6,79388.36,281798.89,Delivered
BOL000543,CMA CGM,DSV,Hudson Bay,Auto Parts,40GP,4,Colombo,New York,FOB,2022-03-31,2022-04-15,2022-04-15,15,0,Yes,None,4075.91,16303.64,86132.97,176510.57,Delivered
BOL000544,CMA CGM,Kuehne+Nagel,Indigo Books,Textiles,45HC,2,Hong Kong,Houston,CFR,2022-07-27,2022-08-11,2022-08-11,15,0,Yes,None,2052.02,4104.04,19670.92,233539.8,Delivered
BOL000545,HMM,DSV,Reitmans,Steel Products,40GP,9,Busan,Toronto,CIF,2022-08-31,2022-09-23,2022-10-08,23,15,No,Customs Inspection,2199.32,19793.88,122470.85,303779.09,Delayed
BOL000546,ZIM,Sinotrans,Hudson Bay,Steel Products,40HC,3,Busan,Vancouver,FOB,2022-11-01,2022-12-05,2022-12-05,34,0,Yes,None,3950.56,11851.68,81818.52,444058.8,Delivered
BOL000547,Hapag-Lloyd,CEVA Logistics,Groupe Touchette,Steel Products,40GP,6,Hamburg,Seattle,DAP,2024-11-08,2024-12-15,2024-12-15,37,0,Yes,None,3436.2,20617.2,102515.64,246815.56,Delivered
BOL000548,Hapag-Lloyd,Kuehne+Nagel,Loblaw Companies,Textiles,40GP,7,Ningbo,Houston,FOB,2023-03-01,2023-03-29,2023-03-29,28,0,Yes,None,1608.8,11261.6,103428.68,194770.65,Delivered
BOL000549,Yang Ming,DSV,Shoppers Drug Mart,Chemicals,20RF,1,Hamburg,Miami,DAP,2023-08-28,2023-10-09,2023-10-09,42,0,Yes,None,2521.44,2521.44,19285.89,218790.15,Delivered
BOL000550,MSC,Kuehne+Nagel,Best Buy Canada,Machinery,40HC,2,Colombo,Montreal,CIF,2024-02-23,2024-03-09,2024-03-09,15,0,Yes,None,2128.64,4257.28,13791.25,422875.66,Delivered
BOL000551,HMM,DSV,Reitmans,Furniture,40HC,4,Singapore,New York,DDP,2022-05-27,2022-07-03,2022-07-03,37,0,Yes,None,3297.9,13191.6,43002.18,375153.56,Delivered
BOL000552,Yang Ming,Nippon Express,Costco Canada,Auto Parts,45HC,7,Colombo,Los Angeles,CIF,2022-01-18,2022-02-20,2022-02-20,33,0,Yes,None,3840.89,26886.23,157006.78,15826.45,Delivered
BOL000553,ZIM,Panalpina,Walmart Canada,Toys,40HC,2,Rotterdam,New York,CFR,2023-04-24,2023-06-06,2023-06-06,43,0,Yes,None,1958.38,3916.76,18640.94,387364.22,Delivered
BOL000554,Hapag-Lloyd,CEVA Logistics,Walmart Canada,Chemicals,45HC,6,Rotterdam,Montreal,CFR,2022-10-12,2022-11-03,2022-11-08,22,5,No,Port Congestion,2057.34,12344.04,87842.33,346023.77,Delivered
BOL000555,COSCO,Kuehne+Nagel,Sobeys,Food Products,20RF,10,Rotterdam,Vancouver,CIF,2022-10-12,2022-11-04,2022-11-04,23,0,Yes,None,2923.35,29233.5,139903.75,196846.1,Delivered
BOL000556,Maersk,Sinotrans,Home Depot Canada,Furniture,20GP,3,Kaohsiung,Seattle,CIF,2023-11-05,2023-12-17,2023-12-17,42,0,Yes,None,1185.96,3557.88,53150.57,25708.99,Delivered
BOL000557,Yang Ming,Sinotrans,Loblaw Companies,Furniture,20RF,2,Hong Kong,Miami,FOB,2023-08-05,2023-09-01,2023-09-01,27,0,Yes,None,2482.26,4964.52,26958.0,15413.07,Delivered
BOL000558,HMM,Nippon Express,Costco Canada,Machinery,40GP,4,Ningbo,Halifax,CFR,2024-09-06,2024-09-24,2024-10-01,18,7,No,Customs Inspection,1946.1,7784.4,95246.44,335748.4,Delayed
BOL000559,ZIM,Kuehne+Nagel,Canadian Tire,Toys,20GP,7,Kaohsiung,Seattle,CFR,2023-07-19,2023-08-14,2023-08-15,26,1,No,Equipment Shortage,3037.94,21265.58,74741.26,171156.82,Delivered
BOL000560,CMA CGM,Nippon Express,Indigo Books,Steel Products,40RF,5,Rotterdam,New York,DDP,2023-08-13,2023-09-25,2023-09-25,43,0,Yes,None,2247.03,11235.15,119694.4,426423.51,Delivered
BOL000561,MSC,Kuehne+Nagel,Indigo Books,Auto Parts,45HC,1,Colombo,Chicago,DAP,2024-02-27,2024-03-23,2024-03-23,25,0,Yes,None,1686.87,1686.87,25022.41,144150.38,Delivered
BOL000562,MSC,Sinotrans,Shoppers Drug Mart,Toys,40HC,7,Hamburg,Toronto,DAP,2024-01-26,2024-02-13,2024-02-13,18,0,Yes,None,2468.46,17279.22,75695.43,257971.64,Delivered
BOL000563,COSCO,DB Schenker,Giant Tiger,Auto Parts,20GP,3,Shenzhen,Vancouver,DDP,2023-02-03,2023-03-14,2023-03-14,39,0,Yes,None,2010.31,6030.93,66658.65,247532.03,Delivered
BOL000564,MSC,DB Schenker,Loblaws,Electronics,20GP,10,Rotterdam,Los Angeles,DDP,2024-08-22,2024-09-22,2024-09-22,31,0,Yes,None,1171.91,11719.1,117653.27,271980.38,Delivered
BOL000565,Yang Ming,CEVA Logistics,Canadian Tire,Machinery,20GP,9,Colombo,Vancouver,DAP,2024-06-21,2024-07-27,2024-07-27,36,0,Yes,None,1599.82,14398.38,189225.67,419885.56,Delivered
BOL000566,ONE,Expeditors,Home Depot Canada,Auto Parts,40GP,6,Shanghai,Toronto,DDP,2022-04-10,2022-05-18,2022-05-18,38,0,Yes,None,4162.4,24974.4,57598.03,17858.84,Delivered
BOL000567,Evergreen,Kuehne+Nagel,Indigo Books,Textiles,45HC,9,Busan,Halifax,DAP,2022-07-17,2022-08-10,2022-08-10,24,0,Yes,None,1198.43,10785.87,112718.28,285406.52,Delivered
BOL000568,MSC,Panalpina,Aldo Group,Machinery,40GP,1,Hamburg,New York,DDP,2023-04-21,2023-05-18,2023-05-18,27,0,Yes,None,2287.92,2287.92,12273.53,200701.46,Delivered
BOL000569,Hapag-Lloyd,Sinotrans,Shoppers Drug Mart,Apparel,40HC,10,Kaohsiung,Los Angeles,CFR,2022-03-31,2022-04-18,2022-04-18,18,0,Yes,None,2648.43,26484.3,277809.09,359140.24,Delivered
BOL000570,HMM,Expeditors,Metro Inc,Toys,40RF,6,Shanghai,Halifax,DAP,2022-09-30,2022-11-04,2022-11-04,35,0,Yes,None,4418.68,26512.08,121959.14,43081.61,Delivered
BOL000571,CMA CGM,Expeditors,Empire Company,Chemicals,20GP,5,Shenzhen,Toronto,DAP,2024-10-28,2024-11-11,2024-11-11,14,0,Yes,None,1674.67,8373.35,74277.26,129337.41,Delivered
BOL000572,ONE,DSV,Indigo Books,Electronics,40GP,10,Ningbo,Chicago,CFR,2022-11-07,2022-12-15,2022-12-15,38,0,Yes,None,4457.64,44576.4,152057.03,439892.63,Delivered
BOL000573,HMM,DB Schenker,Shoppers Drug Mart,Food Products,40HC,4,Busan,New York,CFR,2022-02-18,2022-03-18,2022-03-18,28,0,Yes,None,1561.52,6246.08,24974.81,459662.31,Delivered
BOL000574,CMA CGM,Expeditors,Costco Canada,Steel Products,20GP,4,Ningbo,Vancouver,CFR,2024-06-24,2024-07-08,2024-07-08,14,0,Yes,None,992.8,3971.2,111265.16,469754.52,Delivered
BOL000575,Hapag-Lloyd,DSV,Costco Canada,Steel Products,40HC,3,Busan,Chicago,DAP,2024-11-05,2024-11-24,2024-11-24,19,0,Yes,None,3470.19,10410.57,31899.82,96453.4,Delivered
BOL000576,Maersk,DSV,Home Depot Canada,Food Products,40GP,8,Ningbo,Seattle,DAP,2024-09-12,2024-10-01,2024-10-01,19,0,Yes,None,2433.09,19464.72,132973.83,370114.77,Delivered
BOL000577,ZIM,CEVA Logistics,Costco Canada,Auto Parts,40HC,8,Hong Kong,Los Angeles,CIF,2022-11-09,2022-12-04,2022-12-04,25,0,Yes,None,1847.94,14783.52,143434.15,245613.72,Delivered
BOL000578,Yang Ming,DB Schenker,Sport Chek,Electronics,45HC,7,Kaohsiung,Vancouver,FOB,2022-01-27,2022-03-05,2022-03-05,37,0,Yes,None,4390.82,30735.74,95076.33,249880.05,Delivered
BOL000579,Yang Ming,CEVA Logistics,Sobeys,Auto Parts,40RF,6,Shanghai,Miami,CIF,2023-02-02,2023-03-15,2023-03-15,41,0,Yes,None,2685.55,16113.3,97429.81,347359.8,Delivered
BOL000580,HMM,Kuehne+Nagel,Best Buy Canada,Furniture,40GP,5,Busan,Halifax,FOB,2024-01-11,2024-01-26,2024-01-26,15,0,Yes,None,3040.11,15200.55,133590.5,82210.02,Delivered
BOL000581,Hapag-Lloyd,DSV,Sport Chek,Textiles,20GP,9,Rotterdam,Chicago,CFR,2024-02-27,2024-04-06,2024-04-06,39,0,Yes,None,4166.81,37501.29,226333.28,91253.57,Delivered
BOL000582,CMA CGM,Kuehne+Nagel,Best Buy Canada,Toys,40HC,3,Singapore,Toronto,FOB,2024-04-22,2024-05-11,2024-05-11,19,0,Yes,None,1795.38,5386.14,29457.26,376662.22,Delivered
BOL000583,COSCO,Expeditors,Groupe Touchette,Apparel,45HC,3,Hamburg,Los Angeles,DAP,2024-05-05,2024-06-14,2024-06-14,40,0,Yes,None,1452.68,4358.04,27861.6,75822.71,Delivered
BOL000584,CMA CGM,Sinotrans,Home Depot Canada,Apparel,40GP,5,Kaohsiung,Vancouver,EXW,2023-01-16,2023-02-11,2023-02-11,26,0,Yes,None,4436.9,22184.5,125235.79,225957.92,Delivered
BOL000585,Maersk,Expeditors,Best Buy Canada,Steel Products,20RF,4,Shanghai,Chicago,FOB,2022-09-13,2022-10-14,2022-10-14,31,0,Yes,None,2568.22,10272.88,81898.02,59396.48,Delivered
BOL000586,ONE,Sinotrans,Sport Chek,Auto Parts,40HC,8,Hong Kong,Houston,EXW,2024-12-05,2024-12-19,2024-12-19,14,0,Yes,None,2550.96,20407.68,102013.51,220432.27,Delivered
BOL000587,HMM,Expeditors,Loblaws,Apparel,20GP,1,Ningbo,Toronto,CFR,2022-04-28,2022-06-03,2022-06-03,36,0,Yes,None,2490.6,2490.6,21061.09,365357.89,Delivered
BOL000588,ONE,Nippon Express,Shoppers Drug Mart,Electronics,45HC,9,Hong Kong,Toronto,DDP,2024-01-25,2024-03-07,2024-03-07,42,0,Yes,None,2328.57,20957.13,83902.53,493228.89,Delivered
BOL000589,Hapag-Lloyd,CEVA Logistics,Loblaw Companies,Steel Products,20GP,6,Shenzhen,Miami,CIF,2023-04-24,2023-06-08,2023-06-08,45,0,Yes,None,2383.29,14299.74,158544.72,466113.81,Delivered
BOL000590,COSCO,DB Schenker,Costco Canada,Auto Parts,40RF,9,Shenzhen,Seattle,CIF,2022-09-19,2022-11-03,2022-11-03,45,0,Yes,None,4452.71,40074.39,141628.23,449240.2,Delivered
BOL000591,MSC,Kuehne+Nagel,Sobeys,Furniture,40GP,6,Singapore,Seattle,CFR,2022-07-03,2022-07-23,2022-07-30,20,7,No,Port Congestion,4139.8,24838.8,135750.62,117984.26,Delayed
BOL000592,Yang Ming,Kuehne+Nagel,Loblaws,Auto Parts,20RF,2,Rotterdam,Montreal,CIF,2023-11-13,2023-12-11,2023-12-11,28,0,Yes,None,3182.75,6365.5,27342.47,361546.94,Delivered
BOL000593,ONE,DSV,Walmart Canada,Food Products,40RF,10,Hong Kong,Los Angeles,CFR,2023-08-19,2023-09-07,2023-09-07,19,0,Yes,None,4267.68,42676.8,221262.08,66892.05,Delivered
BOL000594,HMM,Sinotrans,Best Buy Canada,Steel Products,45HC,6,Ningbo,Montreal,CIF,2022-05-07,2022-06-02,2022-06-02,26,0,Yes,None,3653.74,21922.44,140057.5,467623.33,Delivered
BOL000595,HMM,Kuehne+Nagel,Metro Inc,Chemicals,40HC,4,Ningbo,Toronto,EXW,2022-01-19,2022-03-03,2022-03-03,43,0,Yes,None,2649.38,10597.52,61932.18,304718.05,Delivered
BOL000596,Evergreen,DB Schenker,Canadian Tire,Auto Parts,45HC,5,Hong Kong,Los Angeles,DDP,2023-07-15,2023-08-28,2023-08-28,44,0,Yes,None,3405.32,17026.6,68321.49,490759.97,Delivered
BOL000597,Yang Ming,DSV,Empire Company,Apparel,20GP,9,Hong Kong,Miami,CFR,2024-09-25,2024-11-03,2024-11-08,39,5,No,Customs Inspection,2251.46,20263.14,132444.56,241976.59,Delivered
BOL000598,CMA CGM,DSV,Sobeys,Toys,20RF,1,Ningbo,Halifax,DDP,2023-02-04,2023-03-15,2023-03-15,39,0,Yes,None,3944.3,3944.3,21320.51,234190.93,Delivered
BOL000599,Yang Ming,Panalpina,Best Buy Canada,Furniture,40GP,1,Ningbo,Miami,FOB,2022-10-24,2022-11-20,2022-11-20,27,0,Yes,None,2140.24,2140.24,24691.25,59954.44,Delivered
BOL000600,Maersk,Nippon Express,Sport Chek,Apparel,20RF,6,Rotterdam,New York,CIF,2024-08-28,2024-09-22,2024-09-22,25,0,Yes,None,2995.55,17973.3,163822.32,317216.55,Delivered
BOL000601,ONE,Kuehne+Nagel,Best Buy Canada,Electronics,40RF,2,Singapore,Seattle,FOB,2023-09-12,2023-10-07,2023-10-07,25,0,Yes,None,3677.6,7355.2,49785.21,328652.36,Delivered
BOL000602,HMM,Sinotrans,Sobeys,Furniture,20RF,4,Singapore,Vancouver,DAP,2022-09-07,2022-10-22,2022-10-22,45,0,Yes,None,885.2,3540.8,72714.34,290588.98,Delivered
BOL000603,COSCO,Kuehne+Nagel,Metro Inc,Toys,40RF,9,Colombo,Montreal,FOB,2023-09-04,2023-09-26,2023-09-26,22,0,Yes,None,1484.09,13356.81,213263.66,19675.73,Delivered
BOL000604,HMM,Kuehne+Nagel,Hudson Bay,Auto Parts,40RF,3,Shanghai,Los Angeles,DDP,2023-03-01,2023-03-22,2023-03-22,21,0,Yes,None,819.7,2459.1,45859.07,164005.08,Delivered
BOL000605,Hapag-Lloyd,Nippon Express,Empire Company,Electronics,40HC,6,Shanghai,New York,CFR,2023-06-10,2023-06-26,2023-06-28,16,2,No,Documentation Error,4375.22,26251.32,53681.24,488780.52,Delivered
BOL000606,Maersk,Expeditors,Empire Company,Auto Parts,40HC,10,Shanghai,New York,CIF,2022-10-14,2022-11-28,2022-11-28,45,0,Yes,None,2791.38,27913.8,98263.09,58514.47,Delivered
BOL000607,ZIM,DB Schenker,Indigo Books,Apparel,40GP,10,Ningbo,Miami,EXW,2022-10-02,2022-10-29,2022-10-29,27,0,Yes,None,2361.46,23614.6,176465.18,137730.48,Delivered
BOL000608,CMA CGM,Sinotrans,Shoppers Drug Mart,Food Products,40RF,4,Colombo,Halifax,CIF,2023-02-22,2023-03-12,2023-03-12,18,0,Yes,None,3443.45,13773.8,71855.08,327407.84,Delivered
BOL000609,ONE,Expeditors,Loblaw Companies,Chemicals,40HC,2,Hong Kong,Vancouver,EXW,2024-02-16,2024-03-02,2024-03-02,15,0,Yes,None,2766.44,5532.88,41463.05,209322.82,Delivered
BOL000610,HMM,Panalpina,Metro Inc,Toys,40GP,7,Colombo,Chicago,FOB,2023-07-15,2023-07-29,2023-07-29,14,0,Yes,None,4321.6,30251.2,161020.11,70516.71,Delivered
BOL000611,HMM,DB Schenker,Groupe Touchette,Food Products,20GP,3,Colombo,Montreal,DAP,2023-08-01,2023-09-01,2023-09-01,31,0,Yes,None,1976.59,5929.77,66879.23,98529.52,Delivered
BOL000612,HMM,DB Schenker,Giant Tiger,Food Products,40GP,3,Hong Kong,New York,DDP,2023-06-15,2023-06-29,2023-06-29,14,0,Yes,None,1327.88,3983.64,54161.69,141011.25,Delivered
BOL000613,MSC,Kuehne+Nagel,Shoppers Drug Mart,Machinery,40HC,5,Busan,Chicago,DAP,2024-06-17,2024-07-23,2024-07-23,36,0,Yes,None,4324.68,21623.4,84868.39,362048.74,Delivered
BOL000614,Yang Ming,Nippon Express,Loblaw Companies,Textiles,20GP,3,Hamburg,Toronto,DDP,2022-06-12,2022-06-30,2022-06-30,18,0,Yes,None,2928.67,8786.01,20836.37,150066.92,Delivered
BOL000615,HMM,DB Schenker,Giant Tiger,Electronics,40GP,1,Busan,Montreal,CFR,2024-10-16,2024-11-06,2024-11-06,21,0,Yes,None,3442.39,3442.39,21159.61,377337.3,Delivered
BOL000616,MSC,Kuehne+Nagel,IKEA Canada,Chemicals,40GP,9,Ningbo,Houston,DDP,2024-12-08,2025-01-05,2025-01-05,28,0,Yes,None,2107.18,18964.62,55537.66,252798.85,In Transit
BOL000617,Maersk,CEVA Logistics,Sobeys,Toys,40GP,1,Singapore,Montreal,CFR,2023-08-18,2023-09-20,2023-09-20,33,0,Yes,None,3530.7,3530.7,18083.36,116556.97,Delivered
BOL000618,Maersk,Expeditors,Sobeys,Apparel,40HC,6,Rotterdam,Houston,DAP,2023-12-30,2024-01-13,2024-01-13,14,0,Yes,None,1196.51,7179.06,78261.59,363992.46,Delivered
BOL000619,Hapag-Lloyd,DSV,Hudson Bay,Chemicals,45HC,1,Rotterdam,Houston,DAP,2022-06-23,2022-07-16,2022-07-16,23,0,Yes,None,1375.83,1375.83,20102.57,120786.66,Delivered
BOL000620,Evergreen,Sinotrans,Loblaw Companies,Machinery,40GP,3,Busan,Vancouver,FOB,2022-08-11,2022-09-22,2022-09-22,42,0,Yes,None,2108.83,6326.49,44943.25,186026.01,Delivered
BOL000621,ZIM,Panalpina,Loblaw Companies,Textiles,40RF,4,Shenzhen,Miami,DAP,2024-05-12,2024-06-16,2024-06-16,35,0,Yes,None,4308.99,17235.96,108292.29,491635.06,Delivered
BOL000622,ONE,Sinotrans,Walmart Canada,Food Products,20GP,1,Busan,Toronto,CFR,2024-03-29,2024-05-06,2024-05-06,38,0,Yes,None,1266.66,1266.66,12914.77,16687.99,Delivered
BOL000623,Hapag-Lloyd,Expeditors,Indigo Books,Auto Parts,45HC,4,Singapore,Vancouver,DDP,2024-09-10,2024-10-12,2024-10-12,32,0,Yes,None,3085.17,12340.68,87090.87,101561.52,Delivered
BOL000624,MSC,DSV,Canadian Tire,Furniture,20RF,3,Ningbo,New York,DAP,2024-08-28,2024-09-17,2024-09-17,20,0,Yes,None,1498.08,4494.24,73986.16,318164.88,Delivered
BOL000625,ONE,Sinotrans,Canadian Tire,Food Products,40GP,2,Busan,New York,DAP,2023-01-29,2023-02-21,2023-02-21,23,0,Yes,None,3998.1,7996.2,27496.22,267235.88,Delivered
BOL000626,Maersk,Expeditors,Shoppers Drug Mart,Electronics,40HC,6,Ningbo,Toronto,DDP,2022-04-16,2022-05-19,2022-05-19,33,0,Yes,None,3432.87,20597.22,64081.67,448602.05,Delivered
BOL000627,Maersk,Panalpina,Shoppers Drug Mart,Textiles,45HC,3,Shenzhen,Vancouver,CIF,2023-08-08,2023-09-21,2023-09-26,44,5,No,Port Congestion,1733.37,5200.11,48898.76,173798.25,Delivered
BOL000628,Maersk,Expeditors,Costco Canada,Steel Products,40GP,10,Kaohsiung,Vancouver,DDP,2024-01-11,2024-02-17,2024-02-17,37,0,Yes,None,2220.98,22209.8,254054.57,73937.85,Delivered
BOL000629,CMA CGM,DSV,Reitmans,Auto Parts,40HC,5,Ningbo,Toronto,DAP,2024-07-01,2024-07-21,2024-07-23,20,2,No,Documentation Error,3483.8,17419.0,138809.13,108979.57,Delivered
BOL000630,CMA CGM,DSV,Loblaw Companies,Steel Products,20GP,7,Colombo,Toronto,EXW,2023-12-13,2024-01-19,2024-01-19,37,0,Yes,None,1050.52,7353.64,102459.67,466352.84,Delivered
BOL000631,ZIM,Sinotrans,Reitmans,Textiles,40RF,7,Shenzhen,Los Angeles,DAP,2022-04-04,2022-04-21,2022-05-04,17,13,No,Customs Inspection,2631.6,18421.2,120727.65,261608.97,Delayed
BOL000632,COSCO,Expeditors,Empire Company,Textiles,40GP,10,Colombo,Seattle,EXW,2024-03-31,2024-05-01,2024-05-01,31,0,Yes,None,1605.89,16058.9,210246.0,440785.96,Delivered
BOL000633,Hapag-Lloyd,Expeditors,IKEA Canada,Electronics,40GP,1,Singapore,Los Angeles,DDP,2023-08-30,2023-09-30,2023-09-30,31,0,Yes,None,2774.19,2774.19,11712.4,323411.52,Delivered
BOL000634,CMA CGM,Panalpina,Empire Company,Food Products,40RF,10,Colombo,Chicago,CFR,2024-12-30,2025-01-20,2025-01-20,21,0,Yes,None,4397.21,43972.1,124649.23,473749.64,In Transit
BOL000635,Yang Ming,Expeditors,Aldo Group,Machinery,40RF,5,Kaohsiung,Vancouver,DDP,2022-04-28,2022-05-12,2022-05-12,14,0,Yes,None,1453.92,7269.6,136734.54,273320.46,Delivered
BOL000636,ZIM,Nippon Express,Hudson Bay,Apparel,20RF,7,Hong Kong,Los Angeles,DAP,2024-06-24,2024-07-22,2024-07-22,28,0,Yes,None,1375.87,9631.09,72307.43,365880.2,Delivered
BOL000637,HMM,Kuehne+Nagel,Loblaw Companies,Auto Parts,40RF,3,Ningbo,Miami,FOB,2023-01-14,2023-02-08,2023-02-08,25,0,Yes,None,3195.99,9587.97,16452.26,89830.14,Delivered
BOL000638,Yang Ming,CEVA Logistics,Walmart Canada,Electronics,20GP,9,Shenzhen,Miami,FOB,2024-05-23,2024-06-21,2024-06-29,29,8,No,Equipment Shortage,1307.98,11771.82,200341.95,15776.38,Delayed
BOL000639,ONE,Nippon Express,Loblaw Companies,Apparel,40GP,10,Shenzhen,Montreal,CIF,2022-09-28,2022-10-27,2022-10-27,29,0,Yes,None,849.94,8499.4,272262.98,479232.67,Delivered
BOL000640,Maersk,Kuehne+Nagel,Empire Company,Apparel,40GP,4,Shenzhen,Toronto,CFR,2024-06-28,2024-07-22,2024-07-22,24,0,Yes,None,1006.74,4026.96,83667.79,317468.07,Delivered
BOL000641,Yang Ming,Kuehne+Nagel,Hudson Bay,Apparel,40GP,1,Singapore,New York,DAP,2024-11-13,2024-12-23,2024-12-23,40,0,Yes,None,1638.7,1638.7,13863.81,183121.86,Delivered
BOL000642,CMA CGM,Panalpina,Metro Inc,Furniture,20RF,6,Shanghai,Halifax,DAP,2023-04-05,2023-04-25,2023-04-25,20,0,Yes,None,1237.9,7427.4,157418.11,460738.07,Delivered
BOL000643,ONE,CEVA Logistics,Home Depot Canada,Machinery,40RF,5,Singapore,Seattle,DDP,2023-01-07,2023-02-17,2023-02-17,41,0,Yes,None,3111.61,15558.05,58005.64,438947.06,Delivered
BOL000644,MSC,Sinotrans,Hudson Bay,Chemicals,45HC,8,Singapore,Los Angeles,CIF,2022-11-01,2022-11-24,2022-11-24,23,0,Yes,None,3814.2,30513.6,60822.18,219452.05,Delivered
BOL000645,Yang Ming,Nippon Express,Reitmans,Textiles,40RF,7,Busan,Miami,DAP,2023-12-24,2024-01-27,2024-01-27,34,0,Yes,None,3026.45,21185.15,137493.27,77728.43,Delivered
BOL000646,Evergreen,CEVA Logistics,Costco Canada,Chemicals,40RF,7,Busan,Vancouver,FOB,2024-12-26,2025-01-23,2025-01-23,28,0,Yes,None,2749.7,19247.9,160031.4,407533.12,In Transit
BOL000647,CMA CGM,Expeditors,IKEA Canada,Textiles,40HC,6,Singapore,Seattle,DAP,2024-01-13,2024-02-26,2024-02-29,44,3,No,Port Congestion,3940.38,23642.28,149614.61,411315.12,Delivered
BOL000648,MSC,DB Schenker,Sobeys,Steel Products,40RF,3,Hong Kong,Toronto,FOB,2023-04-05,2023-04-22,2023-04-22,17,0,Yes,None,2196.6,6589.8,16817.93,482807.46,Delivered
BOL000649,CMA CGM,Nippon Express,Empire Company,Textiles,40GP,2,Ningbo,Seattle,DDP,2022-03-03,2022-03-26,2022-03-26,23,0,Yes,None,846.17,1692.34,48229.13,214082.49,Delivered
BOL000650,CMA CGM,Sinotrans,Walmart Canada,Textiles,40RF,1,Shanghai,Halifax,CIF,2024-04-22,2024-05-27,2024-05-27,35,0,Yes,None,1861.05,1861.05,8585.41,441767.0,Delivered
BOL000651,MSC,Expeditors,Loblaw Companies,Textiles,40HC,10,Ningbo,Chicago,DAP,2024-05-17,2024-06-29,2024-06-29,43,0,Yes,None,2656.93,26569.3,213151.15,217598.43,Delivered
BOL000652,Yang Ming,Panalpina,Canadian Tire,Food Products,40RF,9,Hamburg,Houston,CIF,2024-03-31,2024-04-17,2024-04-17,17,0,Yes,None,3038.81,27349.29,60982.31,349289.03,Delivered
BOL000653,COSCO,CEVA Logistics,Costco Canada,Apparel,20GP,6,Singapore,Los Angeles,FOB,2024-05-18,2024-06-13,2024-06-13,26,0,Yes,None,3031.8,18190.8,146832.08,23743.94,Delivered
BOL000654,Maersk,DSV,Home Depot Canada,Electronics,20GP,4,Kaohsiung,Seattle,EXW,2023-09-26,2023-10-22,2023-10-22,26,0,Yes,None,1795.92,7183.68,109853.01,286750.44,Delivered
BOL000655,ONE,Kuehne+Nagel,Metro Inc,Food Products,45HC,9,Ningbo,Vancouver,DDP,2022-01-18,2022-02-23,2022-02-23,36,0,Yes,None,1521.07,13689.63,200631.35,365587.18,Delivered
BOL000656,MSC,Expeditors,IKEA Canada,Apparel,45HC,8,Ningbo,Seattle,DDP,2024-10-25,2024-11-17,2024-11-17,23,0,Yes,None,2969.53,23756.24,196772.99,152158.5,Delivered
BOL000657,Hapag-Lloyd,CEVA Logistics,Indigo Books,Chemicals,40RF,10,Ningbo,Houston,CFR,2022-10-16,2022-11-09,2022-11-09,24,0,Yes,None,3210.16,32101.6,263952.26,177293.49,Delivered
BOL000658,Hapag-Lloyd,Kuehne+Nagel,Sobeys,Textiles,20GP,3,Shanghai,Los Angeles,FOB,2024-03-04,2024-04-02,2024-04-06,29,4,No,Documentation Error,2897.53,8692.59,83613.91,57728.96,Delivered
BOL000659,ZIM,Kuehne+Nagel,Loblaw Companies,Machinery,20GP,5,Hamburg,Chicago,DAP,2024-07-20,2024-08-23,2024-08-26,34,3,No,Customs Inspection,2933.09,14665.45,65637.37,44855.62,Delivered
BOL000660,HMM,Sinotrans,Home Depot Canada,Chemicals,45HC,7,Hong Kong,Montreal,EXW,2024-09-26,2024-10-12,2024-10-12,16,0,Yes,None,3970.9,27796.3,182659.56,73202.28,Delivered
BOL000661,Maersk,Sinotrans,Empire Company,Furniture,40RF,1,Busan,Montreal,FOB,2024-11-02,2024-12-14,2024-12-14,42,0,Yes,None,3096.27,3096.27,19808.94,373110.85,Delivered
BOL000662,MSC,Sinotrans,Best Buy Canada,Apparel,45HC,8,Colombo,Seattle,CIF,2022-11-21,2022-12-30,2022-12-30,39,0,Yes,None,3275.86,26206.88,104204.58,239559.46,Delivered
BOL000663,Hapag-Lloyd,DB Schenker,Reitmans,Toys,40HC,6,Hamburg,Vancouver,FOB,2024-06-06,2024-07-02,2024-07-02,26,0,Yes,None,4486.82,26920.92,97108.71,354122.51,Delivered
BOL000664,ZIM,CEVA Logistics,Costco Canada,Auto Parts,20RF,1,Hong Kong,Miami,FOB,2024-08-20,2024-09-12,2024-09-12,23,0,Yes,None,4454.9,4454.9,22806.73,40576.13,Delivered
BOL000665,COSCO,DB Schenker,Loblaws,Auto Parts,20GP,3,Hamburg,Miami,DDP,2024-05-16,2024-06-16,2024-06-16,31,0,Yes,None,1056.26,3168.78,42949.73,156185.03,Delivered
BOL000666,Yang Ming,Sinotrans,Groupe Touchette,Chemicals,40HC,3,Colombo,Los Angeles,DDP,2022-04-21,2022-05-10,2022-05-25,19,15,No,Bad Weather,1534.84,4604.52,79993.97,245996.37,Delayed
BOL000667,CMA CGM,Panalpina,Sobeys,Toys,20RF,10,Hong Kong,Toronto,CIF,2022-01-21,2022-02-16,2022-02-16,26,0,Yes,None,1335.08,13350.8,202734.48,413516.87,Delivered
BOL000668,Maersk,Sinotrans,Costco Canada,Auto Parts,20GP,8,Kaohsiung,Vancouver,DDP,2022-08-21,2022-09-30,2022-09-30,40,0,Yes,None,4290.3,34322.4,197737.14,320803.6,Delivered
BOL000669,COSCO,Nippon Express,Sobeys,Apparel,40GP,10,Singapore,Chicago,DDP,2022-12-07,2023-01-14,2023-01-14,38,0,Yes,None,4333.89,43338.9,135158.98,188259.28,Delivered
BOL000670,Yang Ming,DB Schenker,Reitmans,Chemicals,20RF,7,Ningbo,Seattle,CIF,2024-04-27,2024-06-06,2024-06-06,40,0,Yes,None,2735.73,19150.11,158178.06,65556.2,Delivered
BOL000671,MSC,Sinotrans,Walmart Canada,Apparel,40RF,7,Shenzhen,Vancouver,DDP,2024-06-11,2024-07-19,2024-07-19,38,0,Yes,None,3146.2,22023.4,148036.91,469571.75,Delivered
BOL000672,Evergreen,Sinotrans,Reitmans,Auto Parts,20RF,2,Singapore,Miami,DAP,2022-08-01,2022-09-15,2022-09-15,45,0,Yes,None,3144.04,6288.08,33154.63,404876.62,Delivered
BOL000673,ONE,DSV,Empire Company,Auto Parts,20GP,6,Rotterdam,Toronto,CFR,2022-08-23,2022-09-18,2022-09-18,26,0,Yes,None,4380.18,26281.08,156136.05,212338.02,Delivered
BOL000674,ONE,Panalpina,Aldo Group,Textiles,40RF,4,Shanghai,Los Angeles,DDP,2023-06-26,2023-07-29,2023-08-12,33,14,No,Equipment Shortage,815.38,3261.52,103633.43,26010.56,Delayed
BOL000675,CMA CGM,Sinotrans,Hudson Bay,Food Products,20RF,7,Kaohsiung,Miami,DDP,2023-11-18,2023-12-12,2023-12-22,24,10,No,Customs Inspection,1512.84,10589.88,138753.93,415989.45,Delayed
BOL000676,CMA CGM,Kuehne+Nagel,Home Depot Canada,Chemicals,40RF,3,Singapore,Montreal,CIF,2023-10-14,2023-11-07,2023-11-07,24,0,Yes,None,2665.75,7997.25,58569.43,394297.83,Delivered
BOL000677,Yang Ming,Nippon Express,Loblaw Companies,Electronics,20RF,3,Shenzhen,Halifax,DDP,2022-02-22,2022-04-04,2022-04-04,41,0,Yes,None,902.93,2708.79,63822.74,461091.25,Delivered
BOL000678,Maersk,CEVA Logistics,Loblaw Companies,Machinery,40GP,5,Rotterdam,Chicago,FOB,2024-01-04,2024-01-29,2024-01-29,25,0,Yes,None,1517.17,7585.85,121652.53,365893.18,Delivered
BOL000679,Evergreen,CEVA Logistics,Sobeys,Food Products,20GP,3,Hamburg,Houston,FOB,2022-07-31,2022-08-21,2022-08-29,21,8,No,Port Congestion,1845.11,5535.33,76727.73,55460.8,Delayed
BOL000680,Hapag-Lloyd,CEVA Logistics,Groupe Touchette,Electronics,40GP,7,Ningbo,Los Angeles,CIF,2024-04-27,2024-05-15,2024-05-23,18,8,No,Port Congestion,2188.44,15319.08,85487.17,455068.18,Delayed
BOL000681,HMM,DB Schenker,Walmart Canada,Electronics,20RF,10,Shenzhen,New York,CFR,2022-08-29,2022-10-03,2022-10-03,35,0,Yes,None,2821.99,28219.9,86429.3,373431.45,Delivered
BOL000682,Hapag-Lloyd,Panalpina,Home Depot Canada,Toys,20GP,6,Ningbo,Chicago,CIF,2023-03-19,2023-04-25,2023-04-25,37,0,Yes,None,1312.69,7876.14,41515.1,348884.84,Delivered
BOL000683,Yang Ming,DSV,Groupe Touchette,Apparel,45HC,9,Busan,Chicago,CFR,2023-08-26,2023-10-08,2023-10-08,43,0,Yes,None,4301.48,38713.32,235926.06,132545.64,Delivered
BOL000684,Yang Ming,Panalpina,Groupe Touchette,Food Products,45HC,7,Shenzhen,Halifax,CIF,2022-12-06,2023-01-02,2023-01-02,27,0,Yes,None,3006.42,21044.94,78739.5,166186.86,Delivered
BOL000685,Yang Ming,Panalpina,Hudson Bay,Electronics,20GP,9,Colombo,Houston,FOB,2024-02-05,2024-02-23,2024-02-23,18,0,Yes,None,1736.34,15627.06,129830.31,305902.23,Delivered
BOL000686,ONE,Panalpina,Groupe Touchette,Auto Parts,40GP,6,Hong Kong,Toronto,DAP,2024-05-29,2024-06-23,2024-06-23,25,0,Yes,None,2176.27,13057.62,137573.01,69928.77,Delivered
BOL000687,Yang Ming,Expeditors,Shoppers Drug Mart,Food Products,40GP,9,Shenzhen,Halifax,EXW,2023-04-22,2023-05-10,2023-05-10,18,0,Yes,None,1604.61,14441.49,161118.45,360970.16,Delivered
BOL000688,Yang Ming,DSV,Walmart Canada,Auto Parts,20GP,5,Hong Kong,Halifax,CFR,2023-02-08,2023-02-25,2023-02-25,17,0,Yes,None,2358.58,11792.9,39270.66,93858.47,Delivered
BOL000689,MSC,DSV,Indigo Books,Toys,40GP,7,Hong Kong,Toronto,FOB,2022-02-06,2022-02-20,2022-02-20,14,0,Yes,None,936.93,6558.51,120888.19,268481.7,Delivered
BOL000690,ZIM,Kuehne+Nagel,Aldo Group,Apparel,20GP,9,Singapore,Seattle,EXW,2023-07-17,2023-08-20,2023-08-20,34,0,Yes,None,3666.07,32994.63,147220.45,33065.66,Delivered
BOL000691,MSC,CEVA Logistics,Mountain Equipment,Auto Parts,40GP,2,Busan,Los Angeles,DDP,2022-03-01,2022-03-29,2022-03-29,28,0,Yes,None,4476.1,8952.2,49623.88,364884.15,Delivered
BOL000692,Hapag-Lloyd,Nippon Express,Groupe Touchette,Furniture,20GP,1,Kaohsiung,Miami,CIF,2022-04-18,2022-05-18,2022-05-18,30,0,Yes,None,4304.44,4304.44,6725.97,171371.2,Delivered
BOL000693,ZIM,Nippon Express,Shoppers Drug Mart,Toys,20RF,7,Busan,Halifax,EXW,2022-09-03,2022-09-25,2022-09-25,22,0,Yes,None,3156.54,22095.78,142585.88,265664.21,Delivered
BOL000694,MSC,CEVA Logistics,Costco Canada,Toys,40RF,2,Busan,Vancouver,FOB,2023-04-08,2023-04-27,2023-04-27,19,0,Yes,None,2106.14,4212.28,48434.94,128764.37,Delivered
BOL000695,Hapag-Lloyd,Kuehne+Nagel,Loblaw Companies,Toys,45HC,2,Colombo,Houston,DDP,2023-03-19,2023-05-01,2023-05-01,43,0,Yes,None,2059.67,4119.34,47443.79,383185.24,Delivered
BOL000696,CMA CGM,DB Schenker,Best Buy Canada,Machinery,45HC,10,Singapore,Miami,CFR,2022-09-24,2022-10-22,2022-10-22,28,0,Yes,None,2699.82,26998.2,229404.84,102097.2,Delivered
BOL000697,Hapag-Lloyd,Panalpina,Home Depot Canada,Apparel,20GP,8,Hamburg,Houston,CFR,2024-08-02,2024-08-22,2024-08-22,20,0,Yes,None,1492.01,11936.08,45259.87,334323.9,Delivered
BOL000698,Yang Ming,Sinotrans,Costco Canada,Auto Parts,45HC,9,Shanghai,Miami,EXW,2024-06-02,2024-06-29,2024-06-29,27,0,Yes,None,2034.84,18313.56,136357.5,191192.53,Delivered
BOL000699,MSC,DSV,Groupe Touchette,Electronics,20RF,7,Shenzhen,New York,FOB,2022-12-28,2023-01-28,2023-01-28,31,0,Yes,None,1203.98,8427.86,43029.3,131982.68,Delivered
BOL000700,ZIM,Panalpina,Costco Canada,Auto Parts,40GP,10,Busan,Chicago,CIF,2023-05-04,2023-05-22,2023-05-22,18,0,Yes,None,3388.2,33882.0,143048.66,202513.86,Delivered
BOL000701,ONE,Panalpina,Hudson Bay,Apparel,40GP,9,Busan,Los Angeles,CIF,2023-08-13,2023-09-14,2023-09-14,32,0,Yes,None,4158.8,37429.2,173778.5,372154.47,Delivered
BOL000702,HMM,CEVA Logistics,Groupe Touchette,Chemicals,45HC,6,Ningbo,Toronto,DAP,2024-07-21,2024-08-13,2024-08-13,23,0,Yes,None,877.06,5262.36,164463.18,441816.19,Delivered
BOL000703,CMA CGM,Panalpina,Empire Company,Apparel,20GP,10,Colombo,Los Angeles,FOB,2024-09-27,2024-10-26,2024-10-26,29,0,Yes,None,3316.17,33161.7,116851.47,121860.96,Delivered
BOL000704,ONE,Nippon Express,Aldo Group,Textiles,20RF,5,Hong Kong,Chicago,DDP,2024-07-15,2024-08-29,2024-08-29,45,0,Yes,None,3254.61,16273.05,54156.74,234787.87,Delivered
BOL000705,ZIM,Sinotrans,Groupe Touchette,Electronics,40RF,1,Ningbo,Houston,CIF,2022-08-19,2022-09-19,2022-09-19,31,0,Yes,None,1347.23,1347.23,14437.34,117925.25,Delivered
BOL000706,CMA CGM,Panalpina,Mountain Equipment,Machinery,45HC,2,Hamburg,Montreal,DDP,2024-01-07,2024-02-03,2024-02-03,27,0,Yes,None,4372.18,8744.36,50348.63,342612.75,Delivered
BOL000707,HMM,CEVA Logistics,Best Buy Canada,Chemicals,20GP,10,Rotterdam,Seattle,EXW,2024-03-11,2024-04-20,2024-04-20,40,0,Yes,None,2724.29,27242.9,128953.12,310060.04,Delivered
BOL000708,Hapag-Lloyd,Expeditors,Canadian Tire,Electronics,20RF,5,Singapore,Vancouver,DAP,2024-10-18,2024-11-10,2024-11-10,23,0,Yes,None,3108.04,15540.2,101396.84,158786.34,Delivered
BOL000709,Hapag-Lloyd,DB Schenker,Reitmans,Textiles,20GP,7,Ningbo,Houston,DDP,2023-08-03,2023-08-24,2023-08-24,21,0,Yes,None,2103.35,14723.45,169291.72,34452.0,Delivered
BOL000710,Yang Ming,DSV,Best Buy Canada,Food Products,45HC,10,Hong Kong,New York,DAP,2022-06-26,2022-07-27,2022-07-30,31,3,No,Customs Inspection,4197.56,41975.6,116884.47,25746.98,Delivered
BOL000711,Yang Ming,DSV,Empire Company,Textiles,40RF,6,Singapore,Los Angeles,CIF,2023-09-11,2023-10-14,2023-10-14,33,0,Yes,None,3776.21,22657.26,49206.34,386153.58,Delivered
BOL000712,ZIM,Nippon Express,Mountain Equipment,Chemicals,20RF,3,Ningbo,Montreal,CFR,2022-06-25,2022-07-28,2022-08-07,33,10,No,Equipment Shortage,2191.07,6573.21,75438.58,224077.48,Delayed
BOL000713,CMA CGM,Panalpina,IKEA Canada,Steel Products,45HC,8,Rotterdam,Vancouver,EXW,2023-12-27,2024-02-06,2024-02-06,41,0,Yes,None,902.39,7219.12,142839.28,479170.96,Delivered
BOL000714,Maersk,Kuehne+Nagel,Loblaws,Apparel,45HC,3,Colombo,Seattle,FOB,2022-09-18,2022-10-20,2022-10-20,32,0,Yes,None,2290.89,6872.67,15410.75,405665.7,Delivered
BOL000715,Evergreen,Nippon Express,Reitmans,Textiles,45HC,6,Colombo,Toronto,CIF,2023-11-14,2023-12-04,2023-12-04,20,0,Yes,None,3997.96,23987.76,46759.09,296462.57,Delivered
BOL000716,Evergreen,DB Schenker,Walmart Canada,Apparel,40GP,5,Hamburg,Halifax,FOB,2022-10-07,2022-11-04,2022-11-04,28,0,Yes,None,3124.49,15622.45,107701.33,468900.29,Delivered
BOL000717,Yang Ming,DSV,IKEA Canada,Toys,45HC,1,Shenzhen,Chicago,CIF,2022-09-05,2022-09-25,2022-09-25,20,0,Yes,None,3881.09,3881.09,15207.77,37270.05,Delivered
BOL000718,Evergreen,DSV,Empire Company,Toys,20GP,3,Colombo,Montreal,DAP,2024-06-18,2024-07-09,2024-07-09,21,0,Yes,None,1324.24,3972.72,66377.3,127934.13,Delivered
BOL000719,Maersk,Sinotrans,Best Buy Canada,Machinery,45HC,7,Rotterdam,Los Angeles,DAP,2022-07-24,2022-09-07,2022-09-07,45,0,Yes,None,3381.32,23669.24,52281.07,214279.27,Delivered
BOL000720,ZIM,Panalpina,Hudson Bay,Machinery,40RF,10,Ningbo,Seattle,FOB,2022-01-23,2022-02-25,2022-02-25,33,0,Yes,None,2444.57,24445.7,258864.92,183816.17,Delivered
BOL000721,ZIM,Sinotrans,Empire Company,Furniture,45HC,9,Kaohsiung,Houston,EXW,2024-10-22,2024-11-18,2024-11-24,27,6,No,Documentation Error,1032.23,9290.07,180775.28,182414.83,Delayed
BOL000722,CMA CGM,Panalpina,Groupe Touchette,Chemicals,40RF,3,Colombo,Chicago,CFR,2022-05-20,2022-07-03,2022-07-10,44,7,No,Documentation Error,2931.34,8794.02,78991.44,389945.02,Delayed
BOL000723,Evergreen,Sinotrans,Hudson Bay,Auto Parts,40RF,3,Hamburg,Houston,FOB,2024-04-06,2024-04-24,2024-04-24,18,0,Yes,None,1657.31,4971.93,60903.01,254722.61,Delivered
BOL000724,CMA CGM,Sinotrans,Giant Tiger,Chemicals,20GP,1,Kaohsiung,Toronto,FOB,2024-05-10,2024-05-28,2024-05-28,18,0,Yes,None,3933.17,3933.17,6676.28,384042.46,Delivered
BOL000725,MSC,Expeditors,Best Buy Canada,Steel Products,45HC,5,Colombo,New York,FOB,2022-09-30,2022-10-26,2022-10-26,26,0,Yes,None,1634.34,8171.7,110347.7,222690.87,Delivered
BOL000726,Evergreen,Panalpina,Sobeys,Auto Parts,45HC,10,Colombo,Seattle,CFR,2022-03-10,2022-04-01,2022-04-01,22,0,Yes,None,2822.35,28223.5,66551.98,100799.13,Delivered
BOL000727,MSC,CEVA Logistics,IKEA Canada,Apparel,45HC,7,Colombo,Chicago,DAP,2024-01-01,2024-01-23,2024-01-23,22,0,Yes,None,4033.71,28235.97,126633.54,72324.27,Delivered
BOL000728,MSC,DSV,IKEA Canada,Textiles,40HC,5,Ningbo,Chicago,CFR,2023-11-09,2023-11-24,2023-11-24,15,0,Yes,None,2244.58,11222.9,66159.1,437496.84,Delivered
BOL000729,ONE,Panalpina,Costco Canada,Food Products,20GP,10,Shanghai,Toronto,EXW,2024-03-28,2024-04-14,2024-04-14,17,0,Yes,None,2542.62,25426.2,261000.01,138896.01,Delivered
BOL000730,MSC,Panalpina,Canadian Tire,Steel Products,40RF,6,Busan,Seattle,CFR,2022-05-02,2022-05-24,2022-05-24,22,0,Yes,None,4219.44,25316.64,121540.39,440352.39,Delivered
BOL000731,ZIM,Sinotrans,Mountain Equipment,Textiles,20GP,9,Shenzhen,Toronto,CIF,2022-05-25,2022-07-04,2022-07-04,40,0,Yes,None,2571.45,23143.05,71799.17,364431.59,Delivered
BOL000732,HMM,Nippon Express,Walmart Canada,Food Products,40GP,1,Busan,Montreal,DDP,2024-09-05,2024-10-08,2024-10-08,33,0,Yes,None,4245.61,4245.61,5606.14,393093.05,Delivered
BOL000733,ONE,Sinotrans,Shoppers Drug Mart,Chemicals,40GP,7,Shenzhen,Halifax,CIF,2022-04-17,2022-05-25,2022-05-25,38,0,Yes,None,3394.95,23764.65,123476.73,66635.77,Delivered
BOL000734,Maersk,CEVA Logistics,IKEA Canada,Electronics,20GP,4,Colombo,Halifax,DDP,2022-04-29,2022-05-28,2022-05-28,29,0,Yes,None,2328.34,9313.36,89236.35,405790.17,Delivered
BOL000735,HMM,Kuehne+Nagel,Best Buy Canada,Food Products,40HC,1,Singapore,Los Angeles,DAP,2022-06-06,2022-06-23,2022-06-23,17,0,Yes,None,1962.27,1962.27,18855.57,446308.1,Delivered
BOL000736,COSCO,DSV,IKEA Canada,Machinery,40RF,6,Singapore,Houston,DDP,2022-06-06,2022-07-06,2022-07-06,30,0,Yes,None,4121.27,24727.62,148508.9,227335.5,Delivered
BOL000737,Hapag-Lloyd,Panalpina,Best Buy Canada,Textiles,45HC,10,Colombo,New York,CIF,2023-10-16,2023-11-05,2023-11-05,20,0,Yes,None,2598.97,25989.7,68042.6,456904.11,Delivered
BOL000738,HMM,CEVA Logistics,Home Depot Canada,Food Products,40RF,8,Singapore,Chicago,EXW,2022-10-18,2022-11-03,2022-11-03,16,0,Yes,None,4326.27,34610.16,43917.3,419799.35,Delivered
BOL000739,Maersk,Panalpina,Reitmans,Machinery,45HC,7,Rotterdam,Montreal,FOB,2023-07-26,2023-09-02,2023-09-02,38,0,Yes,None,2442.87,17100.09,71136.2,195870.22,Delivered
BOL000740,Yang Ming,Sinotrans,Reitmans,Electronics,40HC,10,Kaohsiung,Miami,FOB,2022-02-23,2022-03-30,2022-03-30,35,0,Yes,None,1601.21,16012.1,56289.38,365635.28,Delivered
BOL000741,Maersk,Kuehne+Nagel,Loblaws,Machinery,20RF,9,Busan,Los Angeles,DDP,2023-08-12,2023-09-24,2023-09-24,43,0,Yes,None,1762.37,15861.33,243783.14,238992.91,Delivered
BOL000742,MSC,DSV,Shoppers Drug Mart,Machinery,20GP,10,Kaohsiung,Toronto,CFR,2023-05-27,2023-06-28,2023-06-28,32,0,Yes,None,1814.8,18148.0,111811.89,132751.51,Delivered
BOL000743,Yang Ming,DSV,Home Depot Canada,Electronics,20GP,8,Colombo,New York,CFR,2023-01-02,2023-02-13,2023-02-13,42,0,Yes,None,936.91,7495.28,106005.15,322494.12,Delivered
BOL000744,Maersk,DB Schenker,Canadian Tire,Auto Parts,40HC,5,Ningbo,Halifax,FOB,2023-10-06,2023-10-24,2023-10-24,18,0,Yes,None,4015.5,20077.5,39630.59,318865.71,Delivered
BOL000745,ONE,Expeditors,Canadian Tire,Textiles,20RF,4,Singapore,Toronto,DDP,2024-11-03,2024-12-15,2024-12-15,42,0,Yes,None,1025.01,4100.04,85738.56,136936.83,Delivered
BOL000746,Yang Ming,Panalpina,Walmart Canada,Machinery,20GP,9,Rotterdam,Vancouver,CIF,2023-12-18,2024-01-07,2024-01-07,20,0,Yes,None,1086.57,9779.13,87236.68,289479.29,Delivered
BOL000747,Hapag-Lloyd,Kuehne+Nagel,Walmart Canada,Furniture,40HC,8,Hong Kong,Toronto,CFR,2024-01-08,2024-02-12,2024-02-12,35,0,Yes,None,4287.17,34297.36,94107.6,25267.13,Delivered
BOL000748,Maersk,Kuehne+Nagel,Home Depot Canada,Furniture,40RF,9,Rotterdam,Halifax,DAP,2023-03-10,2023-04-13,2023-04-13,34,0,Yes,None,3698.83,33289.47,192557.93,470570.52,Delivered
BOL000749,Evergreen,Panalpina,IKEA Canada,Steel Products,20RF,1,Hong Kong,Chicago,EXW,2023-04-05,2023-05-15,2023-05-15,40,0,Yes,None,3046.28,3046.28,20161.55,264964.64,Delivered
BOL000750,MSC,Kuehne+Nagel,Metro Inc,Chemicals,40RF,2,Rotterdam,Houston,CFR,2023-05-13,2023-06-19,2023-06-19,37,0,Yes,None,3364.37,6728.74,30470.34,479228.19,Delivered
BOL000751,Yang Ming,DSV,Loblaw Companies,Steel Products,45HC,4,Colombo,New York,DDP,2024-01-12,2024-02-25,2024-02-25,44,0,Yes,None,2906.57,11626.28,96064.12,71387.82,Delivered
BOL000752,ZIM,Sinotrans,Best Buy Canada,Electronics,45HC,7,Busan,Los Angeles,CIF,2023-08-11,2023-09-15,2023-09-15,35,0,Yes,None,2668.6,18680.2,58892.17,252158.11,Delivered
BOL000753,Yang Ming,Sinotrans,Loblaw Companies,Food Products,20GP,7,Colombo,Montreal,EXW,2023-06-24,2023-08-07,2023-08-07,44,0,Yes,None,888.55,6219.85,61876.64,45777.21,Delivered
BOL000754,ZIM,Sinotrans,Giant Tiger,Food Products,40HC,10,Shenzhen,Houston,DDP,2023-05-10,2023-06-11,2023-06-11,32,0,Yes,None,3052.4,30524.0,74787.51,363868.0,Delivered
BOL000755,HMM,Sinotrans,Giant Tiger,Chemicals,40GP,10,Shanghai,Halifax,DDP,2023-08-16,2023-09-29,2023-09-29,44,0,Yes,None,4190.46,41904.6,265422.93,51056.85,Delivered
BOL000756,HMM,Sinotrans,Groupe Touchette,Textiles,20RF,5,Hong Kong,Toronto,CFR,2023-10-19,2023-11-30,2023-11-30,42,0,Yes,None,4295.64,21478.2,36143.34,155700.78,Delivered
BOL000757,COSCO,Panalpina,Aldo Group,Machinery,40GP,3,Busan,Miami,CFR,2023-08-08,2023-09-11,2023-09-11,34,0,Yes,None,955.16,2865.48,80208.63,442368.24,Delivered
BOL000758,MSC,DB Schenker,Loblaws,Auto Parts,40HC,5,Singapore,Halifax,DDP,2022-07-23,2022-08-28,2022-08-28,36,0,Yes,None,2600.55,13002.75,50717.84,92967.18,Delivered
BOL000759,Maersk,Expeditors,Mountain Equipment,Toys,40GP,1,Colombo,New York,FOB,2022-07-16,2022-08-12,2022-08-12,27,0,Yes,None,3014.05,3014.05,5914.14,446415.77,Delivered
BOL000760,Yang Ming,DB Schenker,Home Depot Canada,Toys,40GP,8,Shenzhen,Seattle,EXW,2023-08-01,2023-09-11,2023-09-11,41,0,Yes,None,1891.28,15130.24,60169.14,356097.88,Delivered
BOL000761,COSCO,CEVA Logistics,Shoppers Drug Mart,Apparel,40RF,4,Singapore,Seattle,DDP,2023-07-25,2023-08-15,2023-08-15,21,0,Yes,None,3491.24,13964.96,50094.65,258459.48,Delivered
BOL000762,Evergreen,Expeditors,Sport Chek,Furniture,20RF,6,Shanghai,Toronto,CFR,2024-06-06,2024-06-26,2024-06-26,20,0,Yes,None,1504.48,9026.88,107027.5,420441.17,Delivered
BOL000763,Maersk,Expeditors,Sobeys,Food Products,40GP,8,Colombo,New York,FOB,2023-02-05,2023-03-07,2023-03-07,30,0,Yes,None,1845.62,14764.96,76537.43,439173.33,Delivered
BOL000764,Hapag-Lloyd,Nippon Express,Sobeys,Auto Parts,20RF,7,Colombo,Los Angeles,EXW,2022-12-31,2023-01-16,2023-01-16,16,0,Yes,None,3134.8,21943.6,72789.24,180864.85,Delivered
BOL000765,ZIM,Kuehne+Nagel,Indigo Books,Chemicals,20GP,4,Singapore,Miami,CIF,2024-03-14,2024-04-19,2024-04-19,36,0,Yes,None,1215.76,4863.04,101042.36,379930.94,Delivered
BOL000766,Yang Ming,DSV,Empire Company,Auto Parts,40HC,7,Hamburg,Halifax,FOB,2022-12-27,2023-02-08,2023-02-08,43,0,Yes,None,3407.83,23854.81,159562.77,247031.98,Delivered
BOL000767,ZIM,CEVA Logistics,Loblaws,Food Products,45HC,1,Rotterdam,Miami,DAP,2024-11-05,2024-12-02,2024-12-02,27,0,Yes,None,2880.35,2880.35,12433.42,340744.63,Delivered
BOL000768,Evergreen,Panalpina,Aldo Group,Apparel,40RF,1,Ningbo,Montreal,CFR,2023-07-04,2023-08-18,2023-08-18,45,0,Yes,None,1941.49,1941.49,14425.67,290527.79,Delivered
BOL000769,Maersk,Expeditors,Mountain Equipment,Textiles,45HC,2,Colombo,Vancouver,CIF,2022-09-22,2022-10-07,2022-10-07,15,0,Yes,None,3687.6,7375.2,25331.25,182823.31,Delivered
BOL000770,Maersk,Sinotrans,Best Buy Canada,Electronics,40HC,3,Busan,Toronto,CFR,2022-11-18,2022-12-27,2022-12-27,39,0,Yes,None,4169.42,12508.26,37873.65,115651.4,Delivered
BOL000771,Yang Ming,Kuehne+Nagel,Loblaws,Furniture,20GP,4,Shenzhen,Miami,DDP,2024-09-20,2024-10-06,2024-10-06,16,0,Yes,None,3136.76,12547.04,83302.44,26551.23,Delivered
BOL000772,HMM,DSV,Aldo Group,Food Products,40RF,7,Ningbo,Vancouver,CIF,2022-06-06,2022-06-24,2022-06-24,18,0,Yes,None,874.57,6121.99,154566.97,275432.0,Delivered
BOL000773,Yang Ming,Expeditors,Home Depot Canada,Machinery,40HC,5,Kaohsiung,Seattle,DAP,2023-10-25,2023-12-05,2023-12-05,41,0,Yes,None,2497.95,12489.75,36463.11,484938.57,Delivered
BOL000774,COSCO,CEVA Logistics,IKEA Canada,Apparel,40RF,9,Rotterdam,Houston,DAP,2024-04-12,2024-05-13,2024-05-13,31,0,Yes,None,2674.4,24069.6,124158.53,496645.44,Delivered
BOL000775,COSCO,Expeditors,Sobeys,Furniture,20RF,2,Shenzhen,Vancouver,CIF,2024-03-24,2024-04-21,2024-04-21,28,0,Yes,None,3178.43,6356.86,25292.03,406743.59,Delivered
BOL000776,Yang Ming,DB Schenker,Shoppers Drug Mart,Machinery,45HC,9,Hamburg,Chicago,DDP,2022-06-21,2022-07-14,2022-07-14,23,0,Yes,None,3475.22,31276.98,162294.32,123890.58,Delivered
BOL000777,ZIM,Panalpina,IKEA Canada,Chemicals,45HC,1,Hamburg,Montreal,DDP,2022-03-16,2022-04-19,2022-04-19,34,0,Yes,None,1792.14,1792.14,9812.16,285580.65,Delivered
BOL000778,CMA CGM,DB Schenker,Best Buy Canada,Textiles,40RF,2,Ningbo,Toronto,DDP,2024-08-02,2024-09-15,2024-09-15,44,0,Yes,None,4208.55,8417.1,29582.29,47977.18,Delivered
BOL000779,Yang Ming,Sinotrans,Best Buy Canada,Electronics,45HC,8,Colombo,Miami,EXW,2023-02-09,2023-03-23,2023-04-06,42,14,No,Port Congestion,1431.67,11453.36,187780.27,248724.75,Delayed
BOL000780,ONE,Nippon Express,Loblaws,Textiles,40HC,10,Busan,Halifax,CFR,2023-08-26,2023-09-26,2023-09-26,31,0,Yes,None,3205.82,32058.2,82549.05,266393.11,Delivered
BOL000781,CMA CGM,CEVA Logistics,Home Depot Canada,Furniture,40RF,3,Hong Kong,Miami,DAP,2024-08-05,2024-09-01,2024-09-01,27,0,Yes,None,1407.68,4223.04,64340.62,242196.51,Delivered
BOL000782,ONE,CEVA Logistics,Mountain Equipment,Textiles,20RF,8,Ningbo,Vancouver,CIF,2023-10-01,2023-10-27,2023-10-27,26,0,Yes,None,2024.83,16198.64,51243.83,239660.11,Delivered
BOL000783,COSCO,DB Schenker,Groupe Touchette,Auto Parts,45HC,10,Singapore,Montreal,FOB,2023-01-30,2023-03-02,2023-03-02,31,0,Yes,None,3498.5,34985.0,134473.2,385824.53,Delivered
BOL000784,HMM,Nippon Express,Loblaws,Steel Products,20RF,2,Rotterdam,Houston,CFR,2022-07-30,2022-08-26,2022-08-26,27,0,Yes,None,1268.81,2537.62,34026.62,325966.76,Delivered
BOL000785,ONE,Nippon Express,Loblaw Companies,Apparel,40GP,2,Hamburg,Toronto,FOB,2023-03-05,2023-03-29,2023-03-29,24,0,Yes,None,4239.32,8478.64,38286.49,80233.33,Delivered
BOL000786,Hapag-Lloyd,Kuehne+Nagel,Metro Inc,Textiles,20GP,4,Hamburg,Houston,EXW,2024-05-21,2024-07-04,2024-07-04,44,0,Yes,None,2872.54,11490.16,54712.48,198909.63,Delivered
BOL000787,COSCO,DB Schenker,Mountain Equipment,Food Products,40RF,3,Singapore,Vancouver,DDP,2023-03-15,2023-04-08,2023-04-08,24,0,Yes,None,3907.54,11722.62,53673.52,250145.82,Delivered
BOL000788,ONE,Expeditors,Walmart Canada,Furniture,40RF,6,Busan,Miami,DDP,2022-02-21,2022-03-30,2022-03-30,37,0,Yes,None,3495.42,20972.52,59501.63,284299.07,Delivered
BOL000789,HMM,Nippon Express,Loblaws,Machinery,20RF,5,Colombo,Toronto,FOB,2024-06-24,2024-07-31,2024-07-31,37,0,Yes,None,2015.27,10076.35,129769.69,458745.48,Delivered
BOL000790,ZIM,Kuehne+Nagel,Sobeys,Toys,40HC,1,Hamburg,Halifax,CIF,2024-03-26,2024-04-11,2024-04-11,16,0,Yes,None,4393.22,4393.22,23936.49,432960.81,Delivered
BOL000791,MSC,Panalpina,Canadian Tire,Electronics,40RF,3,Shenzhen,Miami,DAP,2022-03-20,2022-04-26,2022-04-26,37,0,Yes,None,3410.87,10232.61,27206.63,426962.12,Delivered
BOL000792,ONE,Sinotrans,Sport Chek,Textiles,20RF,1,Ningbo,Halifax,FOB,2022-07-19,2022-08-19,2022-08-19,31,0,Yes,None,2030.86,2030.86,20455.79,450836.58,Delivered
BOL000793,Evergreen,CEVA Logistics,Hudson Bay,Textiles,20RF,3,Singapore,Halifax,DAP,2022-05-06,2022-05-24,2022-05-24,18,0,Yes,None,3497.14,10491.42,20793.84,227265.45,Delivered
BOL000794,MSC,DB Schenker,Home Depot Canada,Apparel,40HC,8,Hamburg,Vancouver,CIF,2023-09-30,2023-10-31,2023-10-31,31,0,Yes,None,2902.24,23217.92,168117.76,287432.75,Delivered
BOL000795,Evergreen,Sinotrans,Canadian Tire,Furniture,20GP,4,Busan,Chicago,EXW,2023-10-13,2023-10-28,2023-10-28,15,0,Yes,None,3160.4,12641.6,62352.12,439827.21,Delivered
BOL000796,Hapag-Lloyd,Nippon Express,Home Depot Canada,Toys,40HC,7,Ningbo,Chicago,EXW,2023-08-11,2023-09-05,2023-09-05,25,0,Yes,None,1636.05,11452.35,65307.49,442948.6,Delivered
BOL000797,CMA CGM,Sinotrans,Costco Canada,Textiles,20RF,8,Kaohsiung,Miami,CFR,2023-12-29,2024-02-04,2024-02-04,37,0,Yes,None,3869.15,30953.2,166415.34,93532.57,Delivered
BOL000798,Evergreen,Kuehne+Nagel,Canadian Tire,Toys,20RF,9,Busan,Chicago,EXW,2023-12-12,2024-01-13,2024-01-13,32,0,Yes,None,3870.47,34834.23,209419.07,54471.18,Delivered
BOL000799,MSC,Sinotrans,Hudson Bay,Chemicals,20RF,6,Shanghai,Houston,FOB,2024-11-24,2024-12-19,2024-12-19,25,0,Yes,None,2177.45,13064.7,82151.6,298311.48,Delivered
BOL000800,ZIM,Sinotrans,Groupe Touchette,Steel Products,20GP,3,Ningbo,Toronto,DAP,2024-08-31,2024-10-05,2024-10-05,35,0,Yes,None,4178.65,12535.95,36133.02,238752.2,Delivered
BOL000801,COSCO,DSV,Indigo Books,Apparel,40RF,6,Shanghai,New York,DAP,2024-03-28,2024-05-11,2024-05-11,44,0,Yes,None,3023.49,18140.94,96592.95,206565.02,Delivered
BOL000802,CMA CGM,DSV,Home Depot Canada,Chemicals,40HC,10,Kaohsiung,Los Angeles,FOB,2024-03-31,2024-04-15,2024-04-15,15,0,Yes,None,4371.37,43713.7,266854.66,107246.45,Delivered
BOL000803,CMA CGM,Kuehne+Nagel,Indigo Books,Auto Parts,45HC,1,Singapore,Vancouver,CIF,2022-10-17,2022-11-22,2022-11-22,36,0,Yes,None,3236.85,3236.85,9609.35,94313.53,Delivered
BOL000804,ZIM,Kuehne+Nagel,IKEA Canada,Food Products,40HC,1,Rotterdam,New York,DAP,2023-05-17,2023-06-09,2023-06-09,23,0,Yes,None,2566.17,2566.17,12928.37,240692.34,Delivered
BOL000805,Yang Ming,Nippon Express,Mountain Equipment,Textiles,40GP,7,Rotterdam,Halifax,FOB,2024-03-04,2024-03-26,2024-03-26,22,0,Yes,None,3661.06,25627.42,179581.43,411697.63,Delivered
BOL000806,MSC,Expeditors,Sobeys,Auto Parts,40GP,6,Kaohsiung,Miami,CIF,2022-02-25,2022-03-25,2022-03-25,28,0,Yes,None,2140.44,12842.64,99200.92,10779.85,Delivered
BOL000807,Maersk,DB Schenker,Hudson Bay,Machinery,40HC,7,Rotterdam,Seattle,DAP,2022-04-01,2022-04-28,2022-04-28,27,0,Yes,None,3219.97,22539.79,103539.52,149632.42,Delivered
BOL000808,CMA CGM,Nippon Express,Sport Chek,Steel Products,40HC,2,Ningbo,Houston,CFR,2024-03-26,2024-04-15,2024-04-15,20,0,Yes,None,3226.71,6453.42,28605.78,405388.65,Delivered
BOL000809,COSCO,Panalpina,Shoppers Drug Mart,Chemicals,45HC,1,Kaohsiung,Seattle,DAP,2022-01-24,2022-03-10,2022-03-21,45,11,No,Equipment Shortage,1920.93,1920.93,10948.93,320717.42,Delayed
BOL000810,Evergreen,Sinotrans,Giant Tiger,Textiles,45HC,2,Kaohsiung,Chicago,CFR,2022-08-17,2022-09-11,2022-09-11,25,0,Yes,None,1356.43,2712.86,25507.32,467746.77,Delivered
BOL000811,ONE,DSV,Reitmans,Machinery,45HC,8,Singapore,Miami,FOB,2022-04-10,2022-05-23,2022-05-23,43,0,Yes,None,2158.29,17266.32,203606.53,346329.94,Delivered
BOL000812,Yang Ming,Kuehne+Nagel,Home Depot Canada,Auto Parts,45HC,6,Shanghai,Montreal,CIF,2023-01-02,2023-02-03,2023-02-03,32,0,Yes,None,1901.43,11408.58,34914.88,64724.81,Delivered
BOL000813,ZIM,Panalpina,Shoppers Drug Mart,Electronics,40HC,6,Colombo,Halifax,FOB,2022-09-16,2022-10-09,2022-10-09,23,0,Yes,None,4395.86,26375.16,125080.89,129609.35,Delivered
BOL000814,Yang Ming,Kuehne+Nagel,Loblaws,Electronics,45HC,9,Singapore,Miami,CIF,2022-03-20,2022-04-12,2022-04-22,23,10,No,Port Congestion,4426.99,39842.91,61304.33,464445.87,Delayed
BOL000815,HMM,DSV,Indigo Books,Toys,40HC,5,Shanghai,Houston,CIF,2024-06-06,2024-06-27,2024-06-27,21,0,Yes,None,3077.65,15388.25,87003.13,398924.5,Delivered
BOL000816,Maersk,DSV,Loblaw Companies,Food Products,20RF,7,Rotterdam,New York,DDP,2023-01-16,2023-02-16,2023-02-16,31,0,Yes,None,4166.06,29162.42,144191.53,143612.91,Delivered
BOL000817,HMM,Nippon Express,Aldo Group,Machinery,40RF,6,Busan,Vancouver,DDP,2023-07-01,2023-08-13,2023-08-13,43,0,Yes,None,1159.45,6956.7,61025.82,357414.17,Delivered
BOL000818,ZIM,Sinotrans,Hudson Bay,Auto Parts,20RF,1,Ningbo,Seattle,CFR,2024-05-11,2024-06-15,2024-06-15,35,0,Yes,None,2068.92,2068.92,12351.78,413088.06,Delivered
BOL000819,ONE,Nippon Express,Shoppers Drug Mart,Machinery,20RF,2,Busan,Montreal,EXW,2023-06-08,2023-07-17,2023-07-17,39,0,Yes,None,3136.12,6272.24,35820.98,179196.6,Delivered
BOL000820,COSCO,DB Schenker,Sport Chek,Toys,40GP,10,Shanghai,Chicago,CIF,2024-08-15,2024-08-30,2024-08-30,15,0,Yes,None,2101.02,21010.2,149252.08,497954.66,Delivered
BOL000821,Yang Ming,DSV,Indigo Books,Chemicals,40GP,2,Rotterdam,Montreal,CIF,2024-02-15,2024-03-07,2024-03-07,21,0,Yes,None,2911.76,5823.52,18216.63,87967.58,Delivered
BOL000822,ZIM,DB Schenker,Hudson Bay,Machinery,40RF,6,Rotterdam,Seattle,DAP,2023-10-17,2023-11-23,2023-11-23,37,0,Yes,None,2658.53,15951.18,103486.16,120298.61,Delivered
BOL000823,Yang Ming,Expeditors,Walmart Canada,Food Products,40HC,8,Kaohsiung,Miami,CIF,2024-03-30,2024-05-01,2024-05-01,32,0,Yes,None,3227.91,25823.28,165736.73,58178.31,Delivered
BOL000824,ONE,Sinotrans,Aldo Group,Electronics,45HC,1,Hamburg,Vancouver,DDP,2022-10-11,2022-10-30,2022-10-30,19,0,Yes,None,2002.58,2002.58,10748.64,288960.01,Delivered
BOL000825,Hapag-Lloyd,Nippon Express,Costco Canada,Apparel,40HC,4,Hong Kong,Los Angeles,FOB,2024-11-13,2024-12-09,2024-12-23,26,14,No,Equipment Shortage,1448.28,5793.12,106216.96,461478.99,Delayed
BOL000826,CMA CGM,CEVA Logistics,Home Depot Canada,Auto Parts,40GP,3,Kaohsiung,Houston,DAP,2024-07-29,2024-08-27,2024-08-27,29,0,Yes,None,4399.38,13198.14,49514.83,64467.08,Delivered
BOL000827,HMM,Nippon Express,Walmart Canada,Textiles,45HC,7,Colombo,Vancouver,DDP,2022-03-08,2022-04-17,2022-04-17,40,0,Yes,None,1060.35,7422.45,102151.43,137414.33,Delivered
BOL000828,MSC,Kuehne+Nagel,Loblaws,Apparel,40RF,1,Hamburg,Miami,CIF,2024-09-11,2024-09-28,2024-09-28,17,0,Yes,None,2144.48,2144.48,21482.37,260664.25,Delivered
BOL000829,ZIM,DSV,Shoppers Drug Mart,Auto Parts,40GP,4,Shenzhen,Seattle,EXW,2022-12-13,2023-01-19,2023-01-19,37,0,Yes,None,3743.55,14974.2,39327.82,57591.59,Delivered
BOL000830,Maersk,Panalpina,Groupe Touchette,Auto Parts,40HC,10,Colombo,Chicago,EXW,2024-06-29,2024-08-03,2024-08-03,35,0,Yes,None,1818.61,18186.1,58221.27,78610.28,Delivered
BOL000831,HMM,Expeditors,Loblaws,Machinery,40RF,5,Ningbo,Los Angeles,DAP,2023-08-20,2023-09-22,2023-09-22,33,0,Yes,None,2558.55,12792.75,75584.17,154491.01,Delivered
BOL000832,ZIM,DB Schenker,Mountain Equipment,Steel Products,20RF,1,Colombo,Miami,CIF,2022-02-27,2022-03-26,2022-03-26,27,0,Yes,None,1759.86,1759.86,21586.21,375274.05,Delivered
BOL000833,MSC,Expeditors,Empire Company,Chemicals,45HC,3,Rotterdam,Toronto,CIF,2024-10-23,2024-11-26,2024-11-26,34,0,Yes,None,4021.89,12065.67,48261.62,247159.23,Delivered
BOL000834,Evergreen,Sinotrans,Canadian Tire,Auto Parts,40RF,2,Shanghai,Montreal,EXW,2023-04-05,2023-04-28,2023-04-28,23,0,Yes,None,3204.99,6409.98,26399.07,235067.64,Delivered
BOL000835,HMM,DSV,IKEA Canada,Textiles,20RF,9,Shanghai,Seattle,CIF,2022-07-22,2022-08-26,2022-08-26,35,0,Yes,None,3932.44,35391.96,156309.92,48929.17,Delivered
BOL000836,MSC,CEVA Logistics,Empire Company,Furniture,45HC,3,Shenzhen,New York,CFR,2023-01-10,2023-02-08,2023-02-08,29,0,Yes,None,948.86,2846.58,57030.5,280468.07,Delivered
BOL000837,Evergreen,Kuehne+Nagel,Giant Tiger,Toys,20RF,8,Hong Kong,Vancouver,FOB,2023-03-02,2023-03-30,2023-03-30,28,0,Yes,None,2517.8,20142.4,138795.79,392892.17,Delivered
BOL000838,Evergreen,Nippon Express,Aldo Group,Steel Products,40GP,10,Shenzhen,Seattle,DDP,2024-09-01,2024-09-27,2024-09-27,26,0,Yes,None,2602.75,26027.5,180945.73,295039.64,Delivered
BOL000839,Hapag-Lloyd,DSV,Shoppers Drug Mart,Textiles,40HC,8,Singapore,Chicago,CIF,2022-01-02,2022-02-01,2022-02-01,30,0,Yes,None,3135.17,25081.36,100469.65,246807.03,Delivered
BOL000840,CMA CGM,Kuehne+Nagel,Empire Company,Apparel,40GP,8,Hamburg,Los Angeles,DAP,2024-10-27,2024-11-29,2024-11-29,33,0,Yes,None,824.11,6592.88,204379.56,259678.49,Delivered
BOL000841,ONE,DSV,Best Buy Canada,Textiles,40GP,4,Colombo,Chicago,DAP,2024-06-26,2024-07-31,2024-07-31,35,0,Yes,None,3681.53,14726.12,90182.44,114476.06,Delivered
BOL000842,HMM,Expeditors,Loblaws,Food Products,45HC,3,Colombo,Seattle,DDP,2023-03-07,2023-03-30,2023-03-30,23,0,Yes,None,3953.72,11861.16,57098.5,86995.0,Delivered
BOL000843,Hapag-Lloyd,Sinotrans,Sport Chek,Food Products,40HC,6,Hong Kong,Seattle,CFR,2023-06-23,2023-08-06,2023-08-06,44,0,Yes,None,1336.45,8018.7,76053.66,183427.45,Delivered
BOL000844,Hapag-Lloyd,Panalpina,Walmart Canada,Machinery,40RF,3,Busan,New York,EXW,2022-01-12,2022-02-20,2022-02-21,39,1,No,Bad Weather,4407.45,13222.35,67926.35,19545.02,Delivered
BOL000845,MSC,Nippon Express,Shoppers Drug Mart,Auto Parts,40RF,4,Singapore,Vancouver,CIF,2024-05-25,2024-07-02,2024-07-02,38,0,Yes,None,3750.66,15002.64,76815.14,225650.54,Delivered
BOL000846,Maersk,Panalpina,Reitmans,Chemicals,40RF,8,Shanghai,Vancouver,EXW,2024-08-20,2024-09-05,2024-09-05,16,0,Yes,None,1724.43,13795.44,221594.97,297196.04,Delivered
BOL000847,HMM,Kuehne+Nagel,Costco Canada,Machinery,40RF,2,Ningbo,Los Angeles,CFR,2024-06-16,2024-07-18,2024-07-18,32,0,Yes,None,2000.82,4001.64,45661.17,212750.92,Delivered
BOL000848,ONE,DB Schenker,Costco Canada,Chemicals,40RF,5,Ningbo,Vancouver,DAP,2024-06-16,2024-07-15,2024-07-15,29,0,Yes,None,2859.7,14298.5,118990.65,347889.36,Delivered
BOL000849,MSC,Nippon Express,Sport Chek,Food Products,40HC,4,Shanghai,Los Angeles,DAP,2023-10-20,2023-12-02,2023-12-02,43,0,Yes,None,3307.37,13229.48,84773.55,135125.31,Delivered
BOL000850,ZIM,Kuehne+Nagel,Shoppers Drug Mart,Machinery,20GP,10,Hong Kong,Montreal,CFR,2022-04-09,2022-04-26,2022-05-11,17,15,No,Bad Weather,2417.67,24176.7,57379.32,257063.66,Delayed
BOL000851,Evergreen,DSV,Indigo Books,Apparel,20RF,3,Hamburg,Halifax,DDP,2022-06-04,2022-06-23,2022-06-23,19,0,Yes,None,3754.79,11264.37,73394.65,52987.83,Delivered
BOL000852,COSCO,DSV,Sport Chek,Food Products,40RF,3,Hong Kong,Seattle,FOB,2024-08-11,2024-09-22,2024-09-22,42,0,Yes,None,3206.64,9619.92,20038.78,327441.53,Delivered
BOL000853,ZIM,DB Schenker,Mountain Equipment,Auto Parts,40HC,7,Hong Kong,Montreal,CFR,2022-01-14,2022-02-21,2022-02-21,38,0,Yes,None,1356.83,9497.81,172747.52,296344.48,Delivered
BOL000854,ONE,Expeditors,Shoppers Drug Mart,Apparel,20GP,1,Ningbo,Montreal,EXW,2023-01-22,2023-02-14,2023-02-14,23,0,Yes,None,2773.66,2773.66,26723.38,29331.77,Delivered
BOL000855,MSC,Expeditors,Giant Tiger,Food Products,40HC,4,Ningbo,Seattle,FOB,2023-03-04,2023-03-30,2023-03-30,26,0,Yes,None,4264.32,17057.28,39985.69,184118.93,Delivered
BOL000856,HMM,Expeditors,Hudson Bay,Textiles,40GP,4,Ningbo,Montreal,FOB,2024-02-19,2024-03-07,2024-03-07,17,0,Yes,None,3652.64,14610.56,74299.98,71078.17,Delivered
BOL000857,ZIM,Nippon Express,Best Buy Canada,Machinery,40RF,6,Colombo,Houston,CFR,2022-09-04,2022-10-19,2022-10-19,45,0,Yes,None,2335.97,14015.82,59025.19,54487.58,Delivered
BOL000858,Evergreen,Nippon Express,Sport Chek,Apparel,45HC,2,Rotterdam,Chicago,DDP,2022-02-03,2022-02-17,2022-02-17,14,0,Yes,None,2112.32,4224.64,53503.66,419901.97,Delivered
BOL000859,CMA CGM,CEVA Logistics,Sobeys,Furniture,40HC,1,Ningbo,Montreal,DDP,2022-02-02,2022-03-05,2022-03-05,31,0,Yes,None,1320.72,1320.72,10726.96,286643.83,Delivered
BOL000860,CMA CGM,DB Schenker,Best Buy Canada,Furniture,40HC,6,Ningbo,Montreal,EXW,2022-05-06,2022-06-02,2022-06-02,27,0,Yes,None,3084.95,18509.7,143608.6,215427.18,Delivered
BOL000861,Maersk,Sinotrans,Loblaw Companies,Toys,40RF,6,Shanghai,Houston,FOB,2022-03-03,2022-04-17,2022-04-17,45,0,Yes,None,4163.23,24979.38,66595.03,167325.64,Delivered
BOL000862,MSC,Sinotrans,Giant Tiger,Apparel,20RF,3,Shenzhen,Miami,DAP,2022-04-06,2022-05-14,2022-05-14,38,0,Yes,None,1385.24,4155.72,16030.75,449622.46,Delivered
BOL000863,COSCO,Nippon Express,Best Buy Canada,Chemicals,40RF,1,Ningbo,Houston,CFR,2024-06-20,2024-07-12,2024-07-12,22,0,Yes,None,1952.29,1952.29,15798.2,452412.65,Delivered
BOL000864,HMM,DSV,IKEA Canada,Apparel,40GP,3,Rotterdam,Chicago,CIF,2024-10-06,2024-11-01,2024-11-01,26,0,Yes,None,1634.54,4903.62,20671.04,56446.7,Delivered
BOL000865,Yang Ming,CEVA Logistics,Loblaw Companies,Chemicals,45HC,10,Ningbo,Houston,DDP,2023-01-14,2023-02-16,2023-02-16,33,0,Yes,None,2723.69,27236.9,182748.43,442955.59,Delivered
BOL000866,ONE,Nippon Express,Sobeys,Electronics,40GP,1,Ningbo,Miami,CFR,2024-02-28,2024-03-16,2024-03-16,17,0,Yes,None,1328.93,1328.93,5784.62,399438.39,Delivered
BOL000867,MSC,Panalpina,Metro Inc,Machinery,20RF,7,Colombo,Seattle,DDP,2023-12-06,2024-01-01,2024-01-01,26,0,Yes,None,2472.79,17309.53,69588.63,314443.15,Delivered
BOL000868,MSC,DB Schenker,Walmart Canada,Chemicals,45HC,9,Colombo,Chicago,DAP,2023-11-22,2023-12-17,2023-12-17,25,0,Yes,None,2488.37,22395.33,64976.21,429545.05,Delivered
BOL000869,COSCO,Sinotrans,Hudson Bay,Apparel,20GP,9,Hamburg,Miami,CFR,2022-07-13,2022-08-10,2022-08-10,28,0,Yes,None,3436.97,30932.73,71143.95,180335.88,Delivered
BOL000870,COSCO,Panalpina,Reitmans,Textiles,40GP,1,Ningbo,Halifax,FOB,2024-11-12,2024-12-08,2024-12-08,26,0,Yes,None,1535.11,1535.11,22125.7,267531.6,Delivered
BOL000871,HMM,CEVA Logistics,Loblaws,Food Products,40RF,3,Ningbo,Montreal,CIF,2023-04-17,2023-05-11,2023-05-11,24,0,Yes,None,3149.16,9447.48,74266.92,120866.17,Delivered
BOL000872,COSCO,Kuehne+Nagel,Aldo Group,Machinery,45HC,8,Shenzhen,Chicago,CIF,2024-03-31,2024-05-02,2024-05-09,32,7,No,Equipment Shortage,1991.11,15928.88,172764.77,156996.67,Delayed
BOL000873,Evergreen,DSV,IKEA Canada,Chemicals,40GP,4,Kaohsiung,New York,FOB,2022-05-02,2022-06-11,2022-06-11,40,0,Yes,None,2247.58,8990.32,34668.76,215314.55,Delivered
BOL000874,MSC,Kuehne+Nagel,Metro Inc,Textiles,20RF,3,Hong Kong,Toronto,EXW,2022-10-15,2022-11-23,2022-11-23,39,0,Yes,None,1561.58,4684.74,24826.18,144980.45,Delivered
BOL000875,Maersk,Nippon Express,Best Buy Canada,Food Products,20GP,9,Hong Kong,Chicago,EXW,2024-08-22,2024-09-19,2024-09-19,28,0,Yes,None,3548.77,31938.93,139054.06,44497.34,Delivered
BOL000876,ONE,Sinotrans,Sobeys,Auto Parts,45HC,5,Kaohsiung,Halifax,DDP,2024-05-22,2024-06-15,2024-06-15,24,0,Yes,None,1631.14,8155.7,36850.77,498826.6,Delivered
BOL000877,MSC,Expeditors,Sobeys,Electronics,40HC,5,Singapore,Houston,FOB,2024-05-13,2024-05-30,2024-05-30,17,0,Yes,None,4147.51,20737.55,98630.52,171126.54,Delivered
BOL000878,Yang Ming,CEVA Logistics,Sport Chek,Steel Products,40HC,2,Kaohsiung,Halifax,CFR,2024-10-10,2024-11-07,2024-11-07,28,0,Yes,None,4490.02,8980.04,48008.0,249052.36,Delivered
BOL000879,ONE,CEVA Logistics,Groupe Touchette,Toys,40GP,6,Rotterdam,Toronto,DAP,2022-08-09,2022-08-29,2022-08-29,20,0,Yes,None,2946.45,17678.7,127884.13,305864.83,Delivered
BOL000880,ZIM,Panalpina,Mountain Equipment,Machinery,20RF,3,Rotterdam,Toronto,EXW,2024-03-27,2024-05-07,2024-05-18,41,11,No,Customs Inspection,889.33,2667.99,80270.53,58414.06,Delayed
BOL000881,COSCO,Sinotrans,Shoppers Drug Mart,Textiles,40HC,8,Ningbo,New York,DDP,2023-05-25,2023-06-25,2023-06-25,31,0,Yes,None,3386.69,27093.52,156804.55,386619.46,Delivered
BOL000882,Hapag-Lloyd,Sinotrans,Home Depot Canada,Apparel,20GP,6,Busan,Houston,DDP,2023-12-15,2024-01-09,2024-01-09,25,0,Yes,None,2101.68,12610.08,104276.4,404526.28,Delivered
BOL000883,CMA CGM,Kuehne+Nagel,Walmart Canada,Furniture,45HC,4,Hamburg,Houston,EXW,2023-10-03,2023-11-17,2023-11-17,45,0,Yes,None,1779.32,7117.28,85080.44,181791.01,Delivered
BOL000884,Evergreen,Sinotrans,Aldo Group,Apparel,40RF,9,Kaohsiung,Vancouver,FOB,2023-01-24,2023-02-26,2023-02-26,33,0,Yes,None,1895.95,17063.55,160903.7,97174.97,Delivered
BOL000885,HMM,Nippon Express,IKEA Canada,Apparel,40HC,7,Singapore,Halifax,EXW,2023-06-24,2023-07-17,2023-07-17,23,0,Yes,None,1292.22,9045.54,97023.67,424054.65,Delivered
BOL000886,ZIM,DSV,Walmart Canada,Auto Parts,40HC,1,Busan,New York,CIF,2022-03-25,2022-04-23,2022-04-23,29,0,Yes,None,2629.62,2629.62,24164.7,491798.52,Delivered
BOL000887,HMM,Sinotrans,Groupe Touchette,Food Products,45HC,7,Ningbo,Montreal,DDP,2023-05-15,2023-05-30,2023-05-30,15,0,Yes,None,2858.39,20008.73,195737.99,104197.16,Delivered
BOL000888,MSC,DB Schenker,IKEA Canada,Furniture,45HC,6,Colombo,Houston,EXW,2023-06-20,2023-07-27,2023-07-27,37,0,Yes,None,2148.7,12892.2,157719.8,125005.85,Delivered
BOL000889,ZIM,Nippon Express,Canadian Tire,Machinery,20RF,4,Colombo,New York,CFR,2022-07-17,2022-08-30,2022-08-30,44,0,Yes,None,3464.39,13857.56,86015.94,326033.32,Delivered
BOL000890,CMA CGM,Kuehne+Nagel,Mountain Equipment,Apparel,40GP,1,Hong Kong,Seattle,DDP,2024-06-15,2024-07-30,2024-07-30,45,0,Yes,None,2871.85,2871.85,17856.91,38197.43,Delivered
BOL000891,ZIM,Panalpina,Empire Company,Machinery,40RF,10,Rotterdam,New York,CFR,2023-07-20,2023-08-19,2023-08-19,30,0,Yes,None,2616.0,26160.0,211970.1,471946.59,Delivered
BOL000892,MSC,Sinotrans,Home Depot Canada,Apparel,40RF,10,Hong Kong,Halifax,CFR,2023-04-22,2023-06-01,2023-06-01,40,0,Yes,None,1963.5,19635.0,51558.33,308701.27,Delivered
BOL000893,Yang Ming,Sinotrans,Sport Chek,Steel Products,40GP,1,Shenzhen,Vancouver,DDP,2022-11-27,2022-12-23,2022-12-27,26,4,No,Customs Inspection,3202.81,3202.81,16384.43,68555.05,Delivered
BOL000894,MSC,Expeditors,Sport Chek,Furniture,40GP,2,Singapore,Seattle,EXW,2024-02-20,2024-04-04,2024-04-04,44,0,Yes,None,1951.42,3902.84,18160.9,220876.84,Delivered
BOL000895,COSCO,Kuehne+Nagel,Mountain Equipment,Electronics,40HC,8,Kaohsiung,Toronto,DDP,2023-04-10,2023-05-16,2023-05-16,36,0,Yes,None,3581.72,28653.76,136391.58,19996.37,Delivered
BOL000896,CMA CGM,Nippon Express,Aldo Group,Auto Parts,40HC,7,Hong Kong,Vancouver,DDP,2022-12-12,2022-12-26,2022-12-26,14,0,Yes,None,1933.18,13532.26,163806.15,288358.54,Delivered
BOL000897,CMA CGM,CEVA Logistics,Aldo Group,Toys,40RF,3,Ningbo,Montreal,FOB,2023-01-08,2023-02-04,2023-02-04,27,0,Yes,None,3018.96,9056.88,54604.97,446804.02,Delivered
BOL000898,CMA CGM,Sinotrans,Giant Tiger,Steel Products,40HC,3,Busan,Halifax,EXW,2022-09-04,2022-10-07,2022-10-07,33,0,Yes,None,2983.39,8950.17,26549.59,58863.57,Delivered
BOL000899,Maersk,Kuehne+Nagel,Sobeys,Chemicals,40HC,4,Busan,Miami,FOB,2024-07-06,2024-07-27,2024-07-27,21,0,Yes,None,2153.07,8612.28,42029.52,410616.9,Delivered
BOL000900,Hapag-Lloyd,Expeditors,Giant Tiger,Chemicals,20RF,10,Colombo,New York,CIF,2024-11-30,2024-12-19,2024-12-19,19,0,Yes,None,2927.82,29278.2,172342.91,203150.61,Delivered
BOL000901,Hapag-Lloyd,CEVA Logistics,Canadian Tire,Toys,20GP,8,Kaohsiung,Miami,EXW,2023-08-23,2023-10-03,2023-10-03,41,0,Yes,None,888.19,7105.52,59194.6,285013.97,Delivered
BOL000902,Maersk,Panalpina,Costco Canada,Machinery,40RF,10,Colombo,Toronto,DAP,2023-01-21,2023-02-09,2023-02-09,19,0,Yes,None,2808.31,28083.1,197414.46,372235.96,Delivered
BOL000903,CMA CGM,Kuehne+Nagel,Shoppers Drug Mart,Auto Parts,40GP,9,Shenzhen,Seattle,DDP,2022-04-18,2022-05-29,2022-05-29,41,0,Yes,None,2172.05,19548.45,189730.9,456224.43,Delivered
BOL000904,Maersk,DB Schenker,Shoppers Drug Mart,Auto Parts,20RF,1,Shenzhen,Chicago,DDP,2023-02-21,2023-04-07,2023-04-07,45,0,Yes,None,967.37,967.37,13774.24,451157.14,Delivered
BOL000905,Hapag-Lloyd,Sinotrans,Loblaws,Auto Parts,20GP,3,Rotterdam,Halifax,DDP,2024-03-09,2024-04-06,2024-04-12,28,6,No,Equipment Shortage,1324.18,3972.54,31985.95,337581.07,Delayed
BOL000906,ZIM,Kuehne+Nagel,IKEA Canada,Furniture,40HC,4,Rotterdam,Toronto,DDP,2022-01-21,2022-03-02,2022-03-02,40,0,Yes,None,3821.88,15287.52,64915.92,304063.52,Delivered
BOL000907,COSCO,DSV,Groupe Touchette,Machinery,20GP,3,Rotterdam,Chicago,EXW,2022-08-23,2022-09-13,2022-09-16,21,3,No,Equipment Shortage,2786.68,8360.04,26548.3,372645.54,Delivered
BOL000908,ZIM,CEVA Logistics,IKEA Canada,Apparel,40GP,2,Shanghai,Seattle,FOB,2022-08-11,2022-09-01,2022-09-01,21,0,Yes,None,2852.57,5705.14,32906.49,72286.36,Delivered
BOL000909,Maersk,Panalpina,Costco Canada,Textiles,20GP,4,Hamburg,Halifax,CIF,2024-03-05,2024-03-30,2024-03-30,25,0,Yes,None,2413.01,9652.04,54122.97,371789.7,Delivered
BOL000910,CMA CGM,Expeditors,Home Depot Canada,Machinery,40HC,3,Rotterdam,Miami,CFR,2022-03-31,2022-04-14,2022-04-14,14,0,Yes,None,2095.43,6286.29,28844.8,325626.23,Delivered
BOL000911,COSCO,Panalpina,Reitmans,Furniture,45HC,1,Colombo,Chicago,CIF,2023-01-12,2023-02-07,2023-02-07,26,0,Yes,None,4023.95,4023.95,6595.81,130430.3,Delivered
BOL000912,Maersk,CEVA Logistics,IKEA Canada,Furniture,20RF,9,Hong Kong,Houston,FOB,2022-04-27,2022-05-18,2022-05-18,21,0,Yes,None,864.61,7781.49,194139.87,364798.89,Delivered
BOL000913,MSC,Sinotrans,Sobeys,Electronics,45HC,10,Kaohsiung,Montreal,DDP,2024-02-20,2024-03-05,2024-03-05,14,0,Yes,None,1242.68,12426.8,101639.16,317860.43,Delivered
BOL000914,CMA CGM,Expeditors,Mountain Equipment,Toys,40RF,8,Hamburg,Seattle,CFR,2023-08-02,2023-09-09,2023-09-17,38,8,No,Customs Inspection,3066.65,24533.2,103506.91,494108.97,Delayed
BOL000915,Maersk,Expeditors,Reitmans,Toys,45HC,5,Singapore,Los Angeles,DAP,2022-10-23,2022-11-24,2022-11-24,32,0,Yes,None,4063.17,20315.85,67328.98,20259.19,Delivered
BOL000916,ZIM,Sinotrans,Shoppers Drug Mart,Chemicals,40GP,7,Hamburg,Miami,EXW,2024-04-03,2024-04-25,2024-04-25,22,0,Yes,None,2358.22,16507.54,102253.83,369390.15,Delivered
BOL000917,ZIM,DSV,Mountain Equipment,Textiles,40GP,10,Kaohsiung,Houston,DAP,2022-09-30,2022-10-27,2022-10-27,27,0,Yes,None,1520.03,15200.3,250929.41,333069.73,Delivered
BOL000918,Maersk,DB Schenker,Shoppers Drug Mart,Auto Parts,20RF,8,Kaohsiung,Miami,CIF,2023-03-14,2023-04-22,2023-04-22,39,0,Yes,None,1911.19,15289.52,193251.37,389543.05,Delivered
BOL000919,Yang Ming,Sinotrans,Loblaw Companies,Steel Products,40RF,4,Kaohsiung,Los Angeles,CIF,2024-02-27,2024-04-08,2024-04-11,41,3,No,Port Congestion,2228.09,8912.36,81363.41,143926.79,Delivered
BOL000920,MSC,CEVA Logistics,Walmart Canada,Apparel,40GP,8,Shanghai,Vancouver,FOB,2023-10-11,2023-11-23,2023-11-23,43,0,Yes,None,1969.99,15759.92,211675.72,310039.2,Delivered
BOL000921,HMM,DB Schenker,Shoppers Drug Mart,Toys,40GP,3,Kaohsiung,Houston,DAP,2023-11-10,2023-11-29,2023-12-05,19,6,No,Bad Weather,4344.44,13033.32,36221.77,42351.31,Delayed
BOL000922,COSCO,DSV,Sobeys,Textiles,40GP,3,Rotterdam,Los Angeles,DDP,2023-08-17,2023-09-19,2023-09-19,33,0,Yes,None,1404.05,4212.15,23172.39,456013.43,Delivered
BOL000923,HMM,DB Schenker,Groupe Touchette,Chemicals,20GP,1,Ningbo,Toronto,DAP,2023-05-26,2023-06-16,2023-06-27,21,11,No,Equipment Shortage,1301.72,1301.72,13761.83,195891.18,Delayed
BOL000924,Hapag-Lloyd,Expeditors,Best Buy Canada,Food Products,40HC,6,Ningbo,Halifax,CIF,2024-07-05,2024-07-20,2024-07-28,15,8,No,Documentation Error,4454.92,26729.52,152335.72,43756.1,Delayed
BOL000925,CMA CGM,DSV,Costco Canada,Chemicals,20GP,6,Kaohsiung,Miami,EXW,2023-10-19,2023-11-20,2023-11-20,32,0,Yes,None,3030.41,18182.46,140305.84,17818.21,Delivered
BOL000926,Maersk,Kuehne+Nagel,Giant Tiger,Machinery,40GP,1,Rotterdam,Houston,DDP,2024-12-01,2024-12-16,2024-12-16,15,0,Yes,None,3202.8,3202.8,21111.84,138925.56,Delivered
BOL000927,Yang Ming,Sinotrans,Loblaws,Electronics,20RF,1,Hamburg,Miami,DDP,2023-11-13,2023-11-29,2023-11-29,16,0,Yes,None,3518.17,3518.17,5441.88,196528.85,Delivered
BOL000928,Evergreen,Kuehne+Nagel,Loblaws,Toys,45HC,7,Singapore,Montreal,EXW,2023-11-19,2023-12-26,2023-12-26,37,0,Yes,None,3416.94,23918.58,56306.76,179657.16,Delivered
BOL000929,MSC,DB Schenker,Home Depot Canada,Furniture,40HC,9,Shenzhen,New York,EXW,2024-07-10,2024-07-29,2024-07-29,19,0,Yes,None,4114.53,37030.77,49762.54,72977.66,Delivered
BOL000930,HMM,Kuehne+Nagel,Shoppers Drug Mart,Toys,40RF,1,Shenzhen,Los Angeles,DDP,2023-05-01,2023-05-20,2023-05-20,19,0,Yes,None,3525.06,3525.06,12846.1,455366.6,Delivered
BOL000931,Evergreen,Sinotrans,Home Depot Canada,Electronics,40RF,2,Rotterdam,New York,DDP,2022-09-07,2022-09-24,2022-09-24,17,0,Yes,None,1486.63,2973.26,43039.7,54877.1,Delivered
BOL000932,ZIM,Kuehne+Nagel,Walmart Canada,Furniture,40RF,8,Kaohsiung,Toronto,CFR,2023-10-19,2023-11-14,2023-11-14,26,0,Yes,None,3040.19,24321.52,74235.94,151151.11,Delivered
BOL000933,CMA CGM,Sinotrans,Hudson Bay,Chemicals,20RF,10,Shenzhen,New York,CIF,2022-12-27,2023-01-22,2023-01-22,26,0,Yes,None,4399.08,43990.8,210992.41,354405.37,Delivered
BOL000934,Hapag-Lloyd,Kuehne+Nagel,Canadian Tire,Furniture,40GP,7,Shanghai,Chicago,FOB,2023-08-31,2023-10-10,2023-10-10,40,0,Yes,None,1728.51,12099.57,90506.21,127977.64,Delivered
BOL000935,ONE,Kuehne+Nagel,Aldo Group,Steel Products,20RF,7,Shanghai,Vancouver,EXW,2024-10-08,2024-11-13,2024-11-13,36,0,Yes,None,1095.82,7670.74,158073.84,360893.76,Delivered
BOL000936,HMM,Sinotrans,Mountain Equipment,Furniture,45HC,6,Busan,New York,FOB,2023-06-22,2023-07-26,2023-07-26,34,0,Yes,None,2648.87,15893.22,135350.92,163602.59,Delivered
BOL000937,CMA CGM,Sinotrans,Loblaw Companies,Chemicals,45HC,8,Rotterdam,Toronto,DAP,2024-08-10,2024-09-22,2024-09-28,43,6,No,Equipment Shortage,2473.05,19784.4,66143.25,377770.52,Delayed
BOL000938,ZIM,Expeditors,Shoppers Drug Mart,Furniture,40RF,3,Shanghai,Miami,EXW,2024-01-19,2024-02-02,2024-02-02,14,0,Yes,None,1358.84,4076.52,80276.96,116326.96,Delivered
BOL000939,CMA CGM,Panalpina,Canadian Tire,Toys,20RF,5,Rotterdam,Miami,DDP,2022-02-14,2022-03-31,2022-03-31,45,0,Yes,None,1642.64,8213.2,80951.5,364627.31,Delivered
BOL000940,ZIM,Panalpina,Hudson Bay,Electronics,20RF,5,Busan,Miami,EXW,2022-08-06,2022-08-24,2022-08-24,18,0,Yes,None,1323.47,6617.35,84657.71,252173.48,Delivered
BOL000941,HMM,Nippon Express,Walmart Canada,Toys,40GP,9,Ningbo,Houston,FOB,2023-09-29,2023-11-09,2023-11-09,41,0,Yes,None,1843.02,16587.18,195024.65,405490.9,Delivered
BOL000942,COSCO,Expeditors,Shoppers Drug Mart,Chemicals,40HC,4,Hamburg,Chicago,CFR,2024-01-28,2024-03-08,2024-03-08,40,0,Yes,None,4167.54,16670.16,103034.97,320597.0,Delivered
BOL000943,Maersk,Sinotrans,Best Buy Canada,Chemicals,40GP,10,Kaohsiung,Seattle,CFR,2022-09-18,2022-10-22,2022-10-22,34,0,Yes,None,3054.73,30547.3,237064.04,132058.54,Delivered
BOL000944,Yang Ming,Panalpina,Loblaw Companies,Auto Parts,45HC,10,Shenzhen,Seattle,EXW,2022-10-31,2022-12-04,2022-12-04,34,0,Yes,None,4131.59,41315.9,267843.19,366635.15,Delivered
BOL000945,ZIM,Expeditors,Reitmans,Chemicals,20GP,6,Singapore,Houston,CFR,2022-05-01,2022-06-14,2022-06-14,44,0,Yes,None,2117.82,12706.92,115650.05,285320.17,Delivered
BOL000946,Maersk,DB Schenker,Costco Canada,Machinery,40RF,4,Rotterdam,Miami,EXW,2023-01-21,2023-02-11,2023-02-11,21,0,Yes,None,2736.96,10947.84,66379.89,131630.97,Delivered
BOL000947,COSCO,Panalpina,Giant Tiger,Furniture,45HC,2,Hamburg,Miami,CFR,2023-08-30,2023-09-14,2023-09-14,15,0,Yes,None,2163.94,4327.88,45686.66,496560.08,Delivered
BOL000948,Maersk,Panalpina,Sobeys,Chemicals,40RF,10,Shanghai,Vancouver,CFR,2022-08-09,2022-09-09,2022-09-09,31,0,Yes,None,2477.33,24773.3,87467.25,72982.48,Delivered
BOL000949,Maersk,CEVA Logistics,Groupe Touchette,Machinery,20RF,1,Hong Kong,Halifax,EXW,2022-10-18,2022-11-21,2022-11-21,34,0,Yes,None,3126.89,3126.89,19865.55,203813.47,Delivered
BOL000950,Evergreen,Panalpina,Mountain Equipment,Apparel,40GP,8,Colombo,Los Angeles,EXW,2024-11-13,2024-11-30,2024-11-30,17,0,Yes,None,1036.35,8290.8,52492.62,84269.26,Delivered
BOL000951,COSCO,DB Schenker,Giant Tiger,Apparel,45HC,7,Rotterdam,Los Angeles,CIF,2022-06-16,2022-07-26,2022-07-26,40,0,Yes,None,2816.91,19718.37,119473.37,324491.17,Delivered
BOL000952,Maersk,DB Schenker,Loblaw Companies,Auto Parts,40RF,9,Hamburg,Toronto,CIF,2022-08-25,2022-09-24,2022-09-24,30,0,Yes,None,889.63,8006.67,178080.83,351671.01,Delivered
BOL000953,MSC,CEVA Logistics,Groupe Touchette,Electronics,40RF,7,Rotterdam,Montreal,CIF,2024-10-22,2024-11-25,2024-11-25,34,0,Yes,None,871.25,6098.75,158251.4,251191.36,Delivered
BOL000954,Evergreen,DSV,Walmart Canada,Furniture,40HC,2,Ningbo,Miami,CFR,2023-03-04,2023-04-01,2023-04-01,28,0,Yes,None,2951.86,5903.72,26933.44,450303.7,Delivered
BOL000955,Hapag-Lloyd,Sinotrans,Giant Tiger,Toys,40GP,10,Rotterdam,Vancouver,FOB,2023-06-29,2023-08-05,2023-08-05,37,0,Yes,None,1748.23,17482.3,95027.66,449984.78,Delivered
BOL000956,Hapag-Lloyd,Expeditors,Canadian Tire,Chemicals,20GP,4,Busan,Halifax,DAP,2023-02-24,2023-03-21,2023-03-21,25,0,Yes,None,1540.53,6162.12,72459.04,376163.79,Delivered
BOL000957,ZIM,Nippon Express,Hudson Bay,Food Products,20GP,4,Rotterdam,Houston,CFR,2023-06-01,2023-06-28,2023-06-28,27,0,Yes,None,3869.47,15477.88,99152.94,111112.82,Delivered
BOL000958,Hapag-Lloyd,Sinotrans,Giant Tiger,Electronics,20GP,10,Shanghai,Toronto,EXW,2024-09-10,2024-10-12,2024-10-25,32,13,No,Customs Inspection,1196.87,11968.7,50062.27,25287.97,Delayed
BOL000959,Maersk,DSV,Best Buy Canada,Machinery,40RF,4,Singapore,Miami,FOB,2022-11-23,2022-12-13,2022-12-13,20,0,Yes,None,4392.48,17569.92,88249.88,192682.27,Delivered
BOL000960,Evergreen,DSV,Reitmans,Toys,20GP,1,Shenzhen,Vancouver,CFR,2022-10-18,2022-11-17,2022-11-25,30,8,No,Customs Inspection,4057.08,4057.08,26436.99,95544.83,Delayed
BOL000961,Yang Ming,CEVA Logistics,Hudson Bay,Toys,20GP,3,Shanghai,Seattle,DAP,2023-07-08,2023-07-23,2023-07-23,15,0,Yes,None,1597.26,4791.78,42430.19,194938.26,Delivered
BOL000962,Evergreen,Sinotrans,Canadian Tire,Toys,40RF,5,Singapore,New York,FOB,2022-04-01,2022-04-19,2022-04-19,18,0,Yes,None,3459.82,17299.1,48310.34,140969.37,Delivered
BOL000963,CMA CGM,DB Schenker,Mountain Equipment,Chemicals,20GP,5,Hamburg,Montreal,DDP,2024-09-27,2024-10-25,2024-10-25,28,0,Yes,None,2146.93,10734.65,93775.64,233566.17,Delivered
BOL000964,Yang Ming,DSV,Home Depot Canada,Chemicals,45HC,6,Hamburg,Montreal,DAP,2023-10-19,2023-11-24,2023-11-24,36,0,Yes,None,2529.69,15178.14,77946.32,153300.27,Delivered
BOL000965,COSCO,DB Schenker,Shoppers Drug Mart,Furniture,45HC,8,Shanghai,Houston,CFR,2022-10-09,2022-11-13,2022-11-13,35,0,Yes,None,3588.7,28709.6,198571.19,90495.31,Delivered
BOL000966,HMM,DB Schenker,Reitmans,Electronics,20GP,7,Colombo,Vancouver,EXW,2022-10-13,2022-11-09,2022-11-09,27,0,Yes,None,4058.68,28410.76,194471.13,276558.4,Delivered
BOL000967,HMM,Kuehne+Nagel,Indigo Books,Chemicals,40RF,6,Rotterdam,New York,DDP,2023-04-10,2023-05-15,2023-05-15,35,0,Yes,None,2829.27,16975.62,84504.55,331877.03,Delivered
BOL000968,MSC,DSV,Sport Chek,Machinery,40GP,1,Hamburg,Los Angeles,CIF,2023-04-08,2023-05-21,2023-05-21,43,0,Yes,None,4104.78,4104.78,27293.45,401968.25,Delivered
BOL000969,Hapag-Lloyd,Panalpina,Indigo Books,Toys,20GP,1,Shenzhen,Vancouver,FOB,2023-03-05,2023-03-25,2023-03-25,20,0,Yes,None,1894.4,1894.4,9763.01,415551.74,Delivered
BOL000970,HMM,CEVA Logistics,Sobeys,Electronics,40HC,7,Hamburg,Halifax,DDP,2024-04-05,2024-04-19,2024-04-19,14,0,Yes,None,2187.19,15310.33,83909.64,313436.31,Delivered
BOL000971,HMM,CEVA Logistics,Sobeys,Steel Products,40RF,8,Shenzhen,Miami,EXW,2024-10-20,2024-11-23,2024-11-23,34,0,Yes,None,3986.35,31890.8,110610.97,274118.48,Delivered
BOL000972,Yang Ming,Nippon Express,Aldo Group,Chemicals,20GP,8,Shenzhen,Seattle,CIF,2024-02-18,2024-03-05,2024-03-05,16,0,Yes,None,1732.98,13863.84,56936.99,130240.86,Delivered
BOL000973,Maersk,DB Schenker,Home Depot Canada,Textiles,40RF,8,Ningbo,Halifax,DAP,2022-03-12,2022-04-15,2022-04-15,34,0,Yes,None,1601.25,12810.0,115551.71,15044.04,Delivered
BOL000974,Hapag-Lloyd,Panalpina,Empire Company,Furniture,20RF,1,Ningbo,Seattle,FOB,2024-08-06,2024-09-06,2024-09-06,31,0,Yes,None,1736.86,1736.86,7706.38,263200.8,Delivered
BOL000975,Maersk,Panalpina,IKEA Canada,Machinery,20GP,4,Ningbo,Miami,CIF,2024-05-23,2024-06-13,2024-06-13,21,0,Yes,None,2583.94,10335.76,42911.92,199778.8,Delivered
BOL000976,Maersk,Sinotrans,Mountain Equipment,Toys,40RF,2,Kaohsiung,Halifax,DAP,2024-10-07,2024-11-04,2024-11-04,28,0,Yes,None,1175.69,2351.38,16403.44,372774.63,Delivered
BOL000977,MSC,Nippon Express,Mountain Equipment,Machinery,45HC,8,Shenzhen,Vancouver,DDP,2022-02-12,2022-03-21,2022-03-21,37,0,Yes,None,924.09,7392.72,120277.57,354003.4,Delivered
BOL000978,ONE,Kuehne+Nagel,Sobeys,Textiles,20GP,1,Hamburg,Montreal,EXW,2024-04-01,2024-04-30,2024-05-15,29,15,No,Customs Inspection,1399.38,1399.38,18119.67,335674.07,Delayed
BOL000979,Maersk,DSV,Best Buy Canada,Textiles,40GP,4,Shanghai,Houston,FOB,2023-01-15,2023-02-24,2023-02-24,40,0,Yes,None,1345.33,5381.32,32255.76,353722.21,Delivered
BOL000980,ZIM,DB Schenker,Best Buy Canada,Toys,40GP,6,Busan,Seattle,CIF,2024-12-22,2025-01-05,2025-01-05,14,0,Yes,None,4206.71,25240.26,148760.82,402600.39,In Transit
BOL000981,CMA CGM,Panalpina,Indigo Books,Auto Parts,20RF,3,Shenzhen,Halifax,DDP,2024-03-05,2024-03-23,2024-03-23,18,0,Yes,None,3986.39,11959.17,19691.59,261558.45,Delivered
BOL000982,ZIM,Nippon Express,Loblaw Companies,Steel Products,45HC,1,Hong Kong,Miami,CIF,2023-04-07,2023-05-07,2023-05-07,30,0,Yes,None,4021.47,4021.47,22954.54,23555.97,Delivered
BOL000983,HMM,Kuehne+Nagel,Home Depot Canada,Electronics,40RF,3,Shenzhen,Miami,DAP,2024-11-09,2024-12-19,2024-12-19,40,0,Yes,None,1692.96,5078.88,50966.84,253595.41,Delivered
BOL000984,ONE,Nippon Express,Metro Inc,Machinery,40HC,8,Colombo,Halifax,DAP,2022-10-26,2022-11-11,2022-11-11,16,0,Yes,None,3205.62,25644.96,221548.92,177326.49,Delivered
BOL000985,Hapag-Lloyd,Expeditors,Aldo Group,Machinery,40RF,8,Shenzhen,Chicago,EXW,2024-03-01,2024-03-23,2024-03-23,22,0,Yes,None,4408.34,35266.72,138024.0,312019.66,Delivered
BOL000986,Hapag-Lloyd,DB Schenker,Costco Canada,Steel Products,40GP,6,Rotterdam,Chicago,DAP,2023-10-04,2023-11-07,2023-11-07,34,0,Yes,None,4397.66,26385.96,56474.82,174149.26,Delivered
BOL000987,MSC,Expeditors,IKEA Canada,Machinery,40RF,9,Colombo,Los Angeles,DDP,2023-08-28,2023-09-23,2023-09-23,26,0,Yes,None,2845.74,25611.66,87324.15,236718.31,Delivered
BOL000988,COSCO,Kuehne+Nagel,Loblaws,Chemicals,45HC,6,Kaohsiung,Seattle,CIF,2023-11-22,2023-12-17,2023-12-17,25,0,Yes,None,1708.85,10253.1,96839.38,142662.84,Delivered
BOL000989,COSCO,Sinotrans,Metro Inc,Steel Products,45HC,1,Hamburg,Seattle,EXW,2023-06-02,2023-06-23,2023-06-23,21,0,Yes,None,1046.22,1046.22,23675.8,134857.32,Delivered
BOL000990,ONE,DSV,Home Depot Canada,Electronics,20RF,2,Ningbo,Vancouver,FOB,2023-02-12,2023-03-15,2023-03-16,31,1,No,Equipment Shortage,2562.56,5125.12,27796.7,68527.94,Delivered
BOL000991,ONE,DSV,Loblaws,Steel Products,40RF,7,Shanghai,Vancouver,DDP,2022-08-09,2022-09-09,2022-09-09,31,0,Yes,None,1558.1,10906.7,178501.16,287618.0,Delivered
BOL000992,Maersk,Expeditors,Shoppers Drug Mart,Textiles,20RF,10,Busan,Los Angeles,CFR,2024-05-30,2024-06-28,2024-06-28,29,0,Yes,None,3581.39,35813.9,263405.85,183240.2,Delivered
BOL000993,MSC,Expeditors,Indigo Books,Apparel,20GP,3,Singapore,Seattle,CIF,2022-12-18,2023-01-25,2023-01-25,38,0,Yes,None,1137.36,3412.08,66091.47,489549.52,Delivered
BOL000994,HMM,Expeditors,Costco Canada,Food Products,40GP,4,Rotterdam,Halifax,DAP,2023-05-11,2023-06-23,2023-06-23,43,0,Yes,None,1834.04,7336.16,20291.49,338869.18,Delivered
BOL000995,COSCO,Sinotrans,Sobeys,Machinery,45HC,3,Rotterdam,Toronto,CIF,2022-07-25,2022-08-13,2022-08-13,19,0,Yes,None,3534.91,10604.73,41528.81,311375.93,Delivered
BOL000996,HMM,Expeditors,Sport Chek,Food Products,20RF,10,Ningbo,Vancouver,CIF,2024-12-09,2025-01-13,2025-01-13,35,0,Yes,None,2235.23,22352.3,151703.58,110680.09,In Transit
BOL000997,Evergreen,Sinotrans,Walmart Canada,Apparel,40GP,5,Shanghai,Halifax,DAP,2023-03-23,2023-04-26,2023-04-26,34,0,Yes,None,4124.27,20621.35,68636.07,440087.98,Delivered
BOL000998,ONE,DB Schenker,Hudson Bay,Machinery,45HC,8,Busan,Chicago,DAP,2023-12-08,2024-01-14,2024-01-14,37,0,Yes,None,4164.0,33312.0,56460.81,134913.61,Delivered
BOL000999,HMM,Kuehne+Nagel,Loblaws,Textiles,45HC,6,Ningbo,Vancouver,FOB,2023-03-25,2023-04-20,2023-04-20,26,0,Yes,None,977.52,5865.12,61544.07,356481.23,Delivered
BOL001000,COSCO,CEVA Logistics,Home Depot Canada,Apparel,40GP,7,Singapore,Los Angeles,CIF,2024-12-11,2025-01-10,2025-01-10,30,0,Yes,None,1830.5,12813.5,182470.02,122253.45,In Transit
BOL001001,MSC,Kuehne+Nagel,Reitmans,Machinery,45HC,3,Shenzhen,Vancouver,CIF,2022-12-27,2023-01-28,2023-01-28,32,0,Yes,None,1674.11,5022.33,70733.28,105738.65,Delivered
BOL001002,Maersk,Sinotrans,Canadian Tire,Textiles,20RF,3,Singapore,Montreal,CFR,2024-08-05,2024-09-11,2024-09-11,37,0,Yes,None,1708.89,5126.67,15603.51,429149.59,Delivered
BOL001003,Evergreen,Expeditors,Best Buy Canada,Toys,40GP,4,Singapore,Seattle,CIF,2022-10-04,2022-10-28,2022-10-28,24,0,Yes,None,3988.25,15953.0,96753.75,291193.61,Delivered
BOL001004,COSCO,Panalpina,Giant Tiger,Food Products,20GP,5,Rotterdam,Montreal,CFR,2022-11-28,2022-12-14,2022-12-16,16,2,No,Customs Inspection,2504.86,12524.3,116866.38,341987.45,Delivered
BOL001005,MSC,Sinotrans,Sport Chek,Steel Products,20RF,8,Hong Kong,Chicago,DAP,2024-04-09,2024-05-09,2024-05-18,30,9,No,Customs Inspection,1267.09,10136.72,46700.67,45974.37,Delayed
BOL001006,CMA CGM,DB Schenker,IKEA Canada,Machinery,40GP,1,Hamburg,Halifax,DAP,2023-09-06,2023-10-13,2023-10-13,37,0,Yes,None,1597.61,1597.61,22826.66,377670.28,Delivered
BOL001007,Yang Ming,Kuehne+Nagel,Loblaw Companies,Electronics,45HC,7,Hamburg,Los Angeles,CIF,2022-02-03,2022-03-03,2022-03-03,28,0,Yes,None,2525.49,17678.43,109897.96,442367.88,Delivered
BOL001008,Maersk,Panalpina,Mountain Equipment,Toys,45HC,7,Colombo,Seattle,FOB,2023-08-29,2023-10-05,2023-10-05,37,0,Yes,None,1089.06,7623.42,82326.12,412336.17,Delivered
BOL001009,Evergreen,Nippon Express,Walmart Canada,Textiles,20GP,2,Shanghai,Montreal,EXW,2023-02-01,2023-03-06,2023-03-06,33,0,Yes,None,1339.97,2679.94,42710.83,142108.22,Delivered
BOL001010,ZIM,CEVA Logistics,Metro Inc,Toys,40HC,10,Kaohsiung,Vancouver,DAP,2024-04-06,2024-05-11,2024-05-11,35,0,Yes,None,2008.22,20082.2,134632.53,402599.74,Delivered
BOL001011,HMM,Expeditors,Sport Chek,Food Products,40HC,8,Busan,Vancouver,EXW,2024-11-02,2024-11-20,2024-11-23,18,3,No,Equipment Shortage,3506.36,28050.88,156877.66,80536.22,Delivered
BOL001012,COSCO,CEVA Logistics,Costco Canada,Steel Products,40GP,4,Ningbo,Miami,EXW,2022-03-27,2022-04-12,2022-04-12,16,0,Yes,None,2347.99,9391.96,37817.11,401741.12,Delivered
BOL001013,MSC,Panalpina,Giant Tiger,Apparel,40RF,8,Ningbo,Seattle,DDP,2022-05-16,2022-06-09,2022-06-09,24,0,Yes,None,3711.94,29695.52,80313.38,458415.67,Delivered
BOL001014,Hapag-Lloyd,CEVA Logistics,IKEA Canada,Steel Products,20RF,6,Kaohsiung,Montreal,CIF,2024-02-02,2024-03-17,2024-03-17,44,0,Yes,None,3136.64,18819.84,75061.56,86243.18,Delivered
BOL001015,Hapag-Lloyd,Expeditors,Reitmans,Apparel,20RF,5,Kaohsiung,Chicago,CIF,2024-06-07,2024-07-21,2024-07-21,44,0,Yes,None,2645.84,13229.2,108291.83,208307.45,Delivered
BOL001016,Hapag-Lloyd,Nippon Express,Hudson Bay,Apparel,40RF,9,Kaohsiung,Houston,CIF,2023-03-25,2023-04-23,2023-05-01,29,8,No,Port Congestion,2671.62,24044.58,130417.52,205926.85,Delayed
BOL001017,ONE,Nippon Express,IKEA Canada,Apparel,45HC,7,Shanghai,Houston,EXW,2022-05-16,2022-06-19,2022-06-19,34,0,Yes,None,3815.73,26710.11,59801.4,241855.33,Delivered
BOL001018,ONE,Kuehne+Nagel,Home Depot Canada,Steel Products,45HC,4,Ningbo,Halifax,DAP,2024-10-04,2024-11-12,2024-11-12,39,0,Yes,None,1859.93,7439.72,76172.69,90798.27,Delivered
BOL001019,Maersk,DB Schenker,Canadian Tire,Toys,40GP,9,Ningbo,Toronto,CIF,2022-06-18,2022-07-07,2022-07-07,19,0,Yes,None,2385.61,21470.49,230592.33,467843.38,Delivered
BOL001020,MSC,CEVA Logistics,Home Depot Canada,Electronics,40RF,6,Singapore,Houston,CFR,2023-08-20,2023-09-26,2023-09-26,37,0,Yes,None,3264.42,19586.52,42077.79,90958.57,Delivered
BOL001021,HMM,Nippon Express,Home Depot Canada,Machinery,45HC,8,Colombo,Vancouver,CIF,2022-01-01,2022-01-27,2022-01-27,26,0,Yes,None,1197.89,9583.12,149180.11,311563.19,Delivered
BOL001022,CMA CGM,DSV,Mountain Equipment,Toys,20RF,2,Rotterdam,Houston,DAP,2023-06-17,2023-07-11,2023-07-11,24,0,Yes,None,2636.74,5273.48,20294.43,149011.54,Delivered
BOL001023,MSC,DB Schenker,Best Buy Canada,Electronics,40GP,5,Ningbo,Toronto,CFR,2023-08-25,2023-10-03,2023-10-03,39,0,Yes,None,3265.14,16325.7,49212.94,236030.51,Delivered
BOL001024,Yang Ming,DSV,Reitmans,Apparel,20GP,5,Hamburg,Miami,DDP,2022-08-09,2022-09-20,2022-09-20,42,0,Yes,None,3650.36,18251.8,104088.47,293842.45,Delivered
BOL001025,CMA CGM,Panalpina,Sport Chek,Toys,40GP,7,Singapore,Miami,DAP,2023-03-06,2023-04-19,2023-04-19,44,0,Yes,None,1508.51,10559.57,45634.91,25375.96,Delivered
BOL001026,CMA CGM,Nippon Express,Home Depot Canada,Machinery,40RF,7,Ningbo,Toronto,DAP,2024-07-09,2024-07-31,2024-07-31,22,0,Yes,None,3236.1,22652.7,189248.48,378241.91,Delivered
BOL001027,Maersk,Panalpina,Mountain Equipment,Electronics,40GP,9,Ningbo,Miami,DDP,2023-11-17,2023-12-10,2023-12-10,23,0,Yes,None,3034.51,27310.59,243111.96,454580.38,Delivered
BOL001028,COSCO,Expeditors,Groupe Touchette,Food Products,20RF,4,Colombo,Chicago,CFR,2024-02-03,2024-03-09,2024-03-09,35,0,Yes,None,1580.93,6323.72,50591.65,332746.16,Delivered
BOL001029,Yang Ming,Nippon Express,Home Depot Canada,Steel Products,20RF,5,Hong Kong,Toronto,DDP,2024-06-09,2024-06-25,2024-07-03,16,8,No,Documentation Error,2793.53,13967.65,111913.96,31811.69,Delayed
BOL001030,Maersk,DSV,Groupe Touchette,Auto Parts,20RF,4,Singapore,Chicago,DDP,2024-05-04,2024-06-16,2024-06-16,43,0,Yes,None,4215.43,16861.72,96801.8,119220.78,Delivered
BOL001031,MSC,Sinotrans,Reitmans,Machinery,20GP,4,Rotterdam,Toronto,CFR,2024-03-19,2024-04-18,2024-04-18,30,0,Yes,None,4322.43,17289.72,61330.99,204520.29,Delivered
BOL001032,Evergreen,DB Schenker,Shoppers Drug Mart,Food Products,20GP,8,Singapore,Vancouver,CFR,2022-02-03,2022-03-08,2022-03-08,33,0,Yes,None,4458.81,35670.48,79268.28,334031.41,Delivered
BOL001033,Hapag-Lloyd,Sinotrans,Hudson Bay,Machinery,40HC,4,Singapore,Los Angeles,DAP,2023-02-15,2023-03-01,2023-03-01,14,0,Yes,None,4302.34,17209.36,21903.56,73639.96,Delivered
BOL001034,MSC,DSV,Home Depot Canada,Electronics,40HC,5,Shenzhen,Los Angeles,CIF,2023-02-22,2023-03-18,2023-03-18,24,0,Yes,None,4492.17,22460.85,104529.11,323121.08,Delivered
BOL001035,HMM,Kuehne+Nagel,Mountain Equipment,Machinery,20GP,9,Shenzhen,Seattle,FOB,2023-01-02,2023-01-23,2023-01-23,21,0,Yes,None,3634.2,32707.8,206364.27,237995.64,Delivered
BOL001036,CMA CGM,Expeditors,Hudson Bay,Furniture,20RF,5,Shenzhen,Vancouver,EXW,2023-12-25,2024-01-19,2024-01-19,25,0,Yes,None,3483.67,17418.35,129755.79,313967.57,Delivered
BOL001037,Evergreen,Kuehne+Nagel,Sobeys,Steel Products,45HC,7,Busan,Los Angeles,DDP,2024-09-07,2024-10-13,2024-10-13,36,0,Yes,None,1183.21,8282.47,117499.58,407786.62,Delivered
BOL001038,Maersk,Panalpina,Walmart Canada,Steel Products,45HC,6,Hamburg,New York,EXW,2023-04-10,2023-05-25,2023-05-25,45,0,Yes,None,3177.35,19064.1,57477.6,30562.67,Delivered
BOL001039,HMM,Panalpina,Sobeys,Furniture,40HC,8,Colombo,Vancouver,DAP,2023-11-25,2024-01-04,2024-01-04,40,0,Yes,None,1115.33,8922.64,195116.12,301377.76,Delivered
BOL001040,Hapag-Lloyd,Sinotrans,Loblaws,Furniture,40HC,4,Shenzhen,Toronto,DDP,2022-09-03,2022-09-19,2022-09-19,16,0,Yes,None,1954.62,7818.48,95639.14,153791.15,Delivered
BOL001041,Maersk,Kuehne+Nagel,Hudson Bay,Machinery,20GP,9,Rotterdam,Toronto,EXW,2022-11-10,2022-12-11,2022-12-11,31,0,Yes,None,2146.01,19314.09,148145.42,371927.91,Delivered
BOL001042,Evergreen,Kuehne+Nagel,Empire Company,Electronics,40HC,6,Kaohsiung,Vancouver,EXW,2022-10-09,2022-10-29,2022-10-29,20,0,Yes,None,1977.75,11866.5,47074.32,292441.57,Delivered
BOL001043,CMA CGM,CEVA Logistics,Groupe Touchette,Apparel,20GP,5,Singapore,Toronto,FOB,2023-09-01,2023-10-04,2023-10-04,33,0,Yes,None,4199.7,20998.5,73319.68,332369.78,Delivered
BOL001044,MSC,Kuehne+Nagel,Hudson Bay,Chemicals,40HC,7,Colombo,New York,CIF,2022-08-07,2022-09-20,2022-09-20,44,0,Yes,None,2805.27,19636.89,77549.44,299518.39,Delivered
BOL001045,Maersk,Expeditors,Groupe Touchette,Textiles,40GP,3,Busan,Miami,EXW,2022-02-04,2022-03-20,2022-03-20,44,0,Yes,None,3530.09,10590.27,71730.12,344399.58,Delivered
BOL001046,Yang Ming,Expeditors,Loblaws,Steel Products,20RF,7,Rotterdam,Halifax,EXW,2024-10-05,2024-11-03,2024-11-03,29,0,Yes,None,1512.15,10585.05,119972.76,178691.26,Delivered
BOL001047,HMM,Kuehne+Nagel,Groupe Touchette,Furniture,45HC,1,Singapore,Los Angeles,DDP,2022-09-13,2022-10-23,2022-10-23,40,0,Yes,None,4417.92,4417.92,14327.53,103670.82,Delivered
BOL001048,MSC,Kuehne+Nagel,Costco Canada,Steel Products,40GP,1,Busan,Chicago,FOB,2023-05-25,2023-06-16,2023-06-16,22,0,Yes,None,3505.63,3505.63,20733.57,75151.41,Delivered
BOL001049,Yang Ming,DSV,Metro Inc,Food Products,45HC,3,Hong Kong,Houston,DDP,2022-01-29,2022-03-10,2022-03-10,40,0,Yes,None,1343.85,4031.55,59709.47,70389.64,Delivered
BOL001050,ZIM,DSV,Canadian Tire,Machinery,40GP,7,Busan,Seattle,DAP,2024-06-27,2024-07-23,2024-07-23,26,0,Yes,None,2106.76,14747.32,175062.12,430475.66,Delivered
BOL001051,Hapag-Lloyd,CEVA Logistics,Indigo Books,Machinery,20GP,8,Singapore,Los Angeles,CIF,2022-01-07,2022-02-17,2022-02-17,41,0,Yes,None,2739.84,21918.72,77506.54,64104.08,Delivered
BOL001052,Hapag-Lloyd,Nippon Express,IKEA Canada,Furniture,40HC,4,Hamburg,Miami,DAP,2024-08-27,2024-09-14,2024-09-14,18,0,Yes,None,2462.57,9850.28,83335.64,145051.63,Delivered
BOL001053,Hapag-Lloyd,Kuehne+Nagel,Loblaws,Chemicals,45HC,7,Ningbo,Vancouver,CFR,2022-10-01,2022-10-16,2022-10-16,15,0,Yes,None,1609.83,11268.81,187710.97,259751.88,Delivered
BOL001054,COSCO,DB Schenker,Metro Inc,Steel Products,20GP,10,Singapore,New York,CFR,2023-07-11,2023-08-13,2023-08-13,33,0,Yes,None,4341.47,43414.7,74637.41,450400.08,Delivered
BOL001055,Hapag-Lloyd,Expeditors,Loblaws,Food Products,40RF,9,Ningbo,Vancouver,EXW,2024-10-14,2024-10-28,2024-10-31,14,3,No,Bad Weather,2352.99,21176.91,115648.32,245699.43,Delivered
BOL001056,Evergreen,Expeditors,Sobeys,Textiles,20RF,4,Hong Kong,Seattle,EXW,2024-04-03,2024-05-09,2024-05-09,36,0,Yes,None,4093.95,16375.8,49873.79,430320.26,Delivered
BOL001057,MSC,Nippon Express,Reitmans,Apparel,20RF,3,Rotterdam,Montreal,DDP,2024-06-01,2024-06-16,2024-06-16,15,0,Yes,None,1655.83,4967.49,74792.06,110430.08,Delivered
BOL001058,HMM,Panalpina,Home Depot Canada,Toys,40HC,2,Shenzhen,Chicago,CIF,2022-10-05,2022-11-02,2022-11-02,28,0,Yes,None,935.48,1870.96,10538.1,297874.81,Delivered
BOL001059,COSCO,Nippon Express,Walmart Canada,Furniture,20RF,9,Hamburg,Chicago,DDP,2023-04-30,2023-05-21,2023-05-21,21,0,Yes,None,3561.75,32055.75,239222.24,128192.9,Delivered
BOL001060,ONE,CEVA Logistics,Hudson Bay,Toys,20GP,9,Rotterdam,Houston,CFR,2023-03-20,2023-04-29,2023-04-29,40,0,Yes,None,2956.65,26609.85,236435.89,146058.28,Delivered
BOL001061,CMA CGM,Nippon Express,Canadian Tire,Machinery,40GP,3,Busan,New York,DAP,2022-07-19,2022-08-03,2022-08-03,15,0,Yes,None,1666.61,4999.83,18119.09,97901.87,Delivered
BOL001062,MSC,CEVA Logistics,Sport Chek,Furniture,40RF,4,Rotterdam,Los Angeles,DAP,2023-04-08,2023-04-30,2023-04-30,22,0,Yes,None,2156.58,8626.32,89606.22,382935.38,Delivered
BOL001063,MSC,DSV,Hudson Bay,Food Products,40RF,7,Ningbo,Miami,CIF,2022-12-17,2023-01-23,2023-01-23,37,0,Yes,None,1201.54,8410.78,158071.23,113774.74,Delivered
BOL001064,ZIM,Expeditors,Loblaws,Machinery,20RF,9,Ningbo,Halifax,EXW,2024-12-01,2025-01-05,2025-01-05,35,0,Yes,None,3243.91,29195.19,89626.63,230038.7,In Transit
BOL001065,Evergreen,Nippon Express,Reitmans,Textiles,20RF,8,Ningbo,Toronto,FOB,2022-02-11,2022-03-09,2022-03-09,26,0,Yes,None,4230.82,33846.56,200949.35,66520.28,Delivered
BOL001066,MSC,Kuehne+Nagel,Reitmans,Auto Parts,20RF,4,Kaohsiung,Montreal,CFR,2024-03-19,2024-04-10,2024-04-10,22,0,Yes,None,3756.09,15024.36,42124.43,34871.5,Delivered
BOL001067,Evergreen,Nippon Express,Loblaw Companies,Apparel,20RF,3,Busan,Los Angeles,CFR,2023-11-26,2023-12-15,2023-12-15,19,0,Yes,None,3864.01,11592.03,18037.28,250349.09,Delivered
BOL001068,Maersk,CEVA Logistics,Walmart Canada,Electronics,20GP,6,Hong Kong,Toronto,FOB,2022-05-27,2022-07-07,2022-07-07,41,0,Yes,None,2505.33,15031.98,124024.77,496448.43,Delivered
BOL001069,COSCO,CEVA Logistics,Aldo Group,Chemicals,40RF,10,Shenzhen,Seattle,FOB,2022-06-21,2022-07-25,2022-07-25,34,0,Yes,None,1099.93,10999.3,208229.97,245582.14,Delivered
BOL001070,CMA CGM,Nippon Express,Groupe Touchette,Steel Products,20GP,9,Shenzhen,Montreal,DDP,2022-11-03,2022-12-09,2022-12-09,36,0,Yes,None,3188.75,28698.75,200773.57,137793.99,Delivered
BOL001071,Yang Ming,Sinotrans,Metro Inc,Toys,40GP,3,Shanghai,Houston,FOB,2023-08-12,2023-09-26,2023-10-05,45,9,No,Port Congestion,3850.12,11550.36,34939.43,314610.93,Delayed
BOL001072,COSCO,Sinotrans,Loblaw Companies,Machinery,20GP,5,Shenzhen,Houston,CFR,2024-08-15,2024-08-30,2024-08-30,15,0,Yes,None,4077.43,20387.15,68458.01,321967.28,Delivered
BOL001073,CMA CGM,CEVA Logistics,Canadian Tire,Steel Products,40HC,9,Hong Kong,Chicago,DAP,2024-02-13,2024-03-05,2024-03-05,21,0,Yes,None,1643.03,14787.27,111579.57,334048.71,Delivered
BOL001074,COSCO,CEVA Logistics,Home Depot Canada,Furniture,45HC,10,Shanghai,Halifax,CIF,2024-08-20,2024-09-06,2024-09-06,17,0,Yes,None,3967.29,39672.9,178400.35,312864.64,Delivered
BOL001075,Hapag-Lloyd,Nippon Express,Hudson Bay,Machinery,45HC,5,Colombo,Toronto,DDP,2023-07-03,2023-07-20,2023-07-20,17,0,Yes,None,3889.12,19445.6,39290.41,282338.79,Delivered
BOL001076,CMA CGM,DB Schenker,Empire Company,Food Products,40RF,4,Ningbo,Vancouver,CFR,2024-10-17,2024-11-15,2024-11-15,29,0,Yes,None,2754.79,11019.16,25903.26,141221.73,Delivered
BOL001077,Evergreen,Kuehne+Nagel,Loblaws,Apparel,20GP,4,Colombo,Miami,EXW,2024-12-04,2025-01-06,2025-01-06,33,0,Yes,None,4053.95,16215.8,89596.11,73950.09,In Transit
BOL001078,CMA CGM,Panalpina,Mountain Equipment,Food Products,40RF,7,Singapore,Toronto,CIF,2024-08-04,2024-08-20,2024-08-20,16,0,Yes,None,1379.69,9657.83,187328.82,193095.83,Delivered
BOL001079,HMM,Expeditors,Walmart Canada,Textiles,40RF,2,Singapore,Montreal,CFR,2023-01-18,2023-02-19,2023-02-23,32,4,No,Port Congestion,2538.38,5076.76,24155.56,398125.95,Delivered
BOL001080,HMM,CEVA Logistics,Shoppers Drug Mart,Electronics,20RF,9,Ningbo,Seattle,DDP,2022-08-12,2022-09-18,2022-09-18,37,0,Yes,None,1460.28,13142.52,248336.09,172460.1,Delivered
BOL001081,HMM,Sinotrans,Best Buy Canada,Chemicals,40GP,4,Colombo,Chicago,DDP,2023-08-17,2023-09-03,2023-09-03,17,0,Yes,None,1573.07,6292.28,90384.27,183981.1,Delivered
BOL001082,Maersk,Kuehne+Nagel,IKEA Canada,Steel Products,20GP,10,Shenzhen,Montreal,CIF,2023-03-31,2023-04-23,2023-04-23,23,0,Yes,None,2482.55,24825.5,157283.5,440512.3,Delivered
BOL001083,MSC,Panalpina,Sobeys,Steel Products,40RF,6,Shanghai,Vancouver,CFR,2023-02-10,2023-03-27,2023-03-27,45,0,Yes,None,4497.94,26987.64,35411.14,209257.0,Delivered
BOL001084,HMM,Kuehne+Nagel,Indigo Books,Apparel,20RF,9,Shanghai,Toronto,EXW,2024-03-08,2024-03-28,2024-04-05,20,8,No,Equipment Shortage,4099.75,36897.75,47209.09,100566.12,Delayed
BOL001085,Yang Ming,Sinotrans,Costco Canada,Electronics,40HC,8,Kaohsiung,Vancouver,CFR,2022-09-19,2022-10-03,2022-10-03,14,0,Yes,None,3156.28,25250.24,131512.7,367337.97,Delivered
BOL001086,MSC,Expeditors,IKEA Canada,Textiles,20GP,5,Kaohsiung,Chicago,EXW,2024-01-24,2024-02-29,2024-02-29,36,0,Yes,None,3033.66,15168.3,117979.07,436712.38,Delivered
BOL001087,HMM,Kuehne+Nagel,Loblaw Companies,Steel Products,20RF,3,Ningbo,New York,CFR,2024-03-24,2024-05-07,2024-05-07,44,0,Yes,None,3599.13,10797.39,43102.25,93594.34,Delivered
BOL001088,COSCO,Panalpina,Canadian Tire,Textiles,45HC,2,Singapore,Los Angeles,DAP,2023-05-07,2023-06-18,2023-06-18,42,0,Yes,None,1141.23,2282.46,52953.78,350754.37,Delivered
BOL001089,CMA CGM,Expeditors,Canadian Tire,Food Products,45HC,7,Shenzhen,Vancouver,FOB,2022-02-13,2022-03-20,2022-03-20,35,0,Yes,None,2410.87,16876.09,162307.84,32715.62,Delivered
BOL001090,ONE,Expeditors,Hudson Bay,Auto Parts,20RF,2,Hamburg,Vancouver,FOB,2022-04-24,2022-05-21,2022-05-21,27,0,Yes,None,3827.24,7654.48,45085.86,199279.22,Delivered
BOL001091,COSCO,DSV,Costco Canada,Furniture,45HC,9,Hamburg,Miami,CFR,2023-06-05,2023-07-10,2023-07-10,35,0,Yes,None,2836.08,25524.72,135301.78,63299.1,Delivered
BOL001092,Evergreen,DB Schenker,Reitmans,Toys,20RF,1,Hong Kong,Chicago,DDP,2023-08-18,2023-09-03,2023-09-03,16,0,Yes,None,3737.1,3737.1,27658.38,392319.2,Delivered
BOL001093,HMM,Kuehne+Nagel,Mountain Equipment,Electronics,40HC,10,Hamburg,Toronto,CFR,2024-04-14,2024-04-30,2024-04-30,16,0,Yes,None,3478.27,34782.7,62282.08,336842.62,Delivered
BOL001094,HMM,Sinotrans,Groupe Touchette,Food Products,20GP,8,Kaohsiung,Halifax,CFR,2023-08-16,2023-09-17,2023-09-17,32,0,Yes,None,4470.01,35760.08,147253.44,91144.51,Delivered
BOL001095,CMA CGM,DSV,Best Buy Canada,Chemicals,40HC,3,Kaohsiung,New York,CFR,2023-08-31,2023-10-13,2023-10-13,43,0,Yes,None,2780.48,8341.44,40266.45,198208.43,Delivered
BOL001096,CMA CGM,CEVA Logistics,Groupe Touchette,Food Products,40GP,3,Busan,Chicago,DAP,2022-02-13,2022-03-18,2022-03-18,33,0,Yes,None,4095.0,12285.0,22476.49,421201.32,Delivered
BOL001097,Evergreen,Expeditors,IKEA Canada,Machinery,45HC,2,Hamburg,Los Angeles,CFR,2024-04-15,2024-04-30,2024-04-30,15,0,Yes,None,2491.57,4983.14,29214.37,446887.67,Delivered
BOL001098,ONE,DB Schenker,Best Buy Canada,Food Products,20RF,3,Singapore,Toronto,DDP,2023-10-30,2023-12-06,2023-12-06,37,0,Yes,None,3231.86,9695.58,53719.58,18574.64,Delivered
BOL001099,MSC,Sinotrans,Groupe Touchette,Textiles,40GP,7,Rotterdam,Chicago,DAP,2024-06-08,2024-07-13,2024-07-13,35,0,Yes,None,2984.89,20894.23,92754.27,341511.55,Delivered
BOL001100,COSCO,Kuehne+Nagel,Shoppers Drug Mart,Chemicals,40GP,1,Ningbo,New York,CFR,2023-12-07,2024-01-16,2024-01-16,40,0,Yes,None,2878.64,2878.64,23601.07,58143.86,Delivered
BOL001101,Maersk,Expeditors,Sobeys,Electronics,20RF,3,Colombo,Chicago,CIF,2023-05-31,2023-06-26,2023-06-26,26,0,Yes,None,1690.22,5070.66,69943.57,162263.93,Delivered
BOL001102,Yang Ming,Kuehne+Nagel,Home Depot Canada,Textiles,45HC,10,Shanghai,Vancouver,CIF,2022-01-03,2022-01-17,2022-01-17,14,0,Yes,None,2245.49,22454.9,253603.77,40676.43,Delivered
BOL001103,HMM,CEVA Logistics,Shoppers Drug Mart,Apparel,20GP,2,Shenzhen,Chicago,DDP,2023-01-31,2023-03-07,2023-03-21,35,14,No,Port Congestion,2188.21,4376.42,12575.37,327659.75,Delayed
BOL001104,Maersk,DSV,Loblaws,Chemicals,40RF,9,Rotterdam,Los Angeles,CIF,2024-07-17,2024-08-26,2024-08-26,40,0,Yes,None,1524.83,13723.47,165569.72,227223.67,Delivered
BOL001105,Yang Ming,Panalpina,Loblaw Companies,Furniture,40HC,7,Ningbo,Miami,CFR,2022-02-04,2022-03-21,2022-03-21,45,0,Yes,None,1400.56,9803.92,150004.77,230022.29,Delivered
BOL001106,MSC,DSV,Sport Chek,Machinery,40RF,8,Kaohsiung,Halifax,FOB,2022-02-09,2022-02-28,2022-02-28,19,0,Yes,None,4214.47,33715.76,209848.57,491171.4,Delivered
BOL001107,ONE,Kuehne+Nagel,Giant Tiger,Food Products,40GP,2,Ningbo,New York,FOB,2022-05-18,2022-06-13,2022-06-13,26,0,Yes,None,4267.79,8535.58,53892.89,163958.07,Delivered
BOL001108,Evergreen,DB Schenker,Shoppers Drug Mart,Textiles,40GP,2,Busan,Miami,DDP,2024-08-08,2024-08-22,2024-08-22,14,0,Yes,None,1090.8,2181.6,17515.61,196116.48,Delivered
BOL001109,Hapag-Lloyd,DB Schenker,Canadian Tire,Machinery,40HC,7,Colombo,Chicago,CFR,2024-08-15,2024-09-29,2024-09-29,45,0,Yes,None,1248.68,8740.76,70138.85,46424.66,Delivered
BOL001110,Evergreen,Kuehne+Nagel,Loblaws,Toys,40HC,9,Singapore,Toronto,CIF,2023-10-24,2023-11-10,2023-11-10,17,0,Yes,None,959.1,8631.9,214214.49,221268.27,Delivered
BOL001111,Maersk,Nippon Express,Home Depot Canada,Furniture,40GP,8,Ningbo,Vancouver,DDP,2024-03-26,2024-05-09,2024-05-09,44,0,Yes,None,3541.39,28331.12,131937.13,261561.49,Delivered
BOL001112,ZIM,Expeditors,IKEA Canada,Auto Parts,20RF,7,Hamburg,Halifax,DAP,2023-01-09,2023-01-29,2023-01-29,20,0,Yes,None,1434.99,10044.93,122926.14,369928.51,Delivered
BOL001113,HMM,Sinotrans,Indigo Books,Textiles,40HC,7,Shanghai,Seattle,DDP,2022-08-24,2022-09-18,2022-09-18,25,0,Yes,None,907.88,6355.16,71854.23,377632.9,Delivered
BOL001114,ONE,DB Schenker,Reitmans,Electronics,45HC,8,Ningbo,Toronto,DAP,2022-09-01,2022-10-14,2022-10-14,43,0,Yes,None,1673.01,13384.08,114535.58,392144.07,Delivered
BOL001115,ONE,DSV,Best Buy Canada,Textiles,40HC,6,Hong Kong,Toronto,DAP,2022-06-22,2022-07-16,2022-07-16,24,0,Yes,None,3293.37,19760.22,41894.1,202744.82,Delivered
BOL001116,HMM,DSV,Groupe Touchette,Electronics,40RF,3,Rotterdam,Seattle,CFR,2024-04-09,2024-05-02,2024-05-02,23,0,Yes,None,1069.19,3207.57,54372.66,170422.35,Delivered
BOL001117,Maersk,Sinotrans,IKEA Canada,Steel Products,40HC,9,Shanghai,Houston,DDP,2023-04-27,2023-06-07,2023-06-07,41,0,Yes,None,4011.89,36107.01,242288.99,72168.3,Delivered
BOL001118,Hapag-Lloyd,Nippon Express,Reitmans,Chemicals,20RF,6,Shenzhen,Vancouver,DAP,2023-05-29,2023-06-30,2023-06-30,32,0,Yes,None,3930.7,23584.2,114142.74,281235.03,Delivered
BOL001119,CMA CGM,DSV,Giant Tiger,Electronics,40GP,4,Busan,Montreal,CFR,2022-03-15,2022-04-26,2022-04-26,42,0,Yes,None,4112.23,16448.92,56952.11,201343.13,Delivered
BOL001120,HMM,DB Schenker,Sobeys,Food Products,40RF,8,Ningbo,Halifax,CFR,2024-02-19,2024-03-08,2024-03-08,18,0,Yes,None,2631.12,21048.96,137924.3,198392.46,Delivered
BOL001121,CMA CGM,DSV,Canadian Tire,Auto Parts,45HC,1,Shanghai,Miami,EXW,2022-09-23,2022-10-27,2022-10-27,34,0,Yes,None,3724.95,3724.95,17239.24,343965.74,Delivered
BOL001122,Hapag-Lloyd,Panalpina,Shoppers Drug Mart,Textiles,40RF,10,Shenzhen,Los Angeles,CIF,2022-03-03,2022-04-09,2022-04-22,37,13,No,Equipment Shortage,2027.94,20279.4,155026.15,28774.74,Delayed
BOL001123,CMA CGM,DSV,Loblaw Companies,Auto Parts,45HC,10,Kaohsiung,Chicago,DDP,2023-07-04,2023-08-03,2023-08-06,30,3,No,Equipment Shortage,2258.05,22580.5,82281.46,414969.53,Delivered
BOL001124,COSCO,DB Schenker,Sobeys,Chemicals,20RF,2,Hong Kong,Los Angeles,DDP,2024-03-12,2024-04-09,2024-04-23,28,14,No,Documentation Error,2058.69,4117.38,17563.39,49007.4,Delayed
BOL001125,MSC,Sinotrans,Best Buy Canada,Auto Parts,45HC,10,Kaohsiung,Houston,CFR,2023-12-05,2024-01-12,2024-01-15,38,3,No,Customs Inspection,1620.11,16201.1,209757.47,178229.27,Delivered
BOL001126,ONE,DSV,Empire Company,Toys,20RF,5,Shanghai,Halifax,DDP,2024-01-27,2024-03-04,2024-03-05,37,1,No,Equipment Shortage,4338.16,21690.8,134201.36,283755.6,Delivered
BOL001127,ZIM,CEVA Logistics,Hudson Bay,Steel Products,20RF,2,Shenzhen,Vancouver,DAP,2023-04-05,2023-04-19,2023-04-19,14,0,Yes,None,4047.68,8095.36,51117.89,413921.0,Delivered
BOL001128,ZIM,Expeditors,Shoppers Drug Mart,Apparel,20GP,2,Hong Kong,Chicago,EXW,2023-02-12,2023-03-19,2023-03-19,35,0,Yes,None,3902.68,7805.36,19668.55,160714.43,Delivered
BOL001129,Evergreen,CEVA Logistics,Shoppers Drug Mart,Food Products,20RF,4,Colombo,Vancouver,DAP,2022-08-08,2022-09-04,2022-09-04,27,0,Yes,None,3824.89,15299.56,63778.72,424478.95,Delivered
BOL001130,ZIM,Kuehne+Nagel,Metro Inc,Food Products,40RF,2,Hong Kong,Los Angeles,CFR,2022-02-02,2022-03-05,2022-03-05,31,0,Yes,None,1848.87,3697.74,45408.93,52697.14,Delivered
BOL001131,COSCO,DB Schenker,Sport Chek,Textiles,40RF,3,Busan,Montreal,EXW,2024-12-08,2025-01-21,2025-01-21,44,0,Yes,None,3603.73,10811.19,15464.13,186883.43,In Transit
BOL001132,ZIM,DSV,Loblaws,Textiles,45HC,7,Colombo,Miami,DAP,2022-10-08,2022-11-12,2022-11-12,35,0,Yes,None,1015.97,7111.79,87237.28,388733.52,Delivered
BOL001133,Yang Ming,DSV,Aldo Group,Chemicals,20RF,6,Hong Kong,Halifax,EXW,2022-12-10,2023-01-01,2023-01-01,22,0,Yes,None,4437.67,26626.02,153257.59,147010.74,Delivered
BOL001134,Maersk,Expeditors,Mountain Equipment,Furniture,20GP,7,Shanghai,Toronto,EXW,2022-12-31,2023-01-22,2023-01-27,22,5,No,Port Congestion,4445.93,31121.51,39088.71,466961.52,Delivered
BOL001135,Maersk,DB Schenker,Indigo Books,Textiles,20GP,6,Hong Kong,Seattle,CIF,2023-04-21,2023-05-09,2023-05-09,18,0,Yes,None,4013.39,24080.34,39555.48,12729.16,Delivered
BOL001136,ZIM,Nippon Express,Giant Tiger,Auto Parts,20RF,9,Hamburg,Los Angeles,DAP,2022-07-25,2022-08-26,2022-08-26,32,0,Yes,None,3082.56,27743.04,124865.91,313781.51,Delivered
BOL001137,Evergreen,DB Schenker,Costco Canada,Apparel,40GP,6,Hong Kong,Chicago,CFR,2023-08-23,2023-10-02,2023-10-02,40,0,Yes,None,3930.06,23580.36,165901.02,354805.31,Delivered
BOL001138,MSC,Kuehne+Nagel,Walmart Canada,Electronics,40GP,4,Singapore,Halifax,DAP,2022-08-05,2022-08-27,2022-08-27,22,0,Yes,None,3044.34,12177.36,100837.09,326122.47,Delivered
BOL001139,Yang Ming,Nippon Express,Home Depot Canada,Textiles,40GP,4,Ningbo,Seattle,DDP,2024-11-30,2024-12-29,2024-12-29,29,0,Yes,None,3454.91,13819.64,62613.12,21870.44,Delivered
BOL001140,CMA CGM,CEVA Logistics,Groupe Touchette,Food Products,45HC,6,Singapore,Seattle,CIF,2022-12-29,2023-01-23,2023-01-23,25,0,Yes,None,1763.26,10579.56,164314.85,285400.24,Delivered
BOL001141,Maersk,Kuehne+Nagel,Giant Tiger,Textiles,40RF,8,Shenzhen,Miami,CIF,2023-10-29,2023-11-21,2023-11-21,23,0,Yes,None,2214.93,17719.44,161012.73,128133.58,Delivered
BOL001142,CMA CGM,DB Schenker,Hudson Bay,Electronics,40GP,4,Kaohsiung,Halifax,EXW,2024-08-18,2024-09-12,2024-09-12,25,0,Yes,None,2438.72,9754.88,85981.88,116462.26,Delivered
BOL001143,Hapag-Lloyd,DB Schenker,Reitmans,Auto Parts,40GP,2,Kaohsiung,Vancouver,CFR,2022-11-14,2022-12-11,2022-12-11,27,0,Yes,None,3511.38,7022.76,46772.54,332051.08,Delivered
BOL001144,Hapag-Lloyd,Nippon Express,Best Buy Canada,Machinery,40RF,4,Hong Kong,Montreal,DAP,2023-04-30,2023-05-24,2023-05-24,24,0,Yes,None,3720.6,14882.4,98724.31,274680.14,Delivered
BOL001145,ZIM,DB Schenker,Best Buy Canada,Steel Products,45HC,5,Singapore,Halifax,DDP,2024-08-06,2024-09-20,2024-09-20,45,0,Yes,None,1714.4,8572.0,27249.44,172985.84,Delivered
BOL001146,COSCO,Expeditors,Best Buy Canada,Toys,40GP,8,Kaohsiung,Seattle,DDP,2024-07-04,2024-08-15,2024-08-15,42,0,Yes,None,1058.57,8468.56,50200.5,130779.78,Delivered
BOL001147,ONE,Expeditors,Canadian Tire,Food Products,20RF,9,Shenzhen,Los Angeles,DDP,2024-10-01,2024-11-04,2024-11-04,34,0,Yes,None,1699.2,15292.8,75892.59,408037.18,Delivered
BOL001148,COSCO,Expeditors,Mountain Equipment,Steel Products,20RF,8,Colombo,Montreal,DAP,2022-12-21,2023-01-06,2023-01-06,16,0,Yes,None,3044.35,24354.8,212909.75,443564.46,Delivered
BOL001149,Maersk,Sinotrans,IKEA Canada,Machinery,20RF,7,Shanghai,New York,EXW,2024-02-02,2024-03-09,2024-03-09,36,0,Yes,None,4219.92,29539.44,163589.42,462048.24,Delivered
BOL001150,CMA CGM,Panalpina,Groupe Touchette,Steel Products,40HC,3,Shenzhen,Toronto,CIF,2022-06-17,2022-07-21,2022-07-21,34,0,Yes,None,4330.15,12990.45,75168.46,289552.9,Delivered
BOL001151,Yang Ming,Nippon Express,Costco Canada,Toys,40HC,9,Shanghai,Halifax,FOB,2022-02-19,2022-03-10,2022-03-10,19,0,Yes,None,1513.55,13621.95,171700.6,106202.98,Delivered
BOL001152,ZIM,Kuehne+Nagel,Best Buy Canada,Furniture,40RF,3,Hamburg,Miami,FOB,2022-07-10,2022-07-31,2022-07-31,21,0,Yes,None,3507.5,10522.5,22973.61,87128.23,Delivered
BOL001153,COSCO,Expeditors,Costco Canada,Toys,40GP,3,Ningbo,Houston,CIF,2022-08-26,2022-09-16,2022-09-16,21,0,Yes,None,954.85,2864.55,57608.05,25639.51,Delivered
BOL001154,MSC,Kuehne+Nagel,Hudson Bay,Furniture,45HC,6,Singapore,Montreal,EXW,2022-03-17,2022-04-18,2022-04-18,32,0,Yes,None,1571.09,9426.54,31850.45,97630.47,Delivered
BOL001155,ONE,DSV,Aldo Group,Furniture,40RF,7,Shanghai,Halifax,CIF,2022-07-04,2022-08-05,2022-08-05,32,0,Yes,None,3113.79,21796.53,57638.41,175206.26,Delivered
BOL001156,Maersk,Panalpina,Groupe Touchette,Auto Parts,20RF,4,Rotterdam,Vancouver,DDP,2024-02-09,2024-03-02,2024-03-02,22,0,Yes,None,3392.32,13569.28,53738.9,484161.4,Delivered
BOL001157,COSCO,Sinotrans,Mountain Equipment,Chemicals,20GP,4,Rotterdam,Houston,CFR,2022-09-20,2022-11-04,2022-11-04,45,0,Yes,None,4384.88,17539.52,30915.83,144976.35,Delivered
BOL001158,Yang Ming,DB Schenker,Aldo Group,Apparel,40HC,2,Hamburg,Toronto,EXW,2023-09-21,2023-10-13,2023-10-13,22,0,Yes,None,4085.98,8171.96,45811.97,22566.32,Delivered
BOL001159,Yang Ming,Expeditors,Indigo Books,Steel Products,20GP,3,Shenzhen,Miami,FOB,2024-09-08,2024-10-06,2024-10-06,28,0,Yes,None,3016.55,9049.65,19244.78,362232.08,Delivered
BOL001160,Hapag-Lloyd,Kuehne+Nagel,Canadian Tire,Electronics,40RF,2,Shanghai,New York,CIF,2022-09-24,2022-10-16,2022-10-16,22,0,Yes,None,2066.84,4133.68,22008.85,433387.03,Delivered
BOL001161,ZIM,Panalpina,Mountain Equipment,Steel Products,20RF,8,Shenzhen,Houston,DDP,2022-02-04,2022-03-13,2022-03-28,37,15,No,Equipment Shortage,2163.69,17309.52,204319.83,161047.07,Delayed
BOL001162,Yang Ming,CEVA Logistics,Canadian Tire,Electronics,40GP,5,Singapore,Seattle,FOB,2023-08-07,2023-09-17,2023-09-17,41,0,Yes,None,2574.41,12872.05,37238.88,420017.4,Delivered
BOL001163,CMA CGM,CEVA Logistics,Canadian Tire,Food Products,40RF,7,Shenzhen,Seattle,CFR,2022-08-31,2022-09-21,2022-09-21,21,0,Yes,None,2849.22,19944.54,51160.73,205332.79,Delivered
BOL001164,Maersk,CEVA Logistics,Costco Canada,Toys,40HC,8,Shenzhen,Houston,FOB,2024-11-24,2024-12-14,2024-12-14,20,0,Yes,None,1197.39,9579.12,149065.52,435531.97,Delivered
BOL001165,COSCO,Expeditors,Empire Company,Machinery,45HC,4,Singapore,Houston,DAP,2024-04-16,2024-05-28,2024-05-28,42,0,Yes,None,2028.92,8115.68,109127.33,408368.61,Delivered
BOL001166,ZIM,DSV,Indigo Books,Food Products,20GP,1,Colombo,Houston,DDP,2024-03-31,2024-04-25,2024-04-25,25,0,Yes,None,2890.99,2890.99,9179.69,270528.93,Delivered
BOL001167,Yang Ming,Sinotrans,Loblaws,Furniture,20GP,6,Busan,Halifax,DAP,2024-10-13,2024-10-28,2024-10-28,15,0,Yes,None,1536.17,9217.02,122605.01,437362.37,Delivered
BOL001168,Maersk,Sinotrans,Sport Chek,Electronics,40HC,10,Hamburg,Toronto,EXW,2024-03-17,2024-04-27,2024-04-27,41,0,Yes,None,1037.08,10370.8,105326.0,77728.79,Delivered
BOL001169,Hapag-Lloyd,Expeditors,Loblaws,Electronics,20GP,2,Hamburg,Vancouver,FOB,2024-05-21,2024-06-10,2024-06-15,20,5,No,Documentation Error,3741.88,7483.76,12326.57,298372.0,Delivered
BOL001170,Maersk,Nippon Express,Aldo Group,Steel Products,40GP,2,Kaohsiung,Montreal,EXW,2022-05-20,2022-06-20,2022-06-20,31,0,Yes,None,1971.66,3943.32,17917.55,135205.63,Delivered
BOL001171,HMM,Kuehne+Nagel,Empire Company,Textiles,20GP,4,Rotterdam,Miami,DDP,2024-03-19,2024-05-03,2024-05-03,45,0,Yes,None,2514.02,10056.08,60389.6,68936.19,Delivered
BOL001172,CMA CGM,Expeditors,Hudson Bay,Chemicals,45HC,5,Busan,New York,DAP,2024-04-21,2024-05-29,2024-05-29,38,0,Yes,None,4324.42,21622.1,80777.46,289798.77,Delivered
BOL001173,Yang Ming,Nippon Express,Costco Canada,Furniture,20GP,10,Singapore,Los Angeles,FOB,2024-11-21,2024-12-23,2024-12-23,32,0,Yes,None,2450.45,24504.5,53371.91,358628.58,Delivered
BOL001174,MSC,Panalpina,IKEA Canada,Textiles,20GP,2,Shanghai,Chicago,FOB,2022-04-15,2022-05-28,2022-06-11,43,14,No,Customs Inspection,2319.75,4639.5,48687.26,333770.42,Delayed
BOL001175,HMM,CEVA Logistics,Metro Inc,Machinery,20GP,2,Colombo,Montreal,DDP,2024-11-16,2024-12-28,2024-12-28,42,0,Yes,None,4411.24,8822.48,54275.88,368168.8,Delivered
BOL001176,COSCO,Panalpina,Giant Tiger,Auto Parts,20RF,3,Hong Kong,Montreal,CFR,2022-05-25,2022-07-03,2022-07-03,39,0,Yes,None,1394.65,4183.95,23296.76,473933.53,Delivered
BOL001177,Evergreen,DSV,Home Depot Canada,Food Products,20GP,5,Shenzhen,Los Angeles,CFR,2024-06-15,2024-06-29,2024-06-29,14,0,Yes,None,2798.35,13991.75,73160.57,166897.09,Delivered
BOL001178,HMM,DB Schenker,Metro Inc,Food Products,20GP,3,Singapore,Los Angeles,CFR,2024-04-05,2024-04-24,2024-04-24,19,0,Yes,None,2690.32,8070.96,49478.22,410399.66,Delivered
BOL001179,MSC,Panalpina,Best Buy Canada,Steel Products,40RF,1,Shenzhen,Chicago,DAP,2024-08-06,2024-09-14,2024-09-24,39,10,No,Equipment Shortage,1788.4,1788.4,18543.36,122375.26,Delayed
BOL001180,Evergreen,Panalpina,Sport Chek,Chemicals,40RF,4,Colombo,Montreal,DDP,2024-05-24,2024-06-09,2024-06-09,16,0,Yes,None,1455.01,5820.04,46138.81,447943.78,Delivered
BOL001181,HMM,Expeditors,Reitmans,Food Products,40RF,7,Rotterdam,Chicago,DAP,2022-08-08,2022-09-20,2022-09-20,43,0,Yes,None,1472.38,10306.66,138039.78,443536.06,Delivered
BOL001182,Yang Ming,Expeditors,Mountain Equipment,Furniture,20RF,5,Hong Kong,Vancouver,CIF,2023-06-27,2023-08-07,2023-08-07,41,0,Yes,None,1361.25,6806.25,76053.84,84945.14,Delivered
BOL001183,Yang Ming,Expeditors,Metro Inc,Textiles,20GP,9,Singapore,Montreal,DDP,2024-04-12,2024-05-13,2024-05-13,31,0,Yes,None,4380.35,39423.15,243751.9,391545.99,Delivered
BOL001184,Yang Ming,Kuehne+Nagel,Home Depot Canada,Electronics,45HC,3,Kaohsiung,Vancouver,CFR,2022-03-26,2022-05-06,2022-05-09,41,3,No,Equipment Shortage,4465.2,13395.6,66949.77,228135.42,Delivered
BOL001185,Yang Ming,Nippon Express,Costco Canada,Apparel,20RF,4,Ningbo,New York,CIF,2023-09-07,2023-09-25,2023-09-29,18,4,No,Port Congestion,2123.66,8494.64,89505.18,303848.13,Delivered
BOL001186,Maersk,DSV,Loblaws,Furniture,40GP,1,Rotterdam,Houston,EXW,2024-04-14,2024-04-28,2024-04-28,14,0,Yes,None,4197.9,4197.9,12388.0,260411.35,Delivered
BOL001187,Maersk,Kuehne+Nagel,Sport Chek,Steel Products,20GP,7,Singapore,Chicago,DAP,2024-10-11,2024-11-03,2024-11-03,23,0,Yes,None,1976.17,13833.19,40082.09,104691.82,Delivered
BOL001188,COSCO,Sinotrans,Walmart Canada,Textiles,20RF,3,Colombo,Toronto,DDP,2024-08-20,2024-10-03,2024-10-18,44,15,No,Port Congestion,3390.72,10172.16,56023.76,290884.94,Delayed
BOL001189,HMM,DSV,Sport Chek,Furniture,45HC,5,Busan,Houston,DAP,2024-08-03,2024-08-26,2024-08-26,23,0,Yes,None,2330.69,11653.45,122495.95,61247.27,Delivered
BOL001190,MSC,DSV,Groupe Touchette,Chemicals,40RF,10,Kaohsiung,Chicago,EXW,2024-05-14,2024-06-12,2024-06-24,29,12,No,Equipment Shortage,2833.34,28333.4,121671.63,258294.36,Delayed
BOL001191,Evergreen,Panalpina,Canadian Tire,Food Products,40GP,10,Hamburg,Houston,DDP,2023-10-05,2023-10-22,2023-10-22,17,0,Yes,None,3314.24,33142.4,63475.26,346851.79,Delivered
BOL001192,Evergreen,Sinotrans,IKEA Canada,Food Products,40RF,1,Colombo,Miami,EXW,2022-08-21,2022-09-08,2022-09-08,18,0,Yes,None,1640.16,1640.16,18708.15,378826.1,Delivered
BOL001193,HMM,DSV,Empire Company,Machinery,40HC,6,Shanghai,Halifax,CIF,2022-09-15,2022-10-05,2022-10-05,20,0,Yes,None,3018.13,18108.78,82299.64,13762.38,Delivered
BOL001194,ZIM,Sinotrans,Shoppers Drug Mart,Food Products,40RF,5,Rotterdam,Miami,FOB,2023-01-02,2023-01-19,2023-01-24,17,5,No,Equipment Shortage,3706.41,18532.05,110164.41,282808.66,Delivered
BOL001195,Maersk,Panalpina,Empire Company,Steel Products,40HC,6,Hong Kong,Montreal,DAP,2023-06-21,2023-07-15,2023-07-15,24,0,Yes,None,2367.29,14203.74,80257.88,380570.49,Delivered
BOL001196,Yang Ming,Sinotrans,Hudson Bay,Furniture,20RF,1,Singapore,Miami,DDP,2023-03-29,2023-04-24,2023-04-24,26,0,Yes,None,2373.06,2373.06,10577.88,393292.97,Delivered
BOL001197,CMA CGM,DB Schenker,Hudson Bay,Furniture,40RF,6,Shanghai,Miami,FOB,2023-11-21,2023-12-23,2023-12-23,32,0,Yes,None,3033.51,18201.06,77889.24,463422.62,Delivered
BOL001198,MSC,Kuehne+Nagel,Best Buy Canada,Food Products,45HC,8,Hong Kong,Halifax,FOB,2023-08-26,2023-09-20,2023-09-20,25,0,Yes,None,3367.61,26940.88,127206.51,206605.69,Delivered
BOL001199,Maersk,Nippon Express,Best Buy Canada,Textiles,40HC,9,Rotterdam,Toronto,FOB,2022-12-29,2023-01-29,2023-02-10,31,12,No,Port Congestion,3816.56,34349.04,96998.62,400472.15,Delayed
BOL001200,Maersk,Sinotrans,Loblaw Companies,Machinery,20RF,3,Hong Kong,Seattle,DAP,2024-11-23,2025-01-01,2025-01-01,39,0,Yes,None,1524.77,4574.31,20460.12,293141.39,Delivered
BOL001201,Evergreen,Sinotrans,IKEA Canada,Toys,20GP,3,Colombo,Chicago,EXW,2023-06-23,2023-07-17,2023-07-17,24,0,Yes,None,3502.65,10507.95,78447.0,36200.9,Delivered
BOL001202,COSCO,Kuehne+Nagel,Loblaw Companies,Furniture,20GP,8,Hong Kong,Chicago,EXW,2023-12-10,2024-01-17,2024-01-17,38,0,Yes,None,2850.2,22801.6,219161.34,321423.43,Delivered
BOL001203,ZIM,Expeditors,Loblaw Companies,Chemicals,40HC,1,Hong Kong,Chicago,DDP,2023-04-22,2023-05-26,2023-05-26,34,0,Yes,None,916.31,916.31,26725.17,134687.69,Delivered
BOL001204,MSC,Expeditors,Sport Chek,Toys,40RF,8,Hamburg,Halifax,DAP,2022-06-07,2022-06-28,2022-07-01,21,3,No,Customs Inspection,1856.22,14849.76,138857.11,385021.49,Delivered
BOL001205,Yang Ming,Panalpina,Sobeys,Furniture,40RF,3,Colombo,Montreal,FOB,2023-05-13,2023-06-14,2023-06-14,32,0,Yes,None,2610.36,7831.08,17118.65,435128.82,Delivered
BOL001206,Yang Ming,DB Schenker,Shoppers Drug Mart,Steel Products,20RF,7,Busan,Toronto,CIF,2022-01-26,2022-02-12,2022-02-12,17,0,Yes,None,4360.57,30523.99,168098.95,134915.66,Delivered
BOL001207,MSC,DSV,Sobeys,Food Products,40HC,1,Shenzhen,Montreal,DAP,2023-07-01,2023-07-29,2023-07-29,28,0,Yes,None,932.33,932.33,26179.15,353002.29,Delivered
BOL001208,Yang Ming,Panalpina,Costco Canada,Electronics,40GP,5,Singapore,Chicago,CFR,2024-11-19,2024-12-07,2024-12-07,18,0,Yes,None,1740.18,8700.9,130430.82,478200.64,Delivered
BOL001209,HMM,Nippon Express,Reitmans,Apparel,45HC,9,Hong Kong,New York,CIF,2022-05-16,2022-06-29,2022-06-29,44,0,Yes,None,1196.47,10768.23,177849.91,328946.37,Delivered
BOL001210,HMM,Nippon Express,Shoppers Drug Mart,Electronics,45HC,10,Colombo,Los Angeles,EXW,2024-10-25,2024-11-24,2024-11-24,30,0,Yes,None,2901.22,29012.2,147884.54,297299.66,Delivered
BOL001211,Yang Ming,DB Schenker,Loblaws,Machinery,45HC,3,Kaohsiung,Montreal,CIF,2022-09-30,2022-11-13,2022-11-13,44,0,Yes,None,1739.03,5217.09,31046.03,407009.67,Delivered
BOL001212,ZIM,Expeditors,Hudson Bay,Electronics,20RF,4,Shenzhen,Montreal,DAP,2023-02-22,2023-03-22,2023-03-22,28,0,Yes,None,1681.59,6726.36,92896.09,83964.46,Delivered
BOL001213,CMA CGM,Sinotrans,Home Depot Canada,Electronics,40GP,3,Ningbo,New York,FOB,2022-12-20,2023-01-06,2023-01-06,17,0,Yes,None,1339.11,4017.33,18089.96,67316.76,Delivered
BOL001214,MSC,DSV,Home Depot Canada,Electronics,20GP,9,Hamburg,Miami,CFR,2024-08-02,2024-09-12,2024-09-12,41,0,Yes,None,3912.72,35214.48,168551.37,435239.49,Delivered
BOL001215,MSC,Nippon Express,Canadian Tire,Steel Products,40HC,1,Hong Kong,New York,CFR,2023-01-23,2023-03-01,2023-03-01,37,0,Yes,None,4193.9,4193.9,10410.33,280985.93,Delivered
BOL001216,MSC,CEVA Logistics,Costco Canada,Electronics,20RF,3,Kaohsiung,Houston,FOB,2023-07-20,2023-08-29,2023-08-29,40,0,Yes,None,1521.45,4564.35,36343.77,434513.74,Delivered
BOL001217,ONE,Sinotrans,Canadian Tire,Electronics,40HC,5,Hamburg,Vancouver,DDP,2024-07-25,2024-09-02,2024-09-02,39,0,Yes,None,4290.8,21454.0,134537.14,298279.88,Delivered
BOL001218,Evergreen,Panalpina,Giant Tiger,Machinery,20GP,1,Shenzhen,Vancouver,FOB,2024-06-05,2024-07-13,2024-07-13,38,0,Yes,None,4148.45,4148.45,14038.71,191774.54,Delivered
BOL001219,COSCO,Expeditors,Indigo Books,Auto Parts,20RF,5,Shanghai,Houston,DAP,2022-07-25,2022-09-02,2022-09-02,39,0,Yes,None,3657.98,18289.9,78984.88,266168.45,Delivered
BOL001220,Evergreen,Kuehne+Nagel,Reitmans,Textiles,20RF,10,Shanghai,Montreal,DAP,2023-08-26,2023-09-18,2023-09-18,23,0,Yes,None,3100.77,31007.7,86640.29,307397.29,Delivered
BOL001221,HMM,Expeditors,Walmart Canada,Toys,40HC,1,Hamburg,Vancouver,DAP,2024-08-25,2024-10-09,2024-10-09,45,0,Yes,None,2172.68,2172.68,18601.32,98498.94,Delivered
BOL001222,Yang Ming,CEVA Logistics,Home Depot Canada,Electronics,40RF,6,Colombo,Los Angeles,EXW,2022-09-17,2022-10-02,2022-10-02,15,0,Yes,None,2481.84,14891.04,162948.13,265768.55,Delivered
BOL001223,Hapag-Lloyd,Nippon Express,Loblaw Companies,Apparel,40HC,6,Hamburg,Seattle,DDP,2024-01-25,2024-02-16,2024-02-16,22,0,Yes,None,2688.84,16133.04,164069.13,67711.49,Delivered
BOL001224,MSC,Sinotrans,Groupe Touchette,Steel Products,20GP,2,Ningbo,Chicago,DDP,2023-08-31,2023-10-08,2023-10-08,38,0,Yes,None,2804.7,5609.4,46672.79,326040.71,Delivered
BOL001225,Hapag-Lloyd,Kuehne+Nagel,Loblaw Companies,Chemicals,40GP,10,Hamburg,Toronto,EXW,2022-10-10,2022-11-20,2022-11-20,41,0,Yes,None,4289.19,42891.9,126881.51,297941.09,Delivered
BOL001226,CMA CGM,CEVA Logistics,Walmart Canada,Chemicals,20GP,6,Kaohsiung,Los Angeles,DAP,2023-12-11,2024-01-12,2024-01-12,32,0,Yes,None,2409.94,14459.64,99800.07,11414.21,Delivered
BOL001227,Hapag-Lloyd,DB Schenker,Metro Inc,Toys,40RF,6,Busan,Los Angeles,CIF,2022-04-12,2022-04-30,2022-04-30,18,0,Yes,None,2317.03,13902.18,161188.2,235085.5,Delivered
BOL001228,ZIM,Sinotrans,Loblaw Companies,Auto Parts,45HC,9,Ningbo,Chicago,FOB,2023-11-03,2023-12-04,2023-12-04,31,0,Yes,None,3212.21,28909.89,233869.7,263187.98,Delivered
BOL001229,MSC,CEVA Logistics,Mountain Equipment,Apparel,40HC,1,Colombo,Toronto,CFR,2022-05-29,2022-07-06,2022-07-06,38,0,Yes,None,2581.44,2581.44,6355.1,182201.81,Delivered
BOL001230,Evergreen,DB Schenker,Groupe Touchette,Toys,40RF,2,Shanghai,Houston,FOB,2022-12-31,2023-02-12,2023-02-12,43,0,Yes,None,1965.44,3930.88,29660.57,376290.45,Delivered
BOL001231,COSCO,Panalpina,Reitmans,Steel Products,45HC,10,Singapore,Vancouver,EXW,2023-02-13,2023-03-01,2023-03-01,16,0,Yes,None,1961.47,19614.7,53382.34,478920.74,Delivered
BOL001232,CMA CGM,Nippon Express,Loblaws,Steel Products,20RF,9,Rotterdam,Houston,EXW,2023-08-24,2023-09-21,2023-09-21,28,0,Yes,None,2532.8,22795.2,167771.3,290811.33,Delivered
BOL001233,MSC,CEVA Logistics,Home Depot Canada,Auto Parts,20RF,9,Singapore,Montreal,DDP,2022-08-25,2022-10-04,2022-10-04,40,0,Yes,None,4225.07,38025.63,247322.67,109070.45,Delivered
BOL001234,ONE,Expeditors,Metro Inc,Toys,20RF,10,Singapore,New York,EXW,2023-06-13,2023-07-18,2023-07-18,35,0,Yes,None,2292.14,22921.4,207458.54,43673.16,Delivered
BOL001235,HMM,DSV,Loblaws,Textiles,45HC,5,Hamburg,New York,CIF,2023-11-22,2023-12-15,2023-12-15,23,0,Yes,None,4422.35,22111.75,75073.5,375212.64,Delivered
BOL001236,CMA CGM,Panalpina,Shoppers Drug Mart,Textiles,40GP,6,Singapore,Miami,FOB,2024-10-27,2024-11-22,2024-11-22,26,0,Yes,None,3760.75,22564.5,82802.26,490884.66,Delivered
BOL001237,Yang Ming,DB Schenker,Groupe Touchette,Furniture,40HC,1,Shenzhen,Houston,CIF,2022-04-19,2022-05-31,2022-05-31,42,0,Yes,None,2255.85,2255.85,15326.67,174426.14,Delivered
BOL001238,Evergreen,Nippon Express,Best Buy Canada,Apparel,20GP,1,Kaohsiung,Vancouver,FOB,2022-01-20,2022-02-05,2022-02-14,16,9,No,Bad Weather,2625.52,2625.52,21096.25,368003.74,Delayed
BOL001239,Maersk,Sinotrans,Walmart Canada,Furniture,40RF,1,Hamburg,Miami,CIF,2024-11-05,2024-12-13,2024-12-13,38,0,Yes,None,1326.6,1326.6,23525.15,355038.21,Delivered
BOL001240,ZIM,CEVA Logistics,Mountain Equipment,Chemicals,40HC,2,Ningbo,Los Angeles,CFR,2024-01-30,2024-02-27,2024-02-27,28,0,Yes,None,3325.58,6651.16,55917.7,447554.72,Delivered
BOL001241,HMM,Panalpina,Aldo Group,Machinery,40RF,1,Ningbo,Houston,DAP,2022-01-22,2022-02-15,2022-02-15,24,0,Yes,None,1092.08,1092.08,7552.86,115153.4,Delivered
BOL001242,COSCO,Panalpina,Groupe Touchette,Electronics,45HC,2,Hamburg,Halifax,EXW,2022-03-07,2022-04-18,2022-04-18,42,0,Yes,None,3630.44,7260.88,42392.49,423817.16,Delivered
BOL001243,Hapag-Lloyd,Kuehne+Nagel,Groupe Touchette,Electronics,20GP,1,Kaohsiung,New York,CIF,2022-02-27,2022-03-27,2022-03-27,28,0,Yes,None,835.97,835.97,14031.42,479122.39,Delivered
BOL001244,MSC,Kuehne+Nagel,Aldo Group,Textiles,20GP,4,Singapore,Vancouver,EXW,2022-01-07,2022-02-07,2022-02-07,31,0,Yes,None,2385.11,9540.44,66596.37,352377.55,Delivered
BOL001245,ONE,Sinotrans,Mountain Equipment,Furniture,40GP,9,Hong Kong,Halifax,FOB,2023-03-30,2023-05-04,2023-05-04,35,0,Yes,None,2128.94,19160.46,202312.8,129379.18,Delivered
BOL001246,COSCO,Sinotrans,Reitmans,Electronics,45HC,10,Kaohsiung,Miami,FOB,2022-05-25,2022-06-10,2022-06-10,16,0,Yes,None,4280.11,42801.1,53001.09,19418.58,Delivered
BOL001247,Evergreen,Panalpina,Empire Company,Steel Products,40RF,4,Ningbo,New York,EXW,2024-06-18,2024-08-01,2024-08-01,44,0,Yes,None,4485.63,17942.52,66087.75,350250.21,Delivered
BOL001248,CMA CGM,Nippon Express,Home Depot Canada,Chemicals,45HC,7,Shanghai,New York,FOB,2023-04-06,2023-04-21,2023-04-21,15,0,Yes,None,3607.42,25251.94,171288.32,173745.4,Delivered
BOL001249,CMA CGM,Expeditors,Loblaw Companies,Steel Products,45HC,3,Kaohsiung,Toronto,DDP,2023-03-12,2023-04-19,2023-04-19,38,0,Yes,None,1857.72,5573.16,46697.12,134837.87,Delivered
BOL001250,ONE,Sinotrans,Reitmans,Auto Parts,20GP,1,Rotterdam,Toronto,FOB,2023-03-30,2023-05-02,2023-05-02,33,0,Yes,None,3527.75,3527.75,5734.81,29518.57,Delivered
BOL001251,Hapag-Lloyd,Nippon Express,Shoppers Drug Mart,Chemicals,20GP,2,Kaohsiung,Toronto,DAP,2024-11-11,2024-12-11,2024-12-11,30,0,Yes,None,2220.9,4441.8,30427.3,399343.37,Delivered
BOL001252,Yang Ming,Nippon Express,Loblaw Companies,Furniture,40RF,10,Busan,New York,FOB,2023-10-25,2023-11-19,2023-11-19,25,0,Yes,None,3652.94,36529.4,121687.52,203668.25,Delivered
BOL001253,ZIM,DB Schenker,Mountain Equipment,Apparel,40HC,8,Ningbo,Toronto,FOB,2024-01-28,2024-03-04,2024-03-04,36,0,Yes,None,4438.22,35505.76,203746.78,350502.49,Delivered
BOL001254,ONE,Nippon Express,Metro Inc,Textiles,40RF,3,Ningbo,Vancouver,FOB,2023-04-08,2023-04-22,2023-04-22,14,0,Yes,None,1166.21,3498.63,69873.06,365523.01,Delivered
BOL001255,MSC,Nippon Express,Groupe Touchette,Steel Products,20GP,2,Colombo,Montreal,EXW,2022-01-09,2022-02-15,2022-02-15,37,0,Yes,None,2661.59,5323.18,19726.06,191999.91,Delivered
BOL001256,ZIM,Expeditors,Aldo Group,Textiles,45HC,9,Hong Kong,New York,DDP,2024-08-21,2024-09-14,2024-09-14,24,0,Yes,None,2712.03,24408.27,191727.75,377702.1,Delivered
BOL001257,MSC,Nippon Express,Hudson Bay,Textiles,20RF,8,Singapore,Toronto,CIF,2022-05-18,2022-06-25,2022-07-05,38,10,No,Documentation Error,4127.09,33016.72,187881.87,145294.38,Delayed
BOL001258,CMA CGM,DSV,Home Depot Canada,Electronics,40GP,10,Busan,Los Angeles,EXW,2022-11-29,2022-12-13,2022-12-13,14,0,Yes,None,1889.82,18898.2,79315.99,464044.41,Delivered
BOL001259,ONE,CEVA Logistics,Costco Canada,Steel Products,40RF,3,Shenzhen,Miami,CFR,2023-07-25,2023-09-08,2023-09-08,45,0,Yes,None,4220.85,12662.55,74357.55,376408.6,Delivered
BOL001260,ZIM,Kuehne+Nagel,Loblaw Companies,Toys,40GP,1,Ningbo,Los Angeles,EXW,2022-09-17,2022-10-01,2022-10-01,14,0,Yes,None,1824.89,1824.89,21431.06,83141.17,Delivered
BOL001261,Evergreen,Panalpina,Canadian Tire,Electronics,40GP,9,Singapore,Miami,DDP,2023-05-15,2023-06-21,2023-06-21,37,0,Yes,None,1146.09,10314.81,114441.29,33047.07,Delivered
BOL001262,CMA CGM,Kuehne+Nagel,Indigo Books,Steel Products,45HC,10,Shenzhen,Toronto,FOB,2023-04-18,2023-05-30,2023-05-30,42,0,Yes,None,1155.03,11550.3,173571.89,74689.39,Delivered
BOL001263,Evergreen,Sinotrans,Home Depot Canada,Textiles,20GP,3,Shanghai,Chicago,EXW,2024-08-19,2024-09-21,2024-09-21,33,0,Yes,None,2953.55,8860.65,80949.28,116903.18,Delivered
BOL001264,ONE,CEVA Logistics,Giant Tiger,Food Products,40GP,2,Rotterdam,Montreal,DAP,2024-03-13,2024-04-06,2024-04-06,24,0,Yes,None,2353.26,4706.52,10643.64,37379.77,Delivered
BOL001265,HMM,CEVA Logistics,Empire Company,Machinery,40GP,2,Shanghai,Chicago,EXW,2024-02-24,2024-03-23,2024-03-23,28,0,Yes,None,2910.21,5820.42,46992.37,187404.89,Delivered
BOL001266,Yang Ming,DB Schenker,Costco Canada,Furniture,20RF,4,Singapore,Halifax,DAP,2024-06-22,2024-08-02,2024-08-09,41,7,No,Bad Weather,3453.94,13815.76,72214.87,178457.05,Delayed
BOL001267,ONE,DSV,Shoppers Drug Mart,Textiles,20GP,2,Rotterdam,Los Angeles,DDP,2022-12-12,2023-01-19,2023-01-19,38,0,Yes,None,1893.42,3786.84,16755.47,116056.65,Delivered
BOL001268,HMM,DSV,IKEA Canada,Food Products,20RF,1,Kaohsiung,Vancouver,CIF,2022-11-06,2022-11-26,2022-11-26,20,0,Yes,None,2775.06,2775.06,16338.82,493301.05,Delivered
BOL001269,CMA CGM,Panalpina,Canadian Tire,Chemicals,20RF,6,Singapore,Seattle,DDP,2022-06-23,2022-07-31,2022-07-31,38,0,Yes,None,3778.49,22670.94,152455.89,362881.06,Delivered
BOL001270,ZIM,DSV,Mountain Equipment,Food Products,40GP,1,Hong Kong,Montreal,FOB,2024-12-24,2025-01-22,2025-01-22,29,0,Yes,None,3792.99,3792.99,10540.37,48555.93,In Transit
BOL001271,Hapag-Lloyd,Expeditors,Mountain Equipment,Chemicals,40RF,10,Rotterdam,Halifax,CIF,2024-01-28,2024-03-11,2024-03-11,43,0,Yes,None,3298.02,32980.2,164857.28,400072.36,Delivered
BOL001272,Yang Ming,Kuehne+Nagel,Loblaw Companies,Auto Parts,40HC,7,Rotterdam,Vancouver,EXW,2024-06-13,2024-07-20,2024-07-20,37,0,Yes,None,2230.64,15614.48,152229.49,390691.17,Delivered
BOL001273,MSC,DB Schenker,Sport Chek,Chemicals,20RF,1,Singapore,Montreal,CIF,2022-12-29,2023-02-02,2023-02-02,35,0,Yes,None,2918.94,2918.94,26281.74,469054.78,Delivered
BOL001274,CMA CGM,Kuehne+Nagel,Groupe Touchette,Auto Parts,40HC,8,Hamburg,Chicago,EXW,2023-10-24,2023-11-30,2023-11-30,37,0,Yes,None,1472.38,11779.04,197034.54,127369.27,Delivered
BOL001275,Evergreen,DSV,Best Buy Canada,Furniture,40HC,1,Kaohsiung,New York,DAP,2023-06-29,2023-07-24,2023-07-24,25,0,Yes,None,4491.48,4491.48,26934.11,328825.93,Delivered
BOL001276,Maersk,Nippon Express,Best Buy Canada,Electronics,20GP,8,Busan,Vancouver,CFR,2023-10-11,2023-11-13,2023-11-13,33,0,Yes,None,2896.31,23170.48,80481.97,387456.75,Delivered
BOL001277,ONE,DSV,Mountain Equipment,Furniture,20GP,2,Colombo,Chicago,CIF,2024-12-23,2025-01-28,2025-01-28,36,0,Yes,None,2162.93,4325.86,35253.21,55265.26,In Transit
BOL001278,ZIM,CEVA Logistics,Hudson Bay,Auto Parts,40HC,5,Shanghai,Vancouver,DDP,2022-12-27,2023-02-06,2023-02-21,41,15,No,Equipment Shortage,3923.32,19616.6,99805.99,342569.18,Delayed
BOL001279,Yang Ming,Expeditors,Costco Canada,Chemicals,40RF,3,Kaohsiung,Miami,DAP,2024-12-19,2025-01-28,2025-01-28,40,0,Yes,None,1623.49,4870.47,45684.96,231953.51,In Transit
BOL001280,COSCO,Panalpina,Mountain Equipment,Apparel,20GP,1,Ningbo,Seattle,FOB,2024-08-16,2024-08-30,2024-08-30,14,0,Yes,None,4222.5,4222.5,19473.89,184983.86,Delivered
BOL001281,ONE,Kuehne+Nagel,Costco Canada,Toys,40GP,8,Singapore,Los Angeles,DDP,2024-11-29,2024-12-15,2024-12-15,16,0,Yes,None,3968.44,31747.52,72785.38,72731.55,Delivered
BOL001282,CMA CGM,Expeditors,Best Buy Canada,Electronics,20RF,2,Shenzhen,Seattle,CIF,2024-05-21,2024-06-05,2024-06-05,15,0,Yes,None,3646.19,7292.38,20010.37,205018.05,Delivered
BOL001283,ZIM,Panalpina,Loblaw Companies,Auto Parts,20RF,7,Ningbo,Halifax,EXW,2024-02-14,2024-03-21,2024-03-21,36,0,Yes,None,1451.24,10158.68,151056.18,304457.19,Delivered
BOL001284,COSCO,CEVA Logistics,Hudson Bay,Steel Products,40GP,3,Kaohsiung,New York,CFR,2023-12-23,2024-01-19,2024-01-19,27,0,Yes,None,3167.77,9503.31,68189.19,226920.03,Delivered
BOL001285,COSCO,Sinotrans,Sobeys,Chemicals,40RF,4,Rotterdam,Vancouver,FOB,2023-08-12,2023-09-18,2023-09-18,37,0,Yes,None,3692.88,14771.52,40746.17,121052.21,Delivered
BOL001286,Evergreen,CEVA Logistics,Best Buy Canada,Food Products,20RF,3,Colombo,Los Angeles,FOB,2022-07-07,2022-07-24,2022-08-02,17,9,No,Port Congestion,2239.63,6718.89,49350.56,480208.36,Delayed
BOL001287,ZIM,DSV,Loblaws,Food Products,40HC,9,Ningbo,Vancouver,DDP,2024-10-03,2024-10-24,2024-10-24,21,0,Yes,None,1622.37,14601.33,244288.39,342107.75,Delivered
BOL001288,CMA CGM,DSV,Best Buy Canada,Textiles,40HC,3,Ningbo,Los Angeles,FOB,2024-04-04,2024-05-18,2024-05-18,44,0,Yes,None,1337.05,4011.15,82597.79,482444.5,Delivered
BOL001289,ONE,DB Schenker,Sport Chek,Food Products,40RF,10,Ningbo,Los Angeles,FOB,2023-06-04,2023-06-27,2023-06-27,23,0,Yes,None,1370.85,13708.5,237607.96,495498.08,Delivered
BOL001290,MSC,Sinotrans,Loblaws,Textiles,45HC,4,Busan,Vancouver,FOB,2023-11-23,2023-12-20,2023-12-20,27,0,Yes,None,3882.53,15530.12,78459.72,363809.31,Delivered
BOL001291,COSCO,Kuehne+Nagel,Walmart Canada,Chemicals,20GP,8,Singapore,Vancouver,CIF,2024-10-04,2024-11-04,2024-11-04,31,0,Yes,None,3275.31,26202.48,82157.19,283856.35,Delivered
BOL001292,Yang Ming,Nippon Express,Loblaws,Apparel,20GP,9,Hamburg,Houston,EXW,2023-03-27,2023-05-04,2023-05-04,38,0,Yes,None,3702.82,33325.38,182441.83,122326.92,Delivered
BOL001293,MSC,Panalpina,Shoppers Drug Mart,Apparel,20GP,3,Rotterdam,Chicago,CFR,2022-04-03,2022-05-10,2022-05-10,37,0,Yes,None,4266.1,12798.3,60518.49,190460.84,Delivered
BOL001294,ZIM,DB Schenker,Mountain Equipment,Textiles,40RF,2,Kaohsiung,Houston,DAP,2024-05-27,2024-06-27,2024-06-27,31,0,Yes,None,2932.06,5864.12,27294.86,492535.3,Delivered
BOL001295,HMM,Kuehne+Nagel,Loblaw Companies,Toys,40GP,1,Shanghai,Vancouver,FOB,2022-05-04,2022-06-17,2022-06-17,44,0,Yes,None,1738.4,1738.4,14995.73,87564.9,Delivered
BOL001296,Yang Ming,Nippon Express,Metro Inc,Electronics,40GP,7,Kaohsiung,Seattle,CFR,2022-11-03,2022-12-06,2022-12-08,33,2,No,Documentation Error,4151.97,29063.79,134868.98,236751.13,Delivered
BOL001297,Yang Ming,Nippon Express,Shoppers Drug Mart,Electronics,45HC,4,Ningbo,Seattle,DAP,2023-03-18,2023-04-05,2023-04-05,18,0,Yes,None,1095.64,4382.56,75378.68,387540.71,Delivered
BOL001298,MSC,Expeditors,Empire Company,Food Products,40GP,10,Shenzhen,Halifax,EXW,2024-05-10,2024-06-15,2024-06-15,36,0,Yes,None,4130.4,41304.0,210605.23,161296.02,Delivered
BOL001299,ZIM,Nippon Express,Empire Company,Food Products,40GP,1,Shanghai,Houston,EXW,2022-03-05,2022-04-09,2022-04-09,35,0,Yes,None,1386.6,1386.6,18480.15,182466.7,Delivered
BOL001300,Yang Ming,Nippon Express,Empire Company,Toys,20GP,3,Singapore,Montreal,DAP,2023-08-05,2023-09-18,2023-09-18,44,0,Yes,None,2357.2,7071.6,53727.11,203865.18,Delivered
BOL001301,Maersk,Panalpina,IKEA Canada,Electronics,40GP,7,Singapore,Houston,DAP,2024-07-10,2024-08-12,2024-08-27,33,15,No,Equipment Shortage,4094.95,28664.65,103687.5,495397.77,Delayed
BOL001302,MSC,Panalpina,Groupe Touchette,Apparel,20RF,7,Hamburg,Seattle,DDP,2023-10-07,2023-11-04,2023-11-04,28,0,Yes,None,4407.69,30853.83,125972.46,312064.76,Delivered
BOL001303,CMA CGM,Sinotrans,Giant Tiger,Textiles,20GP,6,Hong Kong,Vancouver,CIF,2022-10-09,2022-11-16,2022-11-16,38,0,Yes,None,2996.19,17977.14,129224.19,97830.67,Delivered
BOL001304,ONE,DSV,Mountain Equipment,Steel Products,20GP,6,Colombo,Halifax,DAP,2023-02-27,2023-04-09,2023-04-09,41,0,Yes,None,3072.1,18432.6,156430.79,314174.81,Delivered
BOL001305,Hapag-Lloyd,Kuehne+Nagel,Aldo Group,Apparel,40HC,5,Busan,Chicago,EXW,2024-04-27,2024-06-07,2024-06-07,41,0,Yes,None,4036.24,20181.2,133341.0,153158.34,Delivered
BOL001306,Hapag-Lloyd,DB Schenker,Reitmans,Electronics,40RF,5,Singapore,Miami,CFR,2024-03-21,2024-04-19,2024-04-19,29,0,Yes,None,1820.42,9102.1,76852.4,120943.33,Delivered
BOL001307,COSCO,Kuehne+Nagel,Loblaws,Textiles,20RF,7,Busan,Halifax,CFR,2022-10-27,2022-11-24,2022-11-24,28,0,Yes,None,1274.72,8923.04,151394.96,364537.56,Delivered
BOL001308,ONE,Expeditors,Mountain Equipment,Machinery,45HC,3,Shanghai,Seattle,CFR,2023-05-26,2023-06-19,2023-06-21,24,2,No,Documentation Error,1026.45,3079.35,26960.26,431606.42,Delivered
BOL001309,Hapag-Lloyd,Sinotrans,Empire Company,Steel Products,20RF,3,Shanghai,Chicago,DAP,2023-08-11,2023-09-20,2023-09-20,40,0,Yes,None,3978.83,11936.49,23670.6,129772.59,Delivered
BOL001310,CMA CGM,Panalpina,Giant Tiger,Apparel,20RF,1,Hong Kong,Vancouver,CIF,2022-05-12,2022-06-04,2022-06-04,23,0,Yes,None,3844.95,3844.95,8253.01,371275.39,Delivered
BOL001311,COSCO,Expeditors,Groupe Touchette,Food Products,45HC,4,Hamburg,Toronto,FOB,2024-03-16,2024-04-21,2024-04-21,36,0,Yes,None,2023.84,8095.36,51039.13,341995.0,Delivered
BOL001312,Evergreen,CEVA Logistics,Mountain Equipment,Textiles,40HC,4,Shenzhen,Vancouver,CFR,2022-05-21,2022-06-20,2022-06-20,30,0,Yes,None,1759.69,7038.76,50107.56,200064.28,Delivered
BOL001313,Hapag-Lloyd,DSV,Hudson Bay,Toys,45HC,3,Busan,New York,EXW,2023-02-24,2023-03-28,2023-03-28,32,0,Yes,None,4251.32,12753.96,66119.46,26407.88,Delivered
BOL001314,Maersk,DB Schenker,Shoppers Drug Mart,Electronics,40HC,4,Rotterdam,Montreal,CFR,2024-04-12,2024-05-09,2024-05-09,27,0,Yes,None,3254.16,13016.64,85706.92,213685.76,Delivered
BOL001315,Hapag-Lloyd,Expeditors,Loblaws,Apparel,20GP,3,Hamburg,Seattle,DAP,2023-07-29,2023-09-05,2023-09-05,38,0,Yes,None,4078.65,12235.95,60113.48,326850.25,Delivered
BOL001316,CMA CGM,Sinotrans,Loblaws,Textiles,20GP,3,Shanghai,Los Angeles,CFR,2022-03-18,2022-04-20,2022-04-20,33,0,Yes,None,1645.01,4935.03,69781.81,419010.44,Delivered
BOL001317,Maersk,Panalpina,Loblaw Companies,Furniture,40HC,3,Kaohsiung,New York,FOB,2024-03-11,2024-04-15,2024-04-15,35,0,Yes,None,1536.19,4608.57,24209.88,497067.98,Delivered
BOL001318,MSC,CEVA Logistics,Mountain Equipment,Food Products,20GP,4,Hamburg,Vancouver,DAP,2024-04-01,2024-04-21,2024-04-21,20,0,Yes,None,881.28,3525.12,38148.71,210062.82,Delivered
BOL001319,Hapag-Lloyd,Kuehne+Nagel,Canadian Tire,Chemicals,20RF,10,Shanghai,Los Angeles,CIF,2024-06-15,2024-07-26,2024-07-26,41,0,Yes,None,2085.28,20852.8,237181.06,132070.5,Delivered
BOL001320,CMA CGM,Kuehne+Nagel,Giant Tiger,Textiles,40HC,8,Ningbo,Toronto,EXW,2022-12-21,2023-01-18,2023-01-18,28,0,Yes,None,1431.32,11450.56,45343.98,142718.08,Delivered
BOL001321,COSCO,Nippon Express,Best Buy Canada,Toys,40GP,3,Rotterdam,Chicago,DDP,2022-02-03,2022-02-22,2022-02-22,19,0,Yes,None,1882.89,5648.67,75794.52,38659.95,Delivered
BOL001322,Yang Ming,Expeditors,Reitmans,Chemicals,20GP,10,Singapore,Toronto,DDP,2024-10-11,2024-11-14,2024-11-14,34,0,Yes,None,3710.64,37106.4,188165.65,432510.11,Delivered
BOL001323,HMM,Sinotrans,Shoppers Drug Mart,Electronics,40RF,3,Ningbo,Houston,CFR,2024-06-21,2024-07-14,2024-07-14,23,0,Yes,None,2056.07,6168.21,75182.48,41403.61,Delivered
BOL001324,MSC,Kuehne+Nagel,Loblaw Companies,Furniture,20RF,3,Hamburg,Halifax,FOB,2024-03-18,2024-04-19,2024-04-19,32,0,Yes,None,4304.47,12913.41,48497.28,317328.52,Delivered
BOL001325,Maersk,Nippon Express,Canadian Tire,Apparel,20RF,1,Rotterdam,Halifax,DAP,2022-06-26,2022-07-13,2022-07-13,17,0,Yes,None,1672.11,1672.11,12973.08,347296.41,Delivered
BOL001326,ONE,Kuehne+Nagel,Shoppers Drug Mart,Furniture,40GP,10,Kaohsiung,Chicago,CFR,2023-08-20,2023-09-05,2023-09-05,16,0,Yes,None,1358.89,13588.9,73820.87,486095.96,Delivered
BOL001327,Maersk,DB Schenker,Loblaw Companies,Chemicals,45HC,7,Ningbo,Los Angeles,EXW,2024-10-08,2024-10-28,2024-10-28,20,0,Yes,None,3569.22,24984.54,75213.51,283202.59,Delivered
BOL001328,Maersk,DSV,Costco Canada,Textiles,40HC,5,Busan,New York,CIF,2022-08-20,2022-09-27,2022-09-27,38,0,Yes,None,2987.08,14935.4,99295.63,426498.72,Delivered
BOL001329,Maersk,DB Schenker,Walmart Canada,Machinery,20GP,5,Kaohsiung,Houston,DAP,2023-08-26,2023-09-28,2023-09-28,33,0,Yes,None,2658.15,13290.75,84634.97,259201.54,Delivered
BOL001330,Hapag-Lloyd,Sinotrans,Hudson Bay,Steel Products,20RF,6,Hamburg,Seattle,DDP,2022-01-22,2022-02-28,2022-02-28,37,0,Yes,None,1064.07,6384.42,135720.24,163478.69,Delivered
BOL001331,ONE,DB Schenker,Mountain Equipment,Furniture,40RF,6,Hamburg,Seattle,CIF,2024-05-24,2024-06-20,2024-06-23,27,3,No,Documentation Error,2332.22,13993.32,66985.03,231651.76,Delivered
BOL001332,CMA CGM,Kuehne+Nagel,Empire Company,Furniture,40HC,9,Hong Kong,Halifax,CFR,2022-02-05,2022-03-17,2022-03-17,40,0,Yes,None,1109.75,9987.75,212570.89,75572.4,Delivered
BOL001333,Evergreen,DB Schenker,Giant Tiger,Food Products,45HC,4,Kaohsiung,Miami,CIF,2022-05-27,2022-06-30,2022-06-30,34,0,Yes,None,955.55,3822.2,74409.94,164744.27,Delivered
BOL001334,COSCO,Panalpina,Reitmans,Electronics,40HC,3,Singapore,Halifax,DDP,2024-04-16,2024-05-11,2024-05-11,25,0,Yes,None,958.16,2874.48,41011.84,174260.0,Delivered
BOL001335,CMA CGM,DB Schenker,Home Depot Canada,Apparel,40GP,9,Colombo,New York,DDP,2022-07-18,2022-08-13,2022-08-13,26,0,Yes,None,3613.05,32517.45,53372.63,143579.56,Delivered
BOL001336,COSCO,Sinotrans,Reitmans,Furniture,20GP,6,Shenzhen,Houston,DAP,2022-11-07,2022-11-27,2022-11-27,20,0,Yes,None,3571.98,21431.88,100567.93,456731.3,Delivered
BOL001337,Hapag-Lloyd,CEVA Logistics,Walmart Canada,Machinery,20GP,10,Shanghai,Miami,CIF,2024-10-19,2024-11-27,2024-11-27,39,0,Yes,None,1206.02,12060.2,125144.82,282573.29,Delivered
BOL001338,Hapag-Lloyd,Kuehne+Nagel,Empire Company,Food Products,45HC,9,Rotterdam,Miami,DDP,2024-03-06,2024-03-31,2024-04-10,25,10,No,Equipment Shortage,2577.63,23198.67,217205.02,265182.68,Delayed
BOL001339,MSC,DSV,Walmart Canada,Auto Parts,40GP,2,Ningbo,Los Angeles,CIF,2024-06-10,2024-07-02,2024-07-02,22,0,Yes,None,3058.91,6117.82,42883.51,223698.17,Delivered
BOL001340,HMM,Nippon Express,Sobeys,Apparel,40HC,9,Hamburg,Montreal,FOB,2022-05-11,2022-05-27,2022-05-27,16,0,Yes,None,1602.75,14424.75,246324.11,147888.21,Delivered
BOL001341,MSC,Expeditors,Canadian Tire,Textiles,20RF,5,Colombo,New York,FOB,2022-11-11,2022-12-21,2022-12-21,40,0,Yes,None,2928.86,14644.3,85587.28,329326.96,Delivered
BOL001342,COSCO,Sinotrans,Reitmans,Chemicals,40RF,3,Busan,Los Angeles,CIF,2024-06-03,2024-07-14,2024-07-14,41,0,Yes,None,3413.05,10239.15,19304.77,180439.41,Delivered
BOL001343,Maersk,Sinotrans,Hudson Bay,Chemicals,20GP,6,Busan,Montreal,CFR,2023-01-22,2023-02-11,2023-02-11,20,0,Yes,None,3795.57,22773.42,67281.09,444285.0,Delivered
BOL001344,CMA CGM,Sinotrans,Metro Inc,Textiles,20RF,7,Busan,New York,CIF,2022-12-17,2023-01-03,2023-01-03,17,0,Yes,None,1406.85,9847.95,108639.57,223712.39,Delivered
BOL001345,CMA CGM,Expeditors,Best Buy Canada,Food Products,40RF,2,Colombo,Miami,DAP,2023-02-22,2023-03-21,2023-03-21,27,0,Yes,None,2670.94,5341.88,39209.99,442803.68,Delivered
BOL001346,CMA CGM,Expeditors,Reitmans,Apparel,20GP,4,Busan,Halifax,DDP,2024-06-07,2024-07-10,2024-07-10,33,0,Yes,None,1373.69,5494.76,66537.42,86857.13,Delivered
BOL001347,ZIM,CEVA Logistics,Best Buy Canada,Toys,40RF,2,Shanghai,Miami,DAP,2023-12-17,2024-01-11,2024-01-11,25,0,Yes,None,2754.91,5509.82,24966.87,469568.83,Delivered
BOL001348,HMM,Nippon Express,Aldo Group,Furniture,20GP,9,Busan,Vancouver,DAP,2024-05-15,2024-06-21,2024-06-21,37,0,Yes,None,2733.79,24604.11,222254.22,408477.14,Delivered
BOL001349,ONE,DB Schenker,Walmart Canada,Toys,40HC,10,Colombo,Chicago,CIF,2024-04-19,2024-05-10,2024-05-18,21,8,No,Port Congestion,2350.3,23503.0,246242.62,325193.24,Delayed
BOL001350,CMA CGM,DSV,Costco Canada,Chemicals,45HC,9,Kaohsiung,Vancouver,DAP,2024-03-11,2024-04-18,2024-04-18,38,0,Yes,None,2222.55,20002.95,80358.69,436240.03,Delivered
BOL001351,CMA CGM,Nippon Express,Walmart Canada,Steel Products,20RF,5,Hamburg,Chicago,CFR,2024-11-04,2024-11-28,2024-11-28,24,0,Yes,None,3283.3,16416.5,97251.58,14425.91,Delivered
BOL001352,HMM,CEVA Logistics,Walmart Canada,Food Products,45HC,7,Hamburg,Halifax,DAP,2023-07-04,2023-08-17,2023-08-17,44,0,Yes,None,2983.98,20887.86,195519.56,40835.28,Delivered
BOL001353,MSC,DSV,Aldo Group,Textiles,40HC,9,Rotterdam,Chicago,CIF,2024-07-25,2024-08-27,2024-08-27,33,0,Yes,None,2102.19,18919.71,172886.04,289779.5,Delivered
BOL001354,COSCO,CEVA Logistics,Empire Company,Apparel,45HC,9,Kaohsiung,Montreal,DAP,2022-08-19,2022-09-28,2022-09-28,40,0,Yes,None,4291.78,38626.02,116076.08,205347.32,Delivered
BOL001355,CMA CGM,Sinotrans,Hudson Bay,Apparel,20RF,3,Shanghai,Houston,FOB,2023-06-28,2023-07-30,2023-07-30,32,0,Yes,None,3252.66,9757.98,50519.11,203304.26,Delivered
BOL001356,COSCO,Kuehne+Nagel,Metro Inc,Machinery,40HC,9,Ningbo,Chicago,EXW,2022-10-13,2022-11-25,2022-11-25,43,0,Yes,None,3026.77,27240.93,57669.76,421534.97,Delivered
BOL001357,COSCO,Nippon Express,Aldo Group,Textiles,20RF,9,Hamburg,Chicago,CIF,2023-03-30,2023-04-13,2023-04-13,14,0,Yes,None,1502.83,13525.47,182805.16,30163.01,Delivered
BOL001358,Maersk,Sinotrans,Mountain Equipment,Auto Parts,40GP,1,Shanghai,Toronto,FOB,2023-06-21,2023-07-11,2023-07-11,20,0,Yes,None,1352.7,1352.7,27083.02,396268.37,Delivered
BOL001359,Hapag-Lloyd,Expeditors,Loblaws,Apparel,20RF,6,Hong Kong,Miami,CFR,2024-04-05,2024-04-25,2024-04-25,20,0,Yes,None,3186.68,19120.08,32385.66,484438.06,Delivered
BOL001360,ZIM,CEVA Logistics,Canadian Tire,Furniture,20GP,9,Shenzhen,Montreal,DAP,2024-06-16,2024-07-18,2024-07-18,32,0,Yes,None,3616.33,32546.97,234193.99,457010.44,Delivered
BOL001361,HMM,Nippon Express,Sport Chek,Steel Products,40RF,2,Singapore,Los Angeles,FOB,2022-08-20,2022-09-16,2022-09-16,27,0,Yes,None,976.14,1952.28,22483.63,154856.94,Delivered
BOL001362,ONE,Sinotrans,Aldo Group,Chemicals,45HC,6,Ningbo,Vancouver,CFR,2023-07-16,2023-08-20,2023-08-20,35,0,Yes,None,1409.89,8459.34,159719.8,195136.6,Delivered
BOL001363,Maersk,Nippon Express,Empire Company,Machinery,40GP,3,Singapore,Seattle,DAP,2024-09-05,2024-09-27,2024-10-03,22,6,No,Customs Inspection,1262.07,3786.21,15546.09,125596.8,Delayed
BOL001364,COSCO,Nippon Express,Walmart Canada,Auto Parts,40HC,6,Shenzhen,New York,EXW,2024-03-07,2024-04-09,2024-04-09,33,0,Yes,None,3009.96,18059.76,112907.95,169866.22,Delivered
BOL001365,Maersk,DB Schenker,Loblaw Companies,Auto Parts,40HC,4,Kaohsiung,Toronto,DAP,2022-06-17,2022-07-09,2022-07-09,22,0,Yes,None,1176.02,4704.08,84539.54,432307.85,Delivered
BOL001366,CMA CGM,Expeditors,Reitmans,Food Products,45HC,4,Hamburg,Seattle,EXW,2022-07-07,2022-07-25,2022-07-25,18,0,Yes,None,4215.6,16862.4,78888.51,320320.59,Delivered
BOL001367,ONE,Panalpina,Best Buy Canada,Apparel,20RF,6,Hong Kong,Los Angeles,DAP,2023-12-11,2024-01-14,2024-01-14,34,0,Yes,None,1432.59,8595.54,110654.92,159584.18,Delivered
BOL001368,Hapag-Lloyd,Nippon Express,Loblaws,Steel Products,20GP,1,Shanghai,Houston,FOB,2024-09-28,2024-11-04,2024-11-04,37,0,Yes,None,2043.16,2043.16,6201.19,427322.94,Delivered
BOL001369,MSC,DSV,Mountain Equipment,Toys,40HC,4,Colombo,Chicago,FOB,2024-07-19,2024-08-21,2024-08-21,33,0,Yes,None,2119.5,8478.0,32985.44,224796.6,Delivered
BOL001370,Evergreen,Sinotrans,Costco Canada,Apparel,20RF,4,Shanghai,New York,CFR,2024-07-29,2024-08-24,2024-08-24,26,0,Yes,None,935.59,3742.36,41285.86,260167.1,Delivered
BOL001371,ZIM,Kuehne+Nagel,Hudson Bay,Textiles,40RF,9,Shanghai,Montreal,CFR,2022-06-20,2022-07-08,2022-07-08,18,0,Yes,None,4198.24,37784.16,247943.43,219290.77,Delivered
BOL001372,CMA CGM,Sinotrans,Empire Company,Apparel,40GP,1,Shenzhen,Houston,DAP,2023-12-24,2024-01-18,2024-01-18,25,0,Yes,None,1855.39,1855.39,17761.59,100137.7,Delivered
BOL001373,MSC,Expeditors,Sobeys,Chemicals,40GP,8,Colombo,Halifax,DAP,2023-11-01,2023-11-28,2023-11-28,27,0,Yes,None,3805.02,30440.16,184301.8,34501.24,Delivered
BOL001374,MSC,Sinotrans,Costco Canada,Machinery,20GP,8,Rotterdam,Halifax,CIF,2023-08-23,2023-09-23,2023-09-23,31,0,Yes,None,2437.96,19503.68,109717.58,89666.79,Delivered
BOL001375,Maersk,Panalpina,Canadian Tire,Electronics,45HC,5,Kaohsiung,Halifax,FOB,2022-10-07,2022-11-06,2022-11-06,30,0,Yes,None,4395.17,21975.85,64267.33,308699.78,Delivered
BOL001376,Hapag-Lloyd,Sinotrans,Empire Company,Machinery,40GP,6,Rotterdam,Montreal,CIF,2024-09-09,2024-10-07,2024-10-07,28,0,Yes,None,1405.79,8434.74,127189.5,274748.26,Delivered
BOL001377,ZIM,Panalpina,Groupe Touchette,Chemicals,40RF,10,Colombo,Houston,DDP,2023-07-22,2023-08-24,2023-08-24,33,0,Yes,None,3479.53,34795.3,184052.95,224639.81,Delivered
BOL001378,HMM,Expeditors,Empire Company,Apparel,20RF,1,Hamburg,Montreal,CIF,2024-11-30,2024-12-22,2024-12-22,22,0,Yes,None,1462.86,1462.86,6643.51,375144.28,Delivered
BOL001379,Hapag-Lloyd,DB Schenker,Sobeys,Auto Parts,40HC,10,Hong Kong,Vancouver,DAP,2024-07-14,2024-08-02,2024-08-02,19,0,Yes,None,2757.75,27577.5,260657.94,138719.14,Delivered
BOL001380,MSC,Nippon Express,IKEA Canada,Apparel,40GP,4,Rotterdam,Montreal,CFR,2024-12-07,2025-01-15,2025-01-15,39,0,Yes,None,3161.32,12645.28,39312.64,256360.97,In Transit
BOL001381,MSC,CEVA Logistics,Groupe Touchette,Toys,20GP,1,Kaohsiung,Los Angeles,DAP,2022-06-13,2022-07-14,2022-07-14,31,0,Yes,None,3530.19,3530.19,19195.49,459290.74,Delivered
BOL001382,COSCO,CEVA Logistics,Giant Tiger,Textiles,45HC,7,Shenzhen,Houston,FOB,2024-01-29,2024-03-03,2024-03-03,34,0,Yes,None,2965.24,20756.68,70582.8,396766.13,Delivered
BOL001383,COSCO,DSV,Sobeys,Furniture,20GP,2,Shanghai,New York,CFR,2023-10-15,2023-11-10,2023-11-10,26,0,Yes,None,1250.88,2501.76,21092.03,296401.58,Delivered
BOL001384,COSCO,Panalpina,Empire Company,Apparel,40RF,7,Colombo,Vancouver,FOB,2022-10-03,2022-11-06,2022-11-06,34,0,Yes,None,956.37,6694.59,44510.4,270248.21,Delivered
BOL001385,Evergreen,Nippon Express,Loblaw Companies,Food Products,45HC,4,Colombo,Seattle,DAP,2022-05-05,2022-05-27,2022-05-27,22,0,Yes,None,2281.71,9126.84,103331.47,467006.43,Delivered
BOL001386,Maersk,Sinotrans,Shoppers Drug Mart,Chemicals,40RF,10,Kaohsiung,Toronto,CFR,2022-06-11,2022-07-08,2022-07-08,27,0,Yes,None,2283.49,22834.9,106429.59,183082.63,Delivered
BOL001387,HMM,Panalpina,Hudson Bay,Toys,40RF,4,Rotterdam,New York,CFR,2022-07-05,2022-08-11,2022-08-22,37,11,No,Equipment Shortage,1118.01,4472.04,50756.73,199058.66,Delayed
BOL001388,ZIM,CEVA Logistics,Giant Tiger,Toys,40GP,7,Colombo,New York,CIF,2023-12-12,2024-01-02,2024-01-02,21,0,Yes,None,4339.12,30373.84,133764.54,333412.07,Delivered
BOL001389,Hapag-Lloyd,Kuehne+Nagel,Indigo Books,Machinery,45HC,1,Shenzhen,Miami,FOB,2022-11-21,2022-12-31,2022-12-31,40,0,Yes,None,2069.53,2069.53,10735.6,96773.7,Delivered
BOL001390,Hapag-Lloyd,CEVA Logistics,Best Buy Canada,Electronics,40HC,4,Singapore,Miami,EXW,2022-03-13,2022-04-02,2022-04-12,20,10,No,Equipment Shortage,2038.62,8154.48,100241.7,321058.61,Delayed
BOL001391,MSC,DSV,Loblaws,Machinery,40GP,1,Ningbo,Montreal,DDP,2023-01-22,2023-02-05,2023-02-05,14,0,Yes,None,1777.02,1777.02,16191.95,112180.01,Delivered
BOL001392,Maersk,DSV,Sport Chek,Food Products,40GP,10,Rotterdam,Halifax,DAP,2024-07-17,2024-08-07,2024-08-07,21,0,Yes,None,1972.86,19728.6,98625.36,20587.79,Delivered
BOL001393,Evergreen,DB Schenker,Giant Tiger,Chemicals,40HC,10,Hong Kong,Vancouver,CFR,2022-01-08,2022-02-02,2022-02-02,25,0,Yes,None,2683.85,26838.5,226009.98,436872.69,Delivered
BOL001394,MSC,Expeditors,Canadian Tire,Food Products,40GP,1,Colombo,Vancouver,EXW,2024-10-02,2024-10-23,2024-10-23,21,0,Yes,None,3174.67,3174.67,14770.82,280869.94,Delivered
BOL001395,Evergreen,DSV,Sport Chek,Auto Parts,20RF,2,Hong Kong,Montreal,CIF,2023-09-17,2023-10-14,2023-10-14,27,0,Yes,None,2676.85,5353.7,19455.14,240247.71,Delivered
BOL001396,Evergreen,CEVA Logistics,Indigo Books,Textiles,20GP,4,Shenzhen,Houston,DDP,2024-08-30,2024-10-11,2024-10-11,42,0,Yes,None,3454.6,13818.4,75663.94,315117.44,Delivered
BOL001397,MSC,Nippon Express,Mountain Equipment,Steel Products,40HC,3,Ningbo,New York,FOB,2023-01-17,2023-02-08,2023-02-08,22,0,Yes,None,4388.59,13165.77,78744.25,43231.84,Delivered
BOL001398,MSC,DSV,Hudson Bay,Steel Products,40HC,2,Kaohsiung,Chicago,CIF,2024-08-03,2024-08-25,2024-08-25,22,0,Yes,None,872.82,1745.64,42534.7,252426.48,Delivered
BOL001399,Hapag-Lloyd,Nippon Express,Walmart Canada,Textiles,20GP,1,Ningbo,Los Angeles,DAP,2024-01-31,2024-02-29,2024-02-29,29,0,Yes,None,3099.12,3099.12,21435.5,161687.53,Delivered
BOL001400,CMA CGM,DSV,Walmart Canada,Furniture,20RF,7,Hamburg,Chicago,EXW,2022-11-06,2022-12-14,2022-12-14,38,0,Yes,None,1557.34,10901.38,63570.43,48283.02,Delivered
BOL001401,Yang Ming,CEVA Logistics,Sobeys,Auto Parts,20RF,10,Rotterdam,Vancouver,FOB,2023-03-15,2023-04-09,2023-04-09,25,0,Yes,None,990.99,9909.9,94256.35,197460.24,Delivered
BOL001402,Evergreen,Kuehne+Nagel,Loblaw Companies,Food Products,40GP,1,Kaohsiung,Houston,DAP,2022-11-02,2022-12-11,2022-12-11,39,0,Yes,None,4256.73,4256.73,8483.27,27222.48,Delivered
BOL001403,ZIM,CEVA Logistics,Shoppers Drug Mart,Auto Parts,20GP,1,Shanghai,Vancouver,CIF,2024-01-09,2024-02-04,2024-02-11,26,7,No,Documentation Error,2054.17,2054.17,15943.31,163364.36,Delayed
BOL001404,MSC,CEVA Logistics,Sport Chek,Auto Parts,20GP,4,Ningbo,Vancouver,CFR,2022-02-23,2022-04-07,2022-04-07,43,0,Yes,None,3584.75,14339.0,23183.87,231220.79,Delivered
BOL001405,Hapag-Lloyd,Kuehne+Nagel,Sobeys,Food Products,45HC,8,Singapore,Houston,FOB,2024-11-09,2024-12-23,2024-12-23,44,0,Yes,None,1327.38,10619.04,62070.85,404089.84,Delivered
BOL001406,Hapag-Lloyd,Panalpina,Hudson Bay,Machinery,45HC,5,Ningbo,New York,CIF,2022-12-09,2022-12-27,2022-12-27,18,0,Yes,None,1933.66,9668.3,71812.17,491792.69,Delivered
BOL001407,Maersk,Nippon Express,Empire Company,Steel Products,40GP,6,Shenzhen,Los Angeles,EXW,2022-10-23,2022-11-11,2022-11-11,19,0,Yes,None,1470.01,8820.06,155768.99,142240.27,Delivered
BOL001408,ZIM,DSV,Giant Tiger,Food Products,40GP,3,Busan,Los Angeles,FOB,2024-08-29,2024-09-23,2024-09-23,25,0,Yes,None,2356.47,7069.41,58160.18,164745.07,Delivered
BOL001409,MSC,Kuehne+Nagel,Groupe Touchette,Chemicals,20RF,9,Shenzhen,Halifax,CFR,2022-02-19,2022-03-13,2022-03-18,22,5,No,Bad Weather,2097.8,18880.2,124128.84,74392.49,Delivered
BOL001410,COSCO,DB Schenker,Indigo Books,Food Products,40RF,5,Singapore,Seattle,CFR,2022-12-16,2023-01-26,2023-01-26,41,0,Yes,None,3510.28,17551.4,117268.38,443599.11,Delivered
BOL001411,COSCO,CEVA Logistics,Best Buy Canada,Apparel,20RF,9,Busan,Seattle,CFR,2023-03-15,2023-04-27,2023-05-04,43,7,No,Port Congestion,1796.17,16165.53,139430.61,21581.45,Delayed
BOL001412,Yang Ming,Expeditors,Loblaw Companies,Steel Products,40GP,2,Colombo,New York,DDP,2024-10-01,2024-11-02,2024-11-02,32,0,Yes,None,2417.58,4835.16,12006.16,207795.32,Delivered
BOL001413,Evergreen,Panalpina,Indigo Books,Steel Products,20RF,7,Ningbo,Vancouver,CFR,2023-10-30,2023-11-27,2023-11-27,28,0,Yes,None,1800.55,12603.85,187072.37,29145.62,Delivered
BOL001414,Maersk,Expeditors,Walmart Canada,Chemicals,20GP,3,Hamburg,Los Angeles,EXW,2023-07-16,2023-08-26,2023-08-26,41,0,Yes,None,1043.9,3131.7,26488.48,374305.35,Delivered
BOL001415,Evergreen,CEVA Logistics,Aldo Group,Steel Products,20RF,9,Rotterdam,Seattle,FOB,2023-03-23,2023-04-06,2023-04-06,14,0,Yes,None,2194.54,19750.86,209208.84,374450.6,Delivered
BOL001416,CMA CGM,Expeditors,Sobeys,Auto Parts,45HC,1,Rotterdam,Halifax,CIF,2022-01-07,2022-01-26,2022-01-26,19,0,Yes,None,885.63,885.63,26963.73,426693.42,Delivered
BOL001417,COSCO,Sinotrans,Loblaws,Food Products,20GP,7,Colombo,Vancouver,DAP,2024-07-24,2024-09-05,2024-09-05,43,0,Yes,None,832.95,5830.65,163020.23,175050.82,Delivered
BOL001418,Evergreen,Kuehne+Nagel,Best Buy Canada,Toys,20RF,10,Shenzhen,Vancouver,FOB,2023-05-17,2023-06-02,2023-06-02,16,0,Yes,None,2705.68,27056.8,207388.29,132030.17,Delivered
BOL001419,CMA CGM,CEVA Logistics,Loblaws,Electronics,40RF,6,Kaohsiung,Chicago,CIF,2023-10-14,2023-11-02,2023-11-02,19,0,Yes,None,3368.92,20213.52,75502.2,79345.6,Delivered
BOL001420,HMM,DSV,Groupe Touchette,Machinery,40GP,5,Kaohsiung,Halifax,EXW,2022-05-21,2022-06-27,2022-06-27,37,0,Yes,None,2327.63,11638.15,28446.7,167609.3,Delivered
BOL001421,COSCO,DB Schenker,Metro Inc,Apparel,20GP,2,Shanghai,Los Angeles,DDP,2024-04-08,2024-05-19,2024-05-19,41,0,Yes,None,1016.67,2033.34,16345.62,441804.94,Delivered
BOL001422,COSCO,Panalpina,Loblaws,Apparel,40HC,1,Colombo,Houston,DAP,2022-10-10,2022-11-07,2022-11-07,28,0,Yes,None,1352.38,1352.38,25485.71,78961.82,Delivered
BOL001423,Maersk,DB Schenker,Home Depot Canada,Electronics,40HC,4,Hong Kong,Seattle,EXW,2022-10-06,2022-11-18,2022-11-18,43,0,Yes,None,2322.87,9291.48,34698.79,465970.54,Delivered
BOL001424,ONE,Sinotrans,Empire Company,Steel Products,20GP,9,Ningbo,Houston,FOB,2022-07-13,2022-08-04,2022-08-04,22,0,Yes,None,1229.92,11069.28,131665.29,44027.22,Delivered
BOL001425,COSCO,Nippon Express,Loblaw Companies,Auto Parts,40GP,4,Shenzhen,Los Angeles,CFR,2022-08-23,2022-09-08,2022-09-08,16,0,Yes,None,1004.91,4019.64,59235.29,21530.5,Delivered
BOL001426,ONE,DSV,Walmart Canada,Apparel,40RF,3,Rotterdam,Vancouver,CIF,2022-06-27,2022-07-12,2022-07-12,15,0,Yes,None,1541.86,4625.58,77381.49,288221.17,Delivered
BOL001427,Yang Ming,DB Schenker,Hudson Bay,Electronics,45HC,7,Singapore,Chicago,EXW,2024-12-26,2025-02-01,2025-02-01,37,0,Yes,None,3580.29,25062.03,71126.53,409299.4,In Transit
BOL001428,Maersk,DSV,Costco Canada,Chemicals,40HC,7,Hong Kong,New York,DAP,2024-06-19,2024-07-29,2024-07-29,40,0,Yes,None,3853.3,26973.1,39049.67,314799.22,Delivered
BOL001429,MSC,Sinotrans,Hudson Bay,Furniture,20RF,7,Ningbo,Houston,DAP,2024-10-04,2024-10-27,2024-10-27,23,0,Yes,None,1107.37,7751.59,195866.87,272031.45,Delivered
BOL001430,Hapag-Lloyd,Sinotrans,Giant Tiger,Apparel,45HC,7,Ningbo,Los Angeles,CFR,2024-07-16,2024-07-30,2024-07-30,14,0,Yes,None,4259.31,29815.17,185033.05,393754.12,Delivered
BOL001431,Maersk,DSV,Best Buy Canada,Electronics,45HC,8,Busan,Houston,DAP,2024-06-24,2024-07-25,2024-07-25,31,0,Yes,None,3870.52,30964.16,161880.03,293308.74,Delivered
BOL001432,Yang Ming,DB Schenker,Best Buy Canada,Textiles,40GP,6,Singapore,Miami,CIF,2024-10-22,2024-12-05,2024-12-10,44,5,No,Customs Inspection,3997.15,23982.9,142013.91,160723.77,Delivered
BOL001433,Maersk,DSV,Loblaws,Food Products,40HC,10,Kaohsiung,Los Angeles,DDP,2022-06-27,2022-08-01,2022-08-01,35,0,Yes,None,3531.54,35315.4,131944.48,184889.43,Delivered
BOL001434,Evergreen,Expeditors,Indigo Books,Electronics,20RF,8,Ningbo,Seattle,DDP,2022-06-30,2022-07-21,2022-07-21,21,0,Yes,None,3664.21,29313.68,140593.16,49350.85,Delivered
BOL001435,COSCO,CEVA Logistics,Indigo Books,Machinery,40HC,9,Shenzhen,Montreal,CFR,2023-09-21,2023-10-19,2023-10-19,28,0,Yes,None,4035.4,36318.6,149056.87,97597.35,Delivered
BOL001436,CMA CGM,DSV,Costco Canada,Chemicals,20GP,6,Ningbo,Vancouver,EXW,2024-04-09,2024-05-18,2024-05-18,39,0,Yes,None,3932.95,23597.7,142685.1,496552.02,Delivered
BOL001437,Evergreen,Sinotrans,Best Buy Canada,Toys,20GP,7,Rotterdam,Toronto,CIF,2022-06-18,2022-07-13,2022-07-13,25,0,Yes,None,988.54,6919.78,133419.42,476020.3,Delivered
BOL001438,Maersk,CEVA Logistics,Loblaws,Apparel,40RF,4,Kaohsiung,Halifax,FOB,2022-04-19,2022-05-06,2022-05-06,17,0,Yes,None,1188.63,4754.52,61098.41,415755.26,Delivered
BOL001439,COSCO,Sinotrans,Best Buy Canada,Food Products,20GP,4,Kaohsiung,Seattle,FOB,2022-01-28,2022-02-24,2022-03-01,27,5,No,Equipment Shortage,1195.67,4782.68,83467.01,376293.88,Delivered
BOL001440,ONE,Kuehne+Nagel,Best Buy Canada,Chemicals,20GP,9,Hamburg,Montreal,FOB,2022-11-15,2022-12-21,2022-12-21,36,0,Yes,None,1755.97,15803.73,165439.72,149598.72,Delivered
BOL001441,ZIM,Nippon Express,Walmart Canada,Textiles,20RF,3,Colombo,Montreal,DDP,2023-02-26,2023-04-09,2023-04-09,42,0,Yes,None,3412.82,10238.46,16561.73,462085.75,Delivered
BOL001442,COSCO,DB Schenker,Sobeys,Apparel,40RF,4,Shanghai,Montreal,CFR,2022-10-09,2022-11-21,2022-11-21,43,0,Yes,None,2531.41,10125.64,106985.39,61833.97,Delivered
BOL001443,ONE,Sinotrans,Giant Tiger,Auto Parts,20RF,7,Busan,Seattle,FOB,2022-09-23,2022-10-19,2022-10-19,26,0,Yes,None,1729.86,12109.02,113956.01,69101.09,Delivered
BOL001444,COSCO,DSV,Hudson Bay,Electronics,20RF,1,Hong Kong,Seattle,FOB,2022-08-06,2022-08-20,2022-08-20,14,0,Yes,None,3292.82,3292.82,21475.31,189504.84,Delivered
BOL001445,Maersk,Panalpina,Sport Chek,Food Products,40GP,7,Rotterdam,Halifax,CFR,2023-08-24,2023-09-19,2023-09-19,26,0,Yes,None,4366.83,30567.81,61125.35,413877.85,Delivered
BOL001446,MSC,DB Schenker,Mountain Equipment,Auto Parts,20GP,7,Rotterdam,Halifax,CFR,2024-07-22,2024-08-21,2024-08-21,30,0,Yes,None,3763.13,26341.91,144840.68,184688.58,Delivered
BOL001447,Evergreen,DSV,Metro Inc,Chemicals,45HC,5,Shanghai,New York,FOB,2022-07-03,2022-08-06,2022-08-06,34,0,Yes,None,3846.77,19233.85,69665.45,12161.79,Delivered
BOL001448,Hapag-Lloyd,CEVA Logistics,IKEA Canada,Textiles,40RF,2,Singapore,Montreal,FOB,2022-11-17,2022-12-19,2022-12-19,32,0,Yes,None,3094.01,6188.02,49822.32,293164.78,Delivered
BOL001449,CMA CGM,Sinotrans,Home Depot Canada,Apparel,45HC,10,Busan,Toronto,EXW,2022-01-21,2022-02-23,2022-02-23,33,0,Yes,None,3794.66,37946.6,67156.68,17580.44,Delivered
BOL001450,ONE,Kuehne+Nagel,Reitmans,Auto Parts,20RF,7,Busan,Halifax,EXW,2024-09-02,2024-10-09,2024-10-09,37,0,Yes,None,3383.66,23685.62,100089.06,399152.08,Delivered
BOL001451,COSCO,Panalpina,Best Buy Canada,Steel Products,20GP,5,Ningbo,Seattle,DAP,2022-07-11,2022-07-25,2022-07-25,14,0,Yes,None,4174.71,20873.55,73370.28,386666.63,Delivered
BOL001452,MSC,Panalpina,Groupe Touchette,Furniture,40RF,2,Hamburg,Houston,CIF,2024-08-25,2024-09-23,2024-09-23,29,0,Yes,None,1306.22,2612.44,45439.71,453858.09,Delivered
BOL001453,CMA CGM,CEVA Logistics,Sport Chek,Auto Parts,40GP,7,Kaohsiung,Seattle,DDP,2024-10-16,2024-11-05,2024-11-05,20,0,Yes,None,3960.1,27720.7,137958.18,383589.34,Delivered
BOL001454,ONE,CEVA Logistics,Best Buy Canada,Apparel,40RF,6,Ningbo,Toronto,DAP,2022-11-11,2022-12-13,2022-12-13,32,0,Yes,None,3655.3,21931.8,88353.51,236662.23,Delivered
BOL001455,Evergreen,Expeditors,Canadian Tire,Toys,45HC,2,Hamburg,Montreal,DDP,2024-08-01,2024-08-28,2024-08-28,27,0,Yes,None,2138.12,4276.24,47053.41,379802.36,Delivered
BOL001456,COSCO,DB Schenker,Giant Tiger,Chemicals,40GP,9,Shenzhen,Chicago,DDP,2022-07-20,2022-09-03,2022-09-03,45,0,Yes,None,859.0,7731.0,83442.47,226727.24,Delivered
BOL001457,CMA CGM,CEVA Logistics,Empire Company,Textiles,40HC,5,Ningbo,Seattle,CFR,2024-02-25,2024-03-13,2024-03-13,17,0,Yes,None,3651.14,18255.7,70359.13,268757.88,Delivered
BOL001458,Evergreen,Sinotrans,Reitmans,Chemicals,20GP,8,Hamburg,Vancouver,CIF,2024-07-07,2024-08-16,2024-08-16,40,0,Yes,None,3215.0,25720.0,109413.44,111368.47,Delivered
BOL001459,Maersk,DSV,Walmart Canada,Food Products,20RF,3,Hamburg,Halifax,DDP,2024-09-01,2024-10-11,2024-10-11,40,0,Yes,None,1606.19,4818.57,51501.95,363797.42,Delivered
BOL001460,ONE,DB Schenker,Metro Inc,Electronics,40GP,1,Singapore,Toronto,DDP,2024-11-24,2025-01-02,2025-01-02,39,0,Yes,None,3367.51,3367.51,22943.96,390936.18,In Transit
BOL001461,Evergreen,CEVA Logistics,Giant Tiger,Chemicals,20GP,6,Shanghai,Houston,DAP,2024-08-29,2024-09-24,2024-09-24,26,0,Yes,None,3005.87,18035.22,92013.34,476256.92,Delivered
BOL001462,COSCO,Nippon Express,Hudson Bay,Machinery,40HC,5,Shanghai,New York,CIF,2024-08-28,2024-10-10,2024-10-10,43,0,Yes,None,1387.51,6937.55,122811.91,297481.3,Delivered
BOL001463,MSC,Panalpina,Giant Tiger,Apparel,45HC,4,Ningbo,Seattle,FOB,2023-03-07,2023-04-15,2023-04-15,39,0,Yes,None,1466.97,5867.88,84967.32,95966.19,Delivered
BOL001464,ONE,Sinotrans,Loblaws,Apparel,45HC,2,Kaohsiung,Montreal,EXW,2024-09-30,2024-11-10,2024-11-10,41,0,Yes,None,2364.86,4729.72,12631.48,154318.72,Delivered
BOL001465,Maersk,CEVA Logistics,Indigo Books,Furniture,20GP,7,Ningbo,Los Angeles,DDP,2023-04-22,2023-05-08,2023-05-08,16,0,Yes,None,4334.81,30343.67,36266.04,296411.93,Delivered
BOL001466,ZIM,Sinotrans,Home Depot Canada,Electronics,40HC,8,Shenzhen,Seattle,CIF,2022-07-15,2022-08-15,2022-08-15,31,0,Yes,None,3866.65,30933.2,51141.2,277719.92,Delivered
BOL001467,ZIM,Sinotrans,Loblaws,Furniture,40HC,1,Ningbo,Miami,EXW,2023-02-02,2023-03-16,2023-03-16,42,0,Yes,None,4283.04,4283.04,11697.72,107159.41,Delivered
BOL001468,COSCO,Sinotrans,Canadian Tire,Auto Parts,40GP,10,Colombo,Toronto,CFR,2023-04-04,2023-04-25,2023-04-25,21,0,Yes,None,1830.96,18309.6,152028.29,489655.08,Delivered
BOL001469,Evergreen,Nippon Express,Loblaw Companies,Steel Products,40HC,10,Shenzhen,Halifax,CIF,2023-10-28,2023-11-27,2023-11-27,30,0,Yes,None,3495.55,34955.5,238053.44,279520.43,Delivered
BOL001470,Hapag-Lloyd,DB Schenker,Canadian Tire,Steel Products,20GP,3,Hong Kong,Toronto,DAP,2022-11-20,2023-01-04,2023-01-04,45,0,Yes,None,4110.79,12332.37,23133.23,199932.18,Delivered
BOL001471,HMM,Panalpina,Aldo Group,Toys,40HC,3,Hong Kong,New York,EXW,2024-05-31,2024-07-10,2024-07-10,40,0,Yes,None,2478.38,7435.14,26468.11,325815.43,Delivered
BOL001472,Maersk,CEVA Logistics,Reitmans,Furniture,20RF,7,Hong Kong,Miami,FOB,2022-02-17,2022-03-31,2022-03-31,42,0,Yes,None,1915.0,13405.0,35449.06,376610.01,Delivered
BOL001473,Maersk,CEVA Logistics,Reitmans,Machinery,40GP,2,Busan,Halifax,EXW,2022-07-31,2022-08-24,2022-08-24,24,0,Yes,None,4145.24,8290.48,45724.96,472803.27,Delivered
BOL001474,Maersk,Panalpina,Shoppers Drug Mart,Furniture,40GP,4,Hong Kong,Vancouver,EXW,2023-04-07,2023-05-02,2023-05-02,25,0,Yes,None,1563.27,6253.08,20603.57,92208.63,Delivered
BOL001475,Yang Ming,DSV,Reitmans,Steel Products,40GP,6,Shanghai,New York,CFR,2022-05-02,2022-05-23,2022-05-23,21,0,Yes,None,1849.62,11097.72,139877.62,344645.69,Delivered
BOL001476,CMA CGM,Panalpina,Walmart Canada,Electronics,40GP,3,Kaohsiung,Miami,CFR,2023-03-03,2023-03-29,2023-03-29,26,0,Yes,None,1889.81,5669.43,31993.99,460376.85,Delivered
BOL001477,Yang Ming,DB Schenker,Aldo Group,Chemicals,40HC,5,Hong Kong,Halifax,CFR,2023-04-18,2023-05-09,2023-05-09,21,0,Yes,None,1134.72,5673.6,126165.94,38190.78,Delivered
BOL001478,CMA CGM,DB Schenker,Sport Chek,Apparel,45HC,7,Hong Kong,Chicago,FOB,2022-04-26,2022-05-17,2022-05-17,21,0,Yes,None,1532.93,10730.51,112460.66,161405.1,Delivered
BOL001479,ZIM,Kuehne+Nagel,IKEA Canada,Apparel,45HC,6,Ningbo,Miami,DDP,2023-07-04,2023-07-23,2023-07-23,19,0,Yes,None,3101.9,18611.4,139962.52,297118.86,Delivered
BOL001480,Hapag-Lloyd,CEVA Logistics,Loblaw Companies,Food Products,40GP,7,Colombo,Miami,FOB,2024-09-13,2024-10-20,2024-10-20,37,0,Yes,None,3963.39,27743.73,79125.19,166065.94,Delivered
BOL001481,ONE,Expeditors,Canadian Tire,Furniture,40GP,1,Colombo,Chicago,EXW,2024-05-21,2024-06-11,2024-06-11,21,0,Yes,None,816.69,816.69,18641.1,333323.94,Delivered
BOL001482,HMM,CEVA Logistics,IKEA Canada,Apparel,40GP,6,Ningbo,Vancouver,EXW,2022-12-07,2022-12-27,2022-12-27,20,0,Yes,None,2112.12,12672.72,73855.72,142743.83,Delivered
BOL001483,CMA CGM,Expeditors,Reitmans,Apparel,40RF,3,Singapore,Los Angeles,CFR,2024-11-25,2025-01-06,2025-01-14,42,8,No,Equipment Shortage,1765.43,5296.29,56777.06,72156.4,Delayed
BOL001484,ZIM,Sinotrans,Sobeys,Electronics,20RF,3,Colombo,Seattle,DAP,2023-06-05,2023-07-09,2023-07-21,34,12,No,Port Congestion,3523.03,10569.09,81869.77,158230.45,Delayed
BOL001485,Maersk,DSV,Giant Tiger,Furniture,40GP,10,Hong Kong,Halifax,EXW,2023-02-11,2023-03-10,2023-03-10,27,0,Yes,None,2981.4,29814.0,178383.7,183602.17,Delivered
BOL001486,CMA CGM,Nippon Express,Indigo Books,Chemicals,40HC,9,Busan,Montreal,DDP,2024-06-06,2024-07-07,2024-07-07,31,0,Yes,None,3706.76,33360.84,119370.39,268372.94,Delivered
BOL001487,Hapag-Lloyd,Panalpina,Shoppers Drug Mart,Auto Parts,40RF,9,Ningbo,Houston,DDP,2022-10-04,2022-11-12,2022-11-12,39,0,Yes,None,1784.66,16061.94,144826.79,332646.45,Delivered
BOL001488,Yang Ming,DB Schenker,Giant Tiger,Furniture,40GP,3,Ningbo,Houston,EXW,2022-06-14,2022-07-23,2022-07-23,39,0,Yes,None,4017.43,12052.29,15594.98,62081.88,Delivered
BOL001489,MSC,DB Schenker,Groupe Touchette,Machinery,40GP,1,Busan,Chicago,CFR,2024-04-22,2024-05-18,2024-05-18,26,0,Yes,None,1135.37,1135.37,26752.57,398530.27,Delivered
BOL001490,Maersk,Panalpina,Canadian Tire,Machinery,45HC,7,Rotterdam,Miami,EXW,2022-01-24,2022-02-07,2022-02-07,14,0,Yes,None,1429.89,10009.23,146673.47,29481.15,Delivered
BOL001491,Evergreen,DB Schenker,Costco Canada,Auto Parts,40HC,1,Shenzhen,Halifax,EXW,2024-05-31,2024-06-26,2024-06-26,26,0,Yes,None,869.42,869.42,10326.78,46686.88,Delivered
BOL001492,Maersk,Nippon Express,Giant Tiger,Textiles,20GP,2,Shanghai,Miami,CIF,2022-10-03,2022-10-27,2022-10-27,24,0,Yes,None,4313.66,8627.32,20220.87,427567.21,Delivered
BOL001493,Hapag-Lloyd,Panalpina,Metro Inc,Auto Parts,20GP,7,Ningbo,Miami,DDP,2022-03-18,2022-04-21,2022-04-21,34,0,Yes,None,3874.53,27121.71,43837.76,488052.06,Delivered
BOL001494,Evergreen,Sinotrans,Costco Canada,Apparel,45HC,3,Rotterdam,Los Angeles,CIF,2022-01-22,2022-02-05,2022-02-05,14,0,Yes,None,1539.58,4618.74,44232.49,227899.52,Delivered
BOL001495,Yang Ming,Kuehne+Nagel,Empire Company,Chemicals,40HC,5,Busan,Vancouver,EXW,2022-08-23,2022-09-06,2022-09-17,14,11,No,Documentation Error,3436.44,17182.2,135974.72,156838.44,Delayed
BOL001496,Evergreen,DB Schenker,Empire Company,Machinery,40RF,7,Shanghai,Miami,CFR,2023-02-07,2023-03-22,2023-03-22,43,0,Yes,None,2736.43,19155.01,111734.02,215909.4,Delivered
BOL001497,MSC,Expeditors,Aldo Group,Toys,20GP,8,Hamburg,Toronto,CFR,2022-04-03,2022-05-04,2022-05-04,31,0,Yes,None,2012.84,16102.72,102593.28,260682.56,Delivered
BOL001498,ZIM,Panalpina,Loblaws,Furniture,40GP,5,Singapore,Vancouver,CIF,2022-12-20,2023-01-22,2023-01-22,33,0,Yes,None,2873.34,14366.7,76209.08,140638.27,Delivered
BOL001499,Hapag-Lloyd,Sinotrans,IKEA Canada,Textiles,45HC,10,Ningbo,Houston,EXW,2024-05-27,2024-07-01,2024-07-01,35,0,Yes,None,1745.46,17454.6,181162.7,498742.28,Delivered
BOL001500,Maersk,Expeditors,Shoppers Drug Mart,Electronics,40HC,8,Singapore,Vancouver,CFR,2022-10-08,2022-11-17,2022-11-17,40,0,Yes,None,1439.94,11519.52,134892.06,369631.68,Delivered
BOL001501,HMM,Expeditors,Groupe Touchette,Electronics,45HC,5,Hong Kong,Halifax,FOB,2024-10-22,2024-11-26,2024-11-26,35,0,Yes,None,1445.21,7226.05,69943.71,146478.29,Delivered
BOL001502,Evergreen,DSV,Metro Inc,Toys,20GP,5,Shenzhen,Chicago,CFR,2024-09-03,2024-09-21,2024-09-21,18,0,Yes,None,2608.3,13041.5,99467.49,211176.95,Delivered
BOL001503,Hapag-Lloyd,Sinotrans,Loblaw Companies,Food Products,40RF,7,Hong Kong,Miami,DAP,2023-07-19,2023-08-15,2023-08-15,27,0,Yes,None,1104.71,7732.97,156143.13,423188.26,Delivered
BOL001504,HMM,Nippon Express,Loblaw Companies,Electronics,40HC,5,Colombo,Halifax,FOB,2023-04-24,2023-06-02,2023-06-11,39,9,No,Port Congestion,4064.39,20321.95,35019.71,192655.83,Delayed
BOL001505,Maersk,Sinotrans,Mountain Equipment,Machinery,20GP,9,Colombo,Miami,CIF,2024-08-31,2024-09-24,2024-09-24,24,0,Yes,None,1939.84,17458.56,53489.01,232666.8,Delivered
BOL001506,Maersk,Expeditors,Giant Tiger,Food Products,40GP,4,Busan,New York,DAP,2024-05-27,2024-06-12,2024-06-12,16,0,Yes,None,2443.57,9774.28,104165.91,300148.67,Delivered
BOL001507,HMM,CEVA Logistics,Aldo Group,Machinery,20GP,9,Rotterdam,Seattle,FOB,2022-02-15,2022-03-26,2022-03-26,39,0,Yes,None,4252.16,38269.44,82888.53,99870.91,Delivered
BOL001508,ZIM,Expeditors,Indigo Books,Auto Parts,45HC,6,Shanghai,Miami,CFR,2024-11-14,2024-12-26,2024-12-26,42,0,Yes,None,1606.71,9640.26,134870.0,341363.86,Delivered
BOL001509,Maersk,DB Schenker,Loblaw Companies,Machinery,20RF,9,Hong Kong,Houston,CFR,2023-09-16,2023-10-10,2023-10-10,24,0,Yes,None,3596.97,32372.73,249394.16,21794.49,Delivered
BOL001510,Maersk,DB Schenker,Costco Canada,Food Products,20RF,7,Rotterdam,Seattle,DAP,2022-08-30,2022-10-12,2022-10-12,43,0,Yes,None,3630.48,25413.36,158139.62,277081.87,Delivered
BOL001511,HMM,DB Schenker,Groupe Touchette,Apparel,20RF,1,Ningbo,Montreal,DDP,2022-05-06,2022-05-24,2022-05-24,18,0,Yes,None,2555.9,2555.9,26700.62,294306.13,Delivered
BOL001512,MSC,Sinotrans,Walmart Canada,Toys,40RF,6,Busan,Seattle,DDP,2024-10-01,2024-10-22,2024-10-22,21,0,Yes,None,4373.37,26240.22,136186.09,388581.36,Delivered
BOL001513,Evergreen,CEVA Logistics,Aldo Group,Chemicals,40HC,3,Busan,Vancouver,EXW,2023-09-23,2023-10-23,2023-10-23,30,0,Yes,None,911.77,2735.31,64539.47,299765.62,Delivered
BOL001514,ONE,CEVA Logistics,Costco Canada,Textiles,20RF,7,Shenzhen,Halifax,DAP,2022-08-20,2022-09-21,2022-09-21,32,0,Yes,None,2463.67,17245.69,195015.31,303419.06,Delivered
BOL001515,CMA CGM,Kuehne+Nagel,Reitmans,Apparel,40HC,4,Busan,Toronto,DAP,2024-01-24,2024-02-23,2024-02-23,30,0,Yes,None,2877.22,11508.88,67161.93,390129.15,Delivered
BOL001516,ONE,Kuehne+Nagel,Canadian Tire,Textiles,20GP,7,Busan,Vancouver,CFR,2024-04-28,2024-06-11,2024-06-11,44,0,Yes,None,3145.87,22021.09,188569.55,142828.86,Delivered
BOL001517,ZIM,CEVA Logistics,Sobeys,Electronics,40RF,3,Shanghai,New York,FOB,2024-02-17,2024-03-18,2024-03-18,30,0,Yes,None,4134.63,12403.89,60129.38,55645.27,Delivered
BOL001518,ZIM,DB Schenker,Loblaw Companies,Furniture,45HC,1,Colombo,Vancouver,DAP,2022-11-16,2022-12-26,2022-12-26,40,0,Yes,None,1553.27,1553.27,16803.08,274316.4,Delivered
BOL001519,CMA CGM,Panalpina,Groupe Touchette,Textiles,40HC,5,Shanghai,Seattle,CFR,2024-04-29,2024-05-24,2024-05-24,25,0,Yes,None,3917.06,19585.3,62518.63,473797.93,Delivered
BOL001520,Yang Ming,Sinotrans,Sobeys,Apparel,20GP,7,Shenzhen,Halifax,CIF,2023-01-12,2023-02-24,2023-02-24,43,0,Yes,None,2797.4,19581.8,103100.16,300244.8,Delivered
BOL001521,Yang Ming,DSV,Loblaws,Auto Parts,20RF,3,Shanghai,Los Angeles,DDP,2024-03-13,2024-04-04,2024-04-04,22,0,Yes,None,3910.49,11731.47,31567.43,68822.97,Delivered
BOL001522,MSC,DB Schenker,Empire Company,Furniture,45HC,3,Hamburg,Toronto,FOB,2023-07-06,2023-08-02,2023-08-02,27,0,Yes,None,3175.12,9525.36,38046.54,265741.13,Delivered
BOL001523,ZIM,DB Schenker,Walmart Canada,Chemicals,40GP,7,Ningbo,New York,CIF,2023-09-03,2023-09-27,2023-09-27,24,0,Yes,None,3007.68,21053.76,129276.27,470006.1,Delivered
BOL001524,Hapag-Lloyd,DB Schenker,Shoppers Drug Mart,Auto Parts,40RF,1,Shanghai,Los Angeles,DAP,2023-06-30,2023-08-11,2023-08-11,42,0,Yes,None,1724.72,1724.72,13664.62,382912.08,Delivered
BOL001525,Hapag-Lloyd,DSV,Sport Chek,Electronics,40RF,7,Hamburg,Houston,CIF,2023-09-24,2023-10-10,2023-10-10,16,0,Yes,None,1746.62,12226.34,156377.78,352957.04,Delivered
BOL001526,Yang Ming,Expeditors,Loblaw Companies,Furniture,40RF,10,Singapore,Miami,CIF,2024-11-10,2024-12-03,2024-12-03,23,0,Yes,None,2471.55,24715.5,164634.98,263707.67,Delivered
BOL001527,CMA CGM,Nippon Express,Empire Company,Chemicals,45HC,10,Kaohsiung,Vancouver,CFR,2024-05-26,2024-06-11,2024-06-11,16,0,Yes,None,3669.21,36692.1,273135.88,209798.79,Delivered
BOL001528,HMM,Sinotrans,Sport Chek,Furniture,40HC,3,Rotterdam,Halifax,FOB,2022-12-23,2023-01-14,2023-01-14,22,0,Yes,None,3037.88,9113.64,41699.66,91234.93,Delivered
BOL001529,CMA CGM,Expeditors,Aldo Group,Steel Products,20RF,7,Kaohsiung,Halifax,DDP,2024-03-26,2024-04-13,2024-04-21,18,8,No,Documentation Error,1454.61,10182.27,178698.99,194708.12,Delayed
BOL001530,ONE,Kuehne+Nagel,Empire Company,Food Products,45HC,7,Kaohsiung,Los Angeles,FOB,2023-03-18,2023-04-21,2023-04-21,34,0,Yes,None,2857.12,19999.84,109702.6,252761.79,Delivered
BOL001531,COSCO,DB Schenker,Home Depot Canada,Auto Parts,20RF,5,Busan,Halifax,CFR,2023-05-21,2023-06-20,2023-06-20,30,0,Yes,None,4112.29,20561.45,118506.32,56866.37,Delivered
BOL001532,CMA CGM,DSV,Home Depot Canada,Steel Products,20GP,5,Hamburg,Miami,DDP,2022-09-16,2022-10-25,2022-10-25,39,0,Yes,None,1900.72,9503.6,100022.72,332529.94,Delivered
BOL001533,ONE,Nippon Express,Reitmans,Furniture,20RF,2,Kaohsiung,Seattle,DDP,2023-04-10,2023-04-26,2023-04-26,16,0,Yes,None,1605.59,3211.18,15437.6,110021.37,Delivered
BOL001534,Maersk,CEVA Logistics,Loblaw Companies,Chemicals,45HC,6,Ningbo,Chicago,CFR,2022-09-29,2022-10-15,2022-10-15,16,0,Yes,None,3881.45,23288.7,82956.73,88286.76,Delivered
BOL001535,HMM,Sinotrans,Aldo Group,Machinery,40GP,1,Kaohsiung,Vancouver,CFR,2024-11-28,2024-12-23,2024-12-23,25,0,Yes,None,2909.84,2909.84,16143.02,219046.81,Delivered
BOL001536,Maersk,Sinotrans,Indigo Books,Toys,45HC,9,Hong Kong,New York,CFR,2022-09-14,2022-09-30,2022-10-11,16,11,No,Bad Weather,1287.32,11585.88,45892.97,242190.45,Delayed
BOL001537,Hapag-Lloyd,DSV,Sobeys,Auto Parts,45HC,3,Singapore,Toronto,EXW,2022-07-25,2022-09-04,2022-09-04,41,0,Yes,None,3603.47,10810.41,59962.98,368944.47,Delivered
BOL001538,Maersk,Expeditors,Sobeys,Toys,20GP,4,Shenzhen,Toronto,DAP,2022-09-04,2022-09-28,2022-09-28,24,0,Yes,None,2584.0,10336.0,76917.9,426705.91,Delivered
BOL001539,CMA CGM,Kuehne+Nagel,Groupe Touchette,Chemicals,20GP,4,Ningbo,Toronto,CFR,2022-12-14,2023-01-01,2023-01-09,18,8,No,Bad Weather,2350.46,9401.84,89696.38,383279.63,Delayed
BOL001540,ZIM,CEVA Logistics,Aldo Group,Machinery,20GP,4,Singapore,Chicago,CFR,2023-02-11,2023-03-27,2023-03-27,44,0,Yes,None,1903.6,7614.4,36914.06,154022.37,Delivered
BOL001541,ZIM,Kuehne+Nagel,Home Depot Canada,Food Products,40RF,9,Shenzhen,Toronto,EXW,2023-07-09,2023-08-23,2023-08-23,45,0,Yes,None,2339.14,21052.26,71634.85,120491.4,Delivered
BOL001542,ONE,Sinotrans,Mountain Equipment,Apparel,40HC,2,Colombo,Halifax,EXW,2024-08-23,2024-09-08,2024-09-08,16,0,Yes,None,2588.29,5176.58,20989.04,332130.87,Delivered
BOL001543,MSC,DSV,Loblaws,Chemicals,20GP,9,Colombo,Vancouver,DAP,2023-01-30,2023-03-01,2023-03-01,30,0,Yes,None,3740.71,33666.39,150338.88,178713.45,Delivered
BOL001544,Maersk,DSV,Walmart Canada,Steel Products,20GP,7,Shanghai,Chicago,CIF,2024-03-14,2024-04-20,2024-04-20,37,0,Yes,None,973.5,6814.5,114195.41,241669.49,Delivered
BOL001545,COSCO,Sinotrans,Costco Canada,Electronics,20GP,4,Ningbo,Vancouver,DDP,2023-10-16,2023-11-18,2023-11-18,33,0,Yes,None,3035.57,12142.28,92538.51,277506.53,Delivered
BOL001546,ZIM,DB Schenker,Walmart Canada,Textiles,40GP,9,Singapore,Toronto,CFR,2024-03-17,2024-04-10,2024-04-23,24,13,No,Port Congestion,2175.46,19579.14,214898.92,281794.63,Delayed
BOL001547,Evergreen,DB Schenker,Indigo Books,Auto Parts,40HC,2,Kaohsiung,New York,EXW,2024-03-13,2024-04-16,2024-04-16,34,0,Yes,None,4392.06,8784.12,27578.28,349104.1,Delivered
BOL001548,ZIM,Nippon Express,Aldo Group,Electronics,45HC,5,Shanghai,Miami,CFR,2023-02-14,2023-03-03,2023-03-03,17,0,Yes,None,1775.49,8877.45,27376.48,454862.7,Delivered
BOL001549,MSC,Sinotrans,Loblaw Companies,Apparel,20RF,10,Singapore,New York,CIF,2022-03-29,2022-04-22,2022-04-23,24,1,No,Port Congestion,1142.83,11428.3,242992.01,412939.12,Delivered
BOL001550,CMA CGM,Sinotrans,Aldo Group,Apparel,40HC,9,Rotterdam,New York,FOB,2024-02-15,2024-03-06,2024-03-06,20,0,Yes,None,2052.46,18472.14,54738.46,89874.59,Delivered
BOL001551,ZIM,DSV,Mountain Equipment,Toys,40RF,3,Hamburg,Toronto,EXW,2022-03-08,2022-04-09,2022-04-09,32,0,Yes,None,1342.94,4028.82,36634.22,304303.65,Delivered
BOL001552,ZIM,Kuehne+Nagel,Sport Chek,Apparel,20GP,9,Busan,Vancouver,EXW,2023-08-30,2023-10-13,2023-10-13,44,0,Yes,None,3311.92,29807.28,185534.7,77417.45,Delivered
BOL001553,HMM,Expeditors,Mountain Equipment,Food Products,45HC,7,Busan,Houston,FOB,2023-11-26,2023-12-25,2023-12-25,29,0,Yes,None,4491.87,31443.09,56295.55,209648.14,Delivered
BOL001554,Maersk,Sinotrans,Metro Inc,Auto Parts,40RF,9,Colombo,Seattle,DAP,2022-01-28,2022-02-19,2022-02-19,22,0,Yes,None,1914.47,17230.23,71856.15,248219.29,Delivered
BOL001555,Maersk,Kuehne+Nagel,Metro Inc,Furniture,45HC,4,Shanghai,Houston,DDP,2022-04-10,2022-05-15,2022-05-15,35,0,Yes,None,953.66,3814.64,56414.5,222646.63,Delivered
BOL001556,CMA CGM,CEVA Logistics,IKEA Canada,Electronics,20RF,10,Kaohsiung,Vancouver,DDP,2024-05-28,2024-06-28,2024-06-28,31,0,Yes,None,1246.53,12465.3,247703.65,297454.41,Delivered
BOL001557,ZIM,Kuehne+Nagel,IKEA Canada,Steel Products,40HC,6,Hong Kong,Halifax,EXW,2022-10-21,2022-11-27,2022-11-27,37,0,Yes,None,1384.89,8309.34,57604.28,471951.29,Delivered
BOL001558,Hapag-Lloyd,DB Schenker,Loblaws,Chemicals,40RF,9,Hong Kong,Seattle,EXW,2023-01-18,2023-02-26,2023-02-26,39,0,Yes,None,2392.42,21531.78,72540.92,483833.96,Delivered
BOL001559,COSCO,Kuehne+Nagel,Reitmans,Electronics,20RF,5,Shenzhen,Vancouver,DDP,2022-03-31,2022-05-04,2022-05-04,34,0,Yes,None,3365.9,16829.5,131458.82,120313.24,Delivered
BOL001560,CMA CGM,DB Schenker,Mountain Equipment,Furniture,40GP,5,Rotterdam,Miami,CFR,2024-03-08,2024-04-13,2024-04-13,36,0,Yes,None,4079.37,20396.85,122205.85,383423.64,Delivered
BOL001561,CMA CGM,CEVA Logistics,Indigo Books,Machinery,40HC,7,Shenzhen,Miami,CFR,2022-09-10,2022-10-25,2022-10-25,45,0,Yes,None,2205.58,15439.06,72792.13,407692.65,Delivered
BOL001562,ONE,Panalpina,Metro Inc,Apparel,40RF,3,Ningbo,New York,EXW,2024-07-05,2024-07-19,2024-07-19,14,0,Yes,None,3603.75,10811.25,77224.04,208991.46,Delivered
BOL001563,MSC,Panalpina,Canadian Tire,Chemicals,20GP,8,Rotterdam,Seattle,DAP,2022-02-25,2022-03-15,2022-03-21,18,6,No,Port Congestion,1652.48,13219.84,173553.77,476052.57,Delayed
BOL001564,ZIM,Sinotrans,Canadian Tire,Steel Products,40GP,3,Hong Kong,Chicago,EXW,2024-12-14,2025-01-25,2025-01-25,42,0,Yes,None,1745.94,5237.82,20178.68,130194.53,In Transit
BOL001565,COSCO,Sinotrans,Sport Chek,Steel Products,40HC,8,Kaohsiung,Vancouver,CFR,2023-06-26,2023-08-02,2023-08-02,37,0,Yes,None,2959.04,23672.32,98754.49,235515.15,Delivered
BOL001566,ZIM,Nippon Express,Reitmans,Machinery,40HC,7,Hong Kong,Halifax,DDP,2023-09-08,2023-10-17,2023-10-17,39,0,Yes,None,4075.15,28526.05,124150.37,105456.06,Delivered
BOL001567,COSCO,Kuehne+Nagel,Walmart Canada,Machinery,20GP,3,Hamburg,Vancouver,CIF,2024-03-21,2024-04-04,2024-04-04,14,0,Yes,None,4391.11,13173.33,83573.6,350091.84,Delivered
BOL001568,Evergreen,Sinotrans,Groupe Touchette,Furniture,45HC,8,Kaohsiung,Seattle,CIF,2023-01-16,2023-02-09,2023-02-09,24,0,Yes,None,1695.01,13560.08,74896.29,410516.06,Delivered
BOL001569,HMM,DSV,Hudson Bay,Steel Products,20RF,3,Hamburg,Miami,DDP,2023-08-16,2023-09-15,2023-09-15,30,0,Yes,None,1991.99,5975.97,67652.97,409583.8,Delivered
BOL001570,CMA CGM,CEVA Logistics,Hudson Bay,Auto Parts,40RF,3,Ningbo,Toronto,DDP,2022-12-05,2023-01-16,2023-01-24,42,8,No,Documentation Error,1628.19,4884.57,51909.31,175692.4,Delayed
BOL001571,CMA CGM,Kuehne+Nagel,Sobeys,Auto Parts,45HC,10,Singapore,Chicago,EXW,2022-07-12,2022-08-11,2022-08-23,30,12,No,Port Congestion,1498.93,14989.3,225063.44,95841.72,Delayed
BOL001572,CMA CGM,Panalpina,Giant Tiger,Food Products,40RF,8,Singapore,Houston,FOB,2024-12-11,2025-01-03,2025-01-03,23,0,Yes,None,2026.18,16209.44,99079.11,51210.82,In Transit
BOL001573,Evergreen,DB Schenker,Indigo Books,Furniture,40GP,2,Singapore,New York,CIF,2024-06-12,2024-06-30,2024-06-30,18,0,Yes,None,908.98,1817.96,42964.57,202740.36,Delivered
BOL001574,Yang Ming,CEVA Logistics,Sobeys,Machinery,40GP,4,Shanghai,Miami,DDP,2022-09-20,2022-11-04,2022-11-04,45,0,Yes,None,4275.16,17100.64,58103.41,365728.52,Delivered
BOL001575,COSCO,Kuehne+Nagel,Empire Company,Machinery,20GP,4,Ningbo,Halifax,CIF,2024-06-26,2024-07-10,2024-07-10,14,0,Yes,None,2200.27,8801.08,23178.89,311037.71,Delivered
BOL001576,ONE,Nippon Express,Indigo Books,Textiles,40RF,1,Rotterdam,Seattle,CIF,2022-03-18,2022-05-01,2022-05-01,44,0,Yes,None,1289.42,1289.42,16409.36,19066.29,Delivered
BOL001577,COSCO,DSV,Sport Chek,Chemicals,20GP,7,Rotterdam,New York,DDP,2024-05-10,2024-06-01,2024-06-01,22,0,Yes,None,3872.5,27107.5,37220.74,29604.81,Delivered
BOL001578,HMM,DSV,Sobeys,Steel Products,40HC,6,Colombo,New York,DDP,2024-04-23,2024-05-11,2024-05-11,18,0,Yes,None,3001.55,18009.3,119105.06,112344.23,Delivered
BOL001579,Hapag-Lloyd,DB Schenker,Costco Canada,Steel Products,45HC,1,Hong Kong,Toronto,DDP,2022-06-08,2022-07-08,2022-07-18,30,10,No,Documentation Error,2980.33,2980.33,19265.08,164347.09,Delayed
BOL001580,CMA CGM,Kuehne+Nagel,Reitmans,Textiles,40GP,4,Ningbo,Vancouver,CFR,2024-05-03,2024-06-13,2024-06-13,41,0,Yes,None,4408.83,17635.32,43667.91,196692.95,Delivered
BOL001581,CMA CGM,DSV,Groupe Touchette,Furniture,40HC,4,Hamburg,Miami,CIF,2022-08-02,2022-09-06,2022-09-06,35,0,Yes,None,1730.47,6921.88,20375.71,45884.76,Delivered
BOL001582,COSCO,DB Schenker,Loblaw Companies,Textiles,40RF,3,Hamburg,Vancouver,CFR,2024-10-16,2024-11-18,2024-11-18,33,0,Yes,None,2061.73,6185.19,64344.14,375796.39,Delivered
BOL001583,Yang Ming,Kuehne+Nagel,Sport Chek,Textiles,40RF,8,Singapore,Vancouver,FOB,2023-02-24,2023-04-07,2023-04-07,42,0,Yes,None,1013.89,8111.12,160936.66,486540.25,Delivered
BOL001584,Maersk,Nippon Express,Indigo Books,Chemicals,45HC,5,Singapore,Miami,CFR,2023-02-14,2023-03-16,2023-03-16,30,0,Yes,None,2529.89,12649.45,137647.31,303734.61,Delivered
BOL001585,Evergreen,CEVA Logistics,Canadian Tire,Food Products,20RF,4,Hamburg,Los Angeles,FOB,2023-07-06,2023-08-13,2023-08-13,38,0,Yes,None,4392.94,17571.76,98781.08,430459.23,Delivered
BOL001586,Yang Ming,Sinotrans,Sobeys,Machinery,40GP,1,Hamburg,Montreal,EXW,2022-10-16,2022-11-25,2022-11-25,40,0,Yes,None,1166.14,1166.14,12420.99,451425.5,Delivered
BOL001587,Maersk,Nippon Express,Sport Chek,Electronics,45HC,6,Rotterdam,Chicago,FOB,2023-10-23,2023-11-26,2023-11-26,34,0,Yes,None,1169.54,7017.24,163316.65,134835.19,Delivered
BOL001588,ONE,DSV,Hudson Bay,Apparel,40GP,5,Hong Kong,Chicago,CIF,2023-11-23,2024-01-02,2024-01-02,40,0,Yes,None,3328.19,16640.95,66102.53,213214.36,Delivered
BOL001589,COSCO,CEVA Logistics,Indigo Books,Food Products,20RF,10,Busan,New York,CFR,2023-09-12,2023-10-12,2023-10-12,30,0,Yes,None,2547.54,25475.4,118104.4,80422.95,Delivered
BOL001590,Maersk,DB Schenker,Loblaws,Steel Products,45HC,1,Rotterdam,New York,EXW,2024-11-15,2024-12-13,2024-12-13,28,0,Yes,None,3501.7,3501.7,15410.61,479582.43,Delivered
BOL001591,HMM,Expeditors,Home Depot Canada,Machinery,40RF,6,Busan,Toronto,DDP,2023-03-11,2023-04-20,2023-04-20,40,0,Yes,None,3505.89,21035.34,104596.91,370583.39,Delivered
BOL001592,CMA CGM,DSV,Loblaw Companies,Machinery,40RF,2,Kaohsiung,Seattle,EXW,2023-07-06,2023-07-20,2023-07-20,14,0,Yes,None,3847.59,7695.18,31879.0,247547.56,Delivered
BOL001593,Yang Ming,CEVA Logistics,Metro Inc,Toys,40HC,9,Busan,Houston,EXW,2022-08-13,2022-09-09,2022-09-09,27,0,Yes,None,848.78,7639.02,110779.05,30696.31,Delivered
BOL001594,CMA CGM,DSV,Hudson Bay,Food Products,40GP,10,Colombo,Toronto,FOB,2023-10-22,2023-12-06,2023-12-06,45,0,Yes,None,1729.49,17294.9,54332.86,175023.37,Delivered
BOL001595,COSCO,Nippon Express,Walmart Canada,Machinery,20GP,4,Ningbo,Houston,CFR,2023-07-08,2023-07-31,2023-07-31,23,0,Yes,None,4386.95,17547.8,52547.23,269918.63,Delivered
BOL001596,ZIM,Kuehne+Nagel,Mountain Equipment,Chemicals,20GP,10,Colombo,Miami,CFR,2023-01-27,2023-03-01,2023-03-01,33,0,Yes,None,3553.18,35531.8,202947.22,240870.84,Delivered
BOL001597,COSCO,Panalpina,Loblaw Companies,Textiles,40RF,5,Busan,Toronto,DDP,2023-09-25,2023-10-13,2023-10-13,18,0,Yes,None,4475.69,22378.45,103974.62,363600.92,Delivered
BOL001598,Yang Ming,Sinotrans,Mountain Equipment,Electronics,40HC,2,Busan,Los Angeles,DDP,2024-11-30,2025-01-08,2025-01-08,39,0,Yes,None,2911.04,5822.08,17321.98,326884.39,In Transit
BOL001599,Maersk,Expeditors,Hudson Bay,Food Products,45HC,5,Hamburg,New York,DAP,2023-07-28,2023-08-21,2023-08-21,24,0,Yes,None,4233.94,21169.7,49125.5,426160.2,Delivered
BOL001600,ONE,CEVA Logistics,Indigo Books,Steel Products,20GP,8,Rotterdam,Houston,EXW,2022-06-27,2022-08-03,2022-08-05,37,2,No,Documentation Error,2801.26,22410.08,67522.97,391680.31,Delivered
BOL001601,Maersk,Nippon Express,IKEA Canada,Furniture,40RF,3,Colombo,Halifax,CIF,2024-05-10,2024-06-02,2024-06-02,23,0,Yes,None,1614.24,4842.72,47689.25,230651.89,Delivered
BOL001602,COSCO,Panalpina,Giant Tiger,Machinery,45HC,6,Hamburg,Toronto,DAP,2022-04-26,2022-05-12,2022-05-12,16,0,Yes,None,3848.51,23091.06,150463.11,360089.01,Delivered
BOL001603,HMM,Nippon Express,Costco Canada,Electronics,45HC,8,Colombo,Montreal,DAP,2023-06-16,2023-07-04,2023-07-04,18,0,Yes,None,1961.65,15693.2,77264.61,267167.35,Delivered
BOL001604,Yang Ming,Expeditors,Reitmans,Furniture,40HC,8,Colombo,Halifax,DAP,2024-11-19,2024-12-07,2024-12-07,18,0,Yes,None,3029.35,24234.8,142640.05,158224.97,Delivered
BOL001605,MSC,Sinotrans,Groupe Touchette,Furniture,45HC,4,Hamburg,Miami,CIF,2024-11-01,2024-12-01,2024-12-01,30,0,Yes,None,2742.96,10971.84,99234.5,480147.56,Delivered
BOL001606,HMM,Kuehne+Nagel,Sport Chek,Textiles,20GP,6,Shenzhen,Los Angeles,CFR,2022-08-11,2022-09-05,2022-09-07,25,2,No,Documentation Error,3531.44,21188.64,105511.12,405567.26,Delivered
BOL001607,MSC,DB Schenker,Groupe Touchette,Electronics,40RF,8,Kaohsiung,Toronto,DAP,2024-11-12,2024-12-04,2024-12-04,22,0,Yes,None,826.06,6608.48,113929.35,360481.63,Delivered
BOL001608,Yang Ming,CEVA Logistics,Giant Tiger,Machinery,20RF,3,Singapore,Montreal,CFR,2023-03-26,2023-05-09,2023-05-09,44,0,Yes,None,2234.2,6702.6,56861.98,123174.21,Delivered
BOL001609,ONE,CEVA Logistics,Giant Tiger,Chemicals,40HC,8,Busan,New York,DDP,2023-05-12,2023-06-15,2023-06-15,34,0,Yes,None,2690.82,21526.56,116132.89,264096.56,Delivered
BOL001610,Maersk,Nippon Express,Home Depot Canada,Chemicals,40GP,4,Hong Kong,Seattle,CIF,2024-09-24,2024-11-05,2024-11-05,42,0,Yes,None,1170.56,4682.24,50292.8,319741.55,Delivered
BOL001611,Hapag-Lloyd,CEVA Logistics,Sobeys,Apparel,40HC,1,Shenzhen,Vancouver,EXW,2023-04-01,2023-05-02,2023-05-02,31,0,Yes,None,1951.36,1951.36,27582.68,273323.51,Delivered
BOL001612,ONE,Kuehne+Nagel,Aldo Group,Food Products,40RF,6,Hamburg,Vancouver,CFR,2022-07-29,2022-08-21,2022-08-21,23,0,Yes,None,3948.08,23688.48,57386.39,272519.53,Delivered
BOL001613,ONE,DSV,Empire Company,Food Products,20RF,8,Singapore,Chicago,CFR,2022-03-18,2022-04-29,2022-04-29,42,0,Yes,None,2789.59,22316.72,200762.7,79640.58,Delivered
BOL001614,MSC,Panalpina,Loblaw Companies,Food Products,20GP,4,Singapore,Toronto,CIF,2024-04-23,2024-06-06,2024-06-06,44,0,Yes,None,3831.79,15327.16,58939.78,429550.14,Delivered
BOL001615,CMA CGM,Nippon Express,Loblaw Companies,Steel Products,40RF,4,Hong Kong,Seattle,DDP,2024-09-09,2024-10-06,2024-10-06,27,0,Yes,None,4013.83,16055.32,52666.19,473002.61,Delivered
BOL001616,ONE,Expeditors,Hudson Bay,Machinery,20RF,4,Hong Kong,Montreal,DDP,2023-04-24,2023-05-14,2023-05-14,20,0,Yes,None,3429.48,13717.92,32576.87,416634.52,Delivered
BOL001617,HMM,Nippon Express,Walmart Canada,Food Products,40RF,6,Colombo,New York,DAP,2023-04-10,2023-05-05,2023-05-05,25,0,Yes,None,1055.2,6331.2,77880.41,372044.41,Delivered
BOL001618,COSCO,Nippon Express,Home Depot Canada,Machinery,45HC,5,Kaohsiung,Houston,DDP,2023-03-01,2023-04-03,2023-04-03,33,0,Yes,None,2238.47,11192.35,108622.87,179234.69,Delivered
BOL001619,Yang Ming,DSV,Home Depot Canada,Steel Products,20GP,6,Colombo,Vancouver,CFR,2023-07-03,2023-07-24,2023-07-24,21,0,Yes,None,848.57,5091.42,52295.55,91136.56,Delivered
BOL001620,Evergreen,CEVA Logistics,Empire Company,Toys,40HC,8,Singapore,Montreal,DAP,2022-07-22,2022-08-19,2022-08-19,28,0,Yes,None,2230.43,17843.44,203642.09,355564.37,Delivered
BOL001621,ONE,Sinotrans,Groupe Touchette,Electronics,40RF,4,Ningbo,Miami,CFR,2022-09-21,2022-10-13,2022-10-13,22,0,Yes,None,4393.05,17572.2,90899.85,24049.18,Delivered
BOL001622,Yang Ming,Panalpina,Loblaw Companies,Apparel,45HC,7,Rotterdam,Miami,FOB,2023-01-19,2023-02-09,2023-02-09,21,0,Yes,None,2473.95,17317.65,54821.4,375664.89,Delivered
BOL001623,HMM,Kuehne+Nagel,Canadian Tire,Steel Products,20GP,3,Busan,Chicago,CFR,2024-03-18,2024-04-16,2024-04-16,29,0,Yes,None,3735.71,11207.13,72841.8,75483.36,Delivered
BOL001624,MSC,DSV,Empire Company,Chemicals,45HC,8,Hamburg,Halifax,CIF,2023-03-04,2023-04-15,2023-04-15,42,0,Yes,None,2124.91,16999.28,176227.97,55955.8,Delivered
BOL001625,Yang Ming,DB Schenker,Empire Company,Chemicals,20RF,3,Hamburg,Chicago,DAP,2024-04-06,2024-04-27,2024-04-27,21,0,Yes,None,1581.77,4745.31,68603.62,181726.31,Delivered
BOL001626,Yang Ming,Panalpina,Shoppers Drug Mart,Steel Products,40GP,8,Kaohsiung,Houston,DDP,2024-02-11,2024-02-28,2024-02-28,17,0,Yes,None,3580.95,28647.6,109848.25,42577.34,Delivered
BOL001627,ONE,Panalpina,Shoppers Drug Mart,Electronics,45HC,5,Busan,Montreal,CIF,2022-11-20,2022-12-15,2022-12-15,25,0,Yes,None,3804.0,19020.0,59342.51,32040.79,Delivered
BOL001628,Evergreen,Nippon Express,Empire Company,Steel Products,40HC,5,Colombo,Montreal,FOB,2022-05-11,2022-06-07,2022-06-21,27,14,No,Bad Weather,4037.52,20187.6,70922.97,78934.1,Delayed
BOL001629,HMM,Kuehne+Nagel,Mountain Equipment,Auto Parts,40HC,5,Hamburg,Chicago,CIF,2023-05-09,2023-06-06,2023-06-06,28,0,Yes,None,2198.49,10992.45,109977.77,51009.1,Delivered
BOL001630,Maersk,Panalpina,Groupe Touchette,Machinery,45HC,9,Shenzhen,Los Angeles,FOB,2022-08-23,2022-09-22,2022-09-22,30,0,Yes,None,2713.12,24418.08,167056.6,165239.43,Delivered
BOL001631,Maersk,Nippon Express,Reitmans,Electronics,45HC,7,Hong Kong,Montreal,FOB,2023-08-08,2023-09-06,2023-09-06,29,0,Yes,None,1150.61,8054.27,66285.39,352198.88,Delivered
BOL001632,Yang Ming,CEVA Logistics,Best Buy Canada,Furniture,20GP,6,Hamburg,Montreal,DDP,2023-05-14,2023-06-02,2023-06-02,19,0,Yes,None,1140.77,6844.62,38959.36,122131.58,Delivered
BOL001633,ONE,CEVA Logistics,Indigo Books,Toys,20GP,10,Singapore,Los Angeles,FOB,2024-09-22,2024-10-10,2024-10-10,18,0,Yes,None,3284.14,32841.4,195098.22,166840.92,Delivered
BOL001634,Evergreen,CEVA Logistics,Canadian Tire,Electronics,40GP,4,Singapore,Los Angeles,DAP,2022-10-20,2022-11-30,2022-11-30,41,0,Yes,None,4220.64,16882.56,86376.71,192420.99,Delivered
BOL001635,ONE,Kuehne+Nagel,Empire Company,Furniture,20RF,7,Hong Kong,Toronto,CIF,2023-01-14,2023-02-09,2023-02-09,26,0,Yes,None,4034.83,28243.81,192265.9,348777.41,Delivered
BOL001636,HMM,Sinotrans,Best Buy Canada,Furniture,45HC,7,Hong Kong,Halifax,FOB,2022-07-16,2022-08-17,2022-08-17,32,0,Yes,None,2577.48,18042.36,51598.58,46940.05,Delivered
BOL001637,Evergreen,DB Schenker,Hudson Bay,Steel Products,20RF,3,Shanghai,Houston,CIF,2024-05-19,2024-06-17,2024-06-17,29,0,Yes,None,1276.28,3828.84,73848.76,146158.92,Delivered
BOL001638,Evergreen,Expeditors,Empire Company,Machinery,20GP,2,Shenzhen,Vancouver,CFR,2022-04-07,2022-05-14,2022-05-14,37,0,Yes,None,4355.26,8710.52,44001.37,381179.09,Delivered
BOL001639,Evergreen,Sinotrans,Shoppers Drug Mart,Steel Products,40GP,6,Busan,Los Angeles,EXW,2023-04-03,2023-04-23,2023-04-23,20,0,Yes,None,1471.68,8830.08,82278.88,486700.18,Delivered
BOL001640,Maersk,Sinotrans,Groupe Touchette,Furniture,40GP,9,Hamburg,Miami,EXW,2023-08-04,2023-09-08,2023-09-08,35,0,Yes,None,2278.99,20510.91,204910.62,155995.03,Delivered
BOL001641,Hapag-Lloyd,DB Schenker,Mountain Equipment,Steel Products,20GP,10,Hamburg,New York,CFR,2024-05-29,2024-06-24,2024-06-24,26,0,Yes,None,4317.8,43178.0,106928.96,377673.56,Delivered
BOL001642,ONE,Nippon Express,Loblaws,Steel Products,20GP,6,Rotterdam,Houston,FOB,2024-08-24,2024-09-21,2024-09-21,28,0,Yes,None,3346.92,20081.52,167624.48,491099.87,Delivered
BOL001643,ZIM,Sinotrans,IKEA Canada,Chemicals,40RF,9,Shenzhen,Chicago,CIF,2024-03-09,2024-04-02,2024-04-02,24,0,Yes,None,1024.14,9217.26,234637.33,214079.66,Delivered
BOL001644,HMM,Panalpina,Groupe Touchette,Food Products,40HC,7,Busan,Montreal,CIF,2024-01-30,2024-02-23,2024-02-23,24,0,Yes,None,2406.92,16848.44,86162.7,124329.37,Delivered
BOL001645,MSC,Sinotrans,Giant Tiger,Furniture,40RF,7,Hong Kong,Seattle,DDP,2023-05-27,2023-06-19,2023-06-19,23,0,Yes,None,2627.26,18390.82,130374.83,155927.01,Delivered
BOL001646,Maersk,DB Schenker,Sport Chek,Food Products,40RF,5,Busan,Halifax,FOB,2023-02-07,2023-03-07,2023-03-07,28,0,Yes,None,2320.05,11600.25,62780.22,377050.62,Delivered
BOL001647,MSC,Kuehne+Nagel,Metro Inc,Chemicals,20RF,10,Shenzhen,Miami,CIF,2023-08-30,2023-10-13,2023-10-13,44,0,Yes,None,3582.59,35825.9,224550.91,395790.61,Delivered
BOL001648,ZIM,Nippon Express,Canadian Tire,Furniture,40RF,4,Hamburg,New York,DAP,2022-07-27,2022-09-04,2022-09-04,39,0,Yes,None,3370.16,13480.64,28131.37,129973.13,Delivered
BOL001649,CMA CGM,Expeditors,Loblaws,Food Products,20RF,7,Shanghai,Montreal,DDP,2022-12-07,2022-12-21,2022-12-21,14,0,Yes,None,3813.72,26696.04,189387.06,452879.62,Delivered
BOL001650,Hapag-Lloyd,DB Schenker,Groupe Touchette,Furniture,40GP,10,Ningbo,Houston,DDP,2022-08-30,2022-09-21,2022-09-23,22,2,No,Equipment Shortage,3642.39,36423.9,230089.36,226590.57,Delivered
BOL001651,Hapag-Lloyd,DSV,Sport Chek,Electronics,40GP,4,Kaohsiung,Halifax,CIF,2024-03-06,2024-04-07,2024-04-07,32,0,Yes,None,3012.04,12048.16,62320.87,376545.09,Delivered
BOL001652,HMM,Sinotrans,Walmart Canada,Food Products,40RF,7,Hamburg,Vancouver,DAP,2024-11-01,2024-11-20,2024-11-20,19,0,Yes,None,3399.31,23795.17,96706.1,153144.5,Delivered
BOL001653,MSC,DSV,IKEA Canada,Food Products,20GP,1,Kaohsiung,Toronto,DDP,2023-04-05,2023-05-02,2023-05-02,27,0,Yes,None,1188.05,1188.05,13961.48,93206.05,Delivered
BOL001654,Hapag-Lloyd,CEVA Logistics,Empire Company,Textiles,40HC,5,Hamburg,New York,FOB,2022-03-11,2022-03-30,2022-03-30,19,0,Yes,None,1597.14,7985.7,130528.82,215438.41,Delivered
BOL001655,MSC,DSV,Walmart Canada,Apparel,20GP,7,Singapore,Montreal,DAP,2023-06-28,2023-07-17,2023-07-17,19,0,Yes,None,2626.41,18384.87,69858.13,46217.58,Delivered
BOL001656,MSC,Kuehne+Nagel,Canadian Tire,Food Products,40RF,3,Rotterdam,Miami,CFR,2022-06-20,2022-07-05,2022-07-05,15,0,Yes,None,4106.44,12319.32,17667.02,269522.05,Delivered
BOL001657,CMA CGM,Expeditors,Shoppers Drug Mart,Electronics,40GP,5,Colombo,Chicago,CIF,2022-03-23,2022-04-21,2022-04-21,29,0,Yes,None,2657.19,13285.95,110412.57,171272.04,Delivered
BOL001658,Yang Ming,Nippon Express,Shoppers Drug Mart,Electronics,20RF,2,Busan,Montreal,FOB,2022-06-02,2022-07-13,2022-07-13,41,0,Yes,None,2596.95,5193.9,53203.72,299922.36,Delivered
BOL001659,Hapag-Lloyd,DB Schenker,Walmart Canada,Toys,40GP,3,Shanghai,Los Angeles,DDP,2022-07-22,2022-08-10,2022-08-10,19,0,Yes,None,3695.96,11087.88,21745.51,344104.13,Delivered
BOL001660,HMM,Panalpina,Sobeys,Auto Parts,40GP,9,Hamburg,Vancouver,DAP,2024-12-02,2024-12-21,2024-12-21,19,0,Yes,None,2499.69,22497.21,175824.19,165385.76,Delivered
BOL001661,Hapag-Lloyd,Kuehne+Nagel,Sport Chek,Steel Products,40GP,10,Shanghai,Seattle,FOB,2024-10-02,2024-11-09,2024-11-09,38,0,Yes,None,1065.47,10654.7,177444.78,482351.98,Delivered
BOL001662,Evergreen,Sinotrans,Indigo Books,Chemicals,20GP,6,Shenzhen,Houston,FOB,2023-08-10,2023-09-03,2023-09-03,24,0,Yes,None,1850.65,11103.9,36608.15,357893.38,Delivered
BOL001663,MSC,DSV,Mountain Equipment,Electronics,40HC,6,Hamburg,Chicago,CIF,2023-01-15,2023-02-22,2023-02-22,38,0,Yes,None,2047.4,12284.4,167770.97,95995.18,Delivered
BOL001664,Yang Ming,Expeditors,Metro Inc,Steel Products,20RF,9,Hong Kong,Miami,EXW,2024-09-23,2024-10-11,2024-10-11,18,0,Yes,None,3009.68,27087.12,172011.42,265092.24,Delivered
BOL001665,ONE,DB Schenker,Empire Company,Chemicals,40RF,6,Rotterdam,New York,CFR,2022-04-30,2022-05-15,2022-05-15,15,0,Yes,None,2400.94,14405.64,78005.8,335069.94,Delivered
BOL001666,Maersk,Nippon Express,Walmart Canada,Machinery,45HC,3,Rotterdam,Houston,DAP,2023-01-13,2023-02-24,2023-02-24,42,0,Yes,None,2241.95,6725.85,24195.56,330170.97,Delivered
BOL001667,Yang Ming,Nippon Express,Canadian Tire,Furniture,40RF,5,Rotterdam,Montreal,EXW,2022-02-16,2022-03-04,2022-03-04,16,0,Yes,None,1211.56,6057.8,50585.46,493546.04,Delivered
BOL001668,CMA CGM,Nippon Express,Walmart Canada,Textiles,45HC,9,Shenzhen,Seattle,CIF,2022-07-30,2022-08-13,2022-08-14,14,1,No,Equipment Shortage,3018.17,27163.53,184169.37,494254.98,Delivered
BOL001669,COSCO,DB Schenker,Hudson Bay,Furniture,20GP,2,Busan,Los Angeles,CIF,2024-04-14,2024-05-08,2024-05-08,24,0,Yes,None,2099.35,4198.7,46466.21,89055.5,Delivered
BOL001670,Maersk,CEVA Logistics,Home Depot Canada,Electronics,40HC,3,Kaohsiung,Chicago,EXW,2023-08-05,2023-08-19,2023-08-19,14,0,Yes,None,2746.23,8238.69,39696.19,306937.89,Delivered
BOL001671,Maersk,Nippon Express,Shoppers Drug Mart,Chemicals,40GP,6,Busan,Houston,CIF,2023-07-03,2023-08-14,2023-08-14,42,0,Yes,None,4092.66,24555.96,44045.62,66576.0,Delivered
BOL001672,ONE,Nippon Express,Canadian Tire,Toys,20RF,3,Singapore,Vancouver,CFR,2022-10-26,2022-11-19,2022-11-19,24,0,Yes,None,4217.08,12651.24,15528.25,465445.65,Delivered
BOL001673,ONE,Panalpina,Home Depot Canada,Auto Parts,20RF,1,Kaohsiung,Chicago,EXW,2024-12-09,2025-01-07,2025-01-07,29,0,Yes,None,3950.5,3950.5,5545.78,157049.95,In Transit
BOL001674,Maersk,Expeditors,Metro Inc,Furniture,40HC,8,Ningbo,Montreal,FOB,2022-09-16,2022-10-06,2022-10-06,20,0,Yes,None,2855.98,22847.84,187175.61,151040.15,Delivered
BOL001675,COSCO,Kuehne+Nagel,Loblaw Companies,Steel Products,45HC,9,Busan,Seattle,FOB,2022-02-16,2022-03-26,2022-03-26,38,0,Yes,None,3177.16,28594.44,245390.01,340107.41,Delivered
BOL001676,ONE,DSV,Groupe Touchette,Toys,40RF,7,Colombo,Houston,EXW,2023-03-31,2023-05-12,2023-05-17,42,5,No,Customs Inspection,3006.17,21043.19,37212.27,409017.39,Delivered
BOL001677,ONE,Sinotrans,Aldo Group,Furniture,40RF,1,Shanghai,Chicago,CFR,2022-02-12,2022-03-15,2022-03-15,31,0,Yes,None,3886.23,3886.23,18863.09,220663.46,Delivered
BOL001678,ZIM,Panalpina,Sport Chek,Electronics,45HC,6,Singapore,Houston,FOB,2022-01-31,2022-03-10,2022-03-10,38,0,Yes,None,2355.4,14132.4,63201.8,231650.08,Delivered
BOL001679,CMA CGM,DSV,Walmart Canada,Chemicals,40GP,7,Colombo,Toronto,CIF,2022-10-22,2022-12-03,2022-12-03,42,0,Yes,None,3256.36,22794.52,46127.05,297995.49,Delivered
BOL001680,ZIM,DSV,Walmart Canada,Furniture,20RF,3,Singapore,Seattle,EXW,2023-02-03,2023-03-19,2023-03-19,44,0,Yes,None,3168.55,9505.65,73572.69,154922.87,Delivered
BOL001681,ZIM,Panalpina,Best Buy Canada,Furniture,40HC,3,Singapore,Vancouver,EXW,2023-01-13,2023-02-11,2023-02-11,29,0,Yes,None,1586.59,4759.77,50347.58,385728.26,Delivered
BOL001682,Yang Ming,Sinotrans,Groupe Touchette,Furniture,20GP,6,Kaohsiung,Toronto,DAP,2023-12-02,2023-12-31,2023-12-31,29,0,Yes,None,2777.94,16667.64,73514.89,148076.43,Delivered
BOL001683,ONE,DB Schenker,Mountain Equipment,Steel Products,45HC,1,Ningbo,Halifax,EXW,2022-01-31,2022-02-24,2022-02-24,24,0,Yes,None,1684.9,1684.9,22546.44,118595.39,Delivered
BOL001684,Yang Ming,Kuehne+Nagel,Aldo Group,Food Products,40GP,9,Ningbo,Halifax,CIF,2023-04-01,2023-04-20,2023-04-20,19,0,Yes,None,2231.44,20082.96,54540.66,19925.34,Delivered
BOL001685,COSCO,Expeditors,Mountain Equipment,Furniture,40GP,10,Rotterdam,Seattle,FOB,2024-06-25,2024-07-19,2024-07-19,24,0,Yes,None,1313.69,13136.9,80135.05,157997.39,Delivered
BOL001686,MSC,CEVA Logistics,Hudson Bay,Auto Parts,45HC,1,Shanghai,New York,CFR,2022-12-27,2023-02-04,2023-02-04,39,0,Yes,None,2266.0,2266.0,27682.66,411509.29,Delivered
BOL001687,Evergreen,Nippon Express,IKEA Canada,Chemicals,20GP,7,Busan,New York,CFR,2023-09-11,2023-10-17,2023-10-17,36,0,Yes,None,1152.31,8066.17,129191.22,62059.02,Delivered
BOL001688,CMA CGM,DSV,Sport Chek,Furniture,20GP,1,Shenzhen,Miami,EXW,2024-09-24,2024-10-13,2024-10-13,19,0,Yes,None,1480.09,1480.09,18380.65,177379.89,Delivered
BOL001689,Evergreen,Expeditors,Mountain Equipment,Electronics,40HC,10,Kaohsiung,Los Angeles,EXW,2024-10-05,2024-10-23,2024-10-23,18,0,Yes,None,1943.69,19436.9,217231.64,293889.89,Delivered
BOL001690,Evergreen,DSV,Best Buy Canada,Toys,45HC,9,Hamburg,Chicago,FOB,2022-10-07,2022-11-04,2022-11-06,28,2,No,Equipment Shortage,3643.0,32787.0,103966.81,194653.79,Delivered
BOL001691,ONE,Nippon Express,Hudson Bay,Electronics,20GP,2,Rotterdam,Miami,EXW,2023-12-24,2024-01-19,2024-01-19,26,0,Yes,None,3279.3,6558.6,54805.61,219675.02,Delivered
BOL001692,Maersk,CEVA Logistics,Home Depot Canada,Food Products,20RF,3,Hamburg,Montreal,DDP,2024-05-06,2024-05-24,2024-05-24,18,0,Yes,None,2848.96,8546.88,71674.32,327521.47,Delivered
BOL001693,ZIM,Expeditors,Shoppers Drug Mart,Food Products,20GP,7,Shanghai,Miami,CIF,2022-11-16,2022-12-08,2022-12-08,22,0,Yes,None,2570.3,17992.1,123082.21,464406.85,Delivered
BOL001694,Hapag-Lloyd,Expeditors,Indigo Books,Textiles,20GP,9,Rotterdam,Montreal,EXW,2022-10-05,2022-10-28,2022-10-28,23,0,Yes,None,2116.22,19045.98,77149.66,435812.3,Delivered
BOL001695,ONE,DB Schenker,Reitmans,Auto Parts,40GP,10,Busan,Seattle,CFR,2024-10-16,2024-11-04,2024-11-04,19,0,Yes,None,1952.81,19528.1,54961.89,24169.82,Delivered
BOL001696,Evergreen,DSV,Reitmans,Furniture,45HC,6,Rotterdam,Halifax,DAP,2023-05-14,2023-06-01,2023-06-01,18,0,Yes,None,3017.92,18107.52,116438.94,427213.79,Delivered
BOL001697,COSCO,Kuehne+Nagel,Best Buy Canada,Furniture,40RF,8,Hong Kong,New York,FOB,2022-07-31,2022-09-14,2022-09-14,45,0,Yes,None,2327.12,18616.96,144902.94,442368.48,Delivered
BOL001698,ONE,DB Schenker,Sobeys,Apparel,40HC,3,Hamburg,New York,CIF,2023-07-17,2023-08-01,2023-08-01,15,0,Yes,None,3391.22,10173.66,42111.43,100154.66,Delivered
BOL001699,ZIM,Nippon Express,Metro Inc,Food Products,40GP,8,Rotterdam,Halifax,EXW,2023-07-27,2023-08-30,2023-08-30,34,0,Yes,None,4315.67,34525.36,107239.38,202203.43,Delivered
BOL001700,Hapag-Lloyd,Panalpina,Loblaw Companies,Food Products,40GP,5,Shenzhen,Toronto,DDP,2024-11-13,2024-12-15,2024-12-15,32,0,Yes,None,3812.34,19061.7,91441.98,356997.32,Delivered
BOL001701,Maersk,Sinotrans,Giant Tiger,Food Products,20RF,7,Shenzhen,Los Angeles,CIF,2022-01-12,2022-02-21,2022-02-21,40,0,Yes,None,2009.87,14069.09,120946.93,173563.39,Delivered
BOL001702,MSC,DSV,Best Buy Canada,Furniture,40RF,1,Singapore,Los Angeles,CFR,2024-10-05,2024-10-30,2024-11-09,25,10,No,Bad Weather,3071.39,3071.39,18439.06,115600.32,Delayed
BOL001703,ONE,Nippon Express,Groupe Touchette,Toys,40GP,4,Shanghai,Chicago,DDP,2024-06-14,2024-07-21,2024-07-21,37,0,Yes,None,1883.02,7532.08,65395.35,279550.89,Delivered
BOL001704,MSC,DB Schenker,Reitmans,Machinery,40HC,1,Colombo,Los Angeles,DAP,2022-10-08,2022-11-14,2022-11-14,37,0,Yes,None,2498.14,2498.14,9683.07,328367.73,Delivered
BOL001705,ZIM,CEVA Logistics,Giant Tiger,Food Products,40GP,1,Shenzhen,Miami,DDP,2023-05-13,2023-06-08,2023-06-08,26,0,Yes,None,4227.92,4227.92,21070.49,142165.83,Delivered
BOL001706,Maersk,DB Schenker,Loblaw Companies,Apparel,40RF,3,Rotterdam,New York,FOB,2024-03-20,2024-04-15,2024-04-15,26,0,Yes,None,3940.2,11820.6,69083.81,405925.85,Delivered
BOL001707,Evergreen,Nippon Express,Indigo Books,Auto Parts,40RF,9,Singapore,Montreal,CIF,2022-02-25,2022-03-14,2022-03-14,17,0,Yes,None,1881.06,16929.54,235047.91,71985.09,Delivered
BOL001708,Yang Ming,DSV,Loblaws,Electronics,40RF,9,Shenzhen,New York,EXW,2024-02-20,2024-03-06,2024-03-06,15,0,Yes,None,3039.43,27354.87,148244.42,372632.42,Delivered
BOL001709,Hapag-Lloyd,Expeditors,Home Depot Canada,Steel Products,40HC,7,Busan,Los Angeles,EXW,2024-06-09,2024-07-01,2024-07-01,22,0,Yes,None,1835.75,12850.25,150145.96,35479.3,Delivered
BOL001710,COSCO,Expeditors,Canadian Tire,Electronics,20GP,2,Hamburg,Houston,CFR,2024-02-06,2024-02-23,2024-02-23,17,0,Yes,None,1200.64,2401.28,25262.91,201837.17,Delivered
BOL001711,COSCO,Panalpina,Costco Canada,Chemicals,20GP,1,Rotterdam,Miami,FOB,2024-12-08,2024-12-24,2024-12-24,16,0,Yes,None,1842.83,1842.83,11254.6,41298.45,Delivered
BOL001712,HMM,Panalpina,Sport Chek,Electronics,40GP,8,Busan,Toronto,FOB,2023-01-27,2023-02-16,2023-02-16,20,0,Yes,None,1948.09,15584.72,98828.26,257786.06,Delivered
BOL001713,ZIM,Expeditors,Aldo Group,Apparel,45HC,9,Shanghai,Los Angeles,DAP,2024-02-21,2024-03-24,2024-03-24,32,0,Yes,None,1770.38,15933.42,63880.57,464299.29,Delivered
BOL001714,MSC,Sinotrans,Sobeys,Steel Products,40HC,9,Rotterdam,Vancouver,CFR,2024-09-17,2024-10-07,2024-10-07,20,0,Yes,None,4233.02,38097.18,132828.7,401428.24,Delivered
BOL001715,Maersk,Panalpina,Costco Canada,Chemicals,20RF,4,Shanghai,Houston,CFR,2024-06-17,2024-07-23,2024-07-23,36,0,Yes,None,3256.78,13027.12,34704.49,42179.71,Delivered
BOL001716,Evergreen,DB Schenker,IKEA Canada,Chemicals,20GP,10,Colombo,Houston,CIF,2023-01-24,2023-02-23,2023-02-23,30,0,Yes,None,2086.78,20867.8,125244.28,355738.74,Delivered
BOL001717,MSC,Sinotrans,Loblaws,Chemicals,40GP,2,Colombo,Toronto,CFR,2023-08-02,2023-08-26,2023-08-26,24,0,Yes,None,2532.06,5064.12,45731.73,246169.14,Delivered
BOL001718,CMA CGM,Expeditors,Indigo Books,Toys,20GP,4,Ningbo,Seattle,DAP,2024-05-26,2024-07-10,2024-07-10,45,0,Yes,None,823.9,3295.6,92559.77,177076.47,Delivered
BOL001719,MSC,Nippon Express,Reitmans,Auto Parts,40RF,1,Singapore,Miami,FOB,2023-06-07,2023-07-11,2023-07-11,34,0,Yes,None,1409.04,1409.04,7892.98,263750.9,Delivered
BOL001720,ZIM,Kuehne+Nagel,Best Buy Canada,Toys,40GP,1,Ningbo,Seattle,DAP,2023-01-26,2023-02-09,2023-02-18,14,9,No,Equipment Shortage,3163.96,3163.96,22607.09,119642.54,Delayed
BOL001721,Maersk,Kuehne+Nagel,Loblaw Companies,Toys,40RF,8,Kaohsiung,Toronto,FOB,2024-10-23,2024-11-24,2024-11-24,32,0,Yes,None,3214.15,25713.2,209563.67,107225.57,Delivered
BOL001722,ZIM,Sinotrans,Best Buy Canada,Toys,40GP,4,Shanghai,Houston,DAP,2022-04-09,2022-05-02,2022-05-02,23,0,Yes,None,1892.25,7569.0,46704.6,116137.1,Delivered
BOL001723,Hapag-Lloyd,Sinotrans,Aldo Group,Electronics,40RF,10,Hamburg,Miami,CFR,2022-09-04,2022-10-18,2022-10-18,44,0,Yes,None,2407.66,24076.6,227532.57,207291.58,Delivered
BOL001724,Yang Ming,Expeditors,Giant Tiger,Chemicals,40HC,1,Singapore,Los Angeles,CIF,2024-12-09,2025-01-07,2025-01-07,29,0,Yes,None,864.62,864.62,21408.2,84646.18,In Transit
BOL001725,Hapag-Lloyd,Sinotrans,IKEA Canada,Toys,20GP,5,Shanghai,Houston,DDP,2023-01-09,2023-01-31,2023-01-31,22,0,Yes,None,1702.35,8511.75,96733.2,16509.74,Delivered
BOL001726,MSC,Sinotrans,Loblaw Companies,Food Products,40RF,10,Shenzhen,Toronto,DDP,2022-04-13,2022-05-04,2022-05-04,21,0,Yes,None,1222.87,12228.7,258810.77,171088.97,Delivered
BOL001727,HMM,Expeditors,Costco Canada,Toys,45HC,6,Hamburg,Houston,CFR,2022-01-19,2022-02-03,2022-02-03,15,0,Yes,None,2873.94,17243.64,129051.96,338018.07,Delivered
BOL001728,Yang Ming,DSV,Home Depot Canada,Toys,40GP,6,Singapore,Halifax,CFR,2023-10-15,2023-11-16,2023-11-16,32,0,Yes,None,2620.39,15722.34,42317.72,101576.61,Delivered
BOL001729,Evergreen,Sinotrans,Loblaw Companies,Apparel,45HC,7,Ningbo,Toronto,DAP,2024-02-27,2024-03-27,2024-03-27,29,0,Yes,None,3956.34,27694.38,144283.37,127631.92,Delivered
BOL001730,ZIM,CEVA Logistics,Walmart Canada,Furniture,40GP,5,Kaohsiung,Los Angeles,EXW,2024-05-16,2024-06-22,2024-06-22,37,0,Yes,None,2253.53,11267.65,63303.35,430572.6,Delivered
BOL001731,MSC,Panalpina,Reitmans,Steel Products,40RF,1,Shanghai,Houston,FOB,2022-03-12,2022-04-04,2022-04-04,23,0,Yes,None,1119.53,1119.53,20330.41,194725.26,Delivered
BOL001732,ONE,Sinotrans,Costco Canada,Food Products,20GP,7,Busan,New York,DDP,2023-07-28,2023-08-24,2023-08-24,27,0,Yes,None,4331.13,30317.91,67669.83,37939.83,Delivered
BOL001733,COSCO,CEVA Logistics,Best Buy Canada,Toys,40RF,1,Busan,Vancouver,CFR,2023-02-16,2023-03-02,2023-03-04,14,2,No,Port Congestion,2980.53,2980.53,17105.44,301642.44,Delivered
BOL001734,HMM,CEVA Logistics,IKEA Canada,Electronics,40GP,6,Kaohsiung,Los Angeles,CFR,2023-09-27,2023-10-13,2023-10-13,16,0,Yes,None,3386.38,20318.28,68457.71,174200.43,Delivered
BOL001735,MSC,Kuehne+Nagel,Indigo Books,Furniture,45HC,2,Shanghai,Montreal,CIF,2023-06-22,2023-07-20,2023-07-20,28,0,Yes,None,1697.03,3394.06,29204.27,93492.91,Delivered
BOL001736,MSC,Expeditors,Reitmans,Electronics,40RF,5,Busan,Vancouver,EXW,2023-12-16,2024-01-18,2024-01-18,33,0,Yes,None,3645.68,18228.4,122382.48,437189.32,Delivered
BOL001737,COSCO,DB Schenker,Empire Company,Steel Products,45HC,4,Ningbo,Vancouver,FOB,2023-05-16,2023-05-30,2023-05-30,14,0,Yes,None,3037.24,12148.96,76923.52,152205.8,Delivered
BOL001738,MSC,Sinotrans,Sobeys,Textiles,40RF,1,Rotterdam,Seattle,DAP,2024-05-14,2024-06-11,2024-06-19,28,8,No,Bad Weather,3602.63,3602.63,7388.45,408024.29,Delayed
BOL001739,ZIM,DB Schenker,Groupe Touchette,Food Products,20RF,9,Rotterdam,Los Angeles,CIF,2022-09-14,2022-10-11,2022-10-18,27,7,No,Equipment Shortage,4152.39,37371.51,183021.02,22041.65,Delayed
BOL001740,Yang Ming,CEVA Logistics,Hudson Bay,Chemicals,20RF,9,Rotterdam,Vancouver,CIF,2023-01-12,2023-02-22,2023-02-22,41,0,Yes,None,841.41,7572.69,189742.06,105410.95,Delivered
BOL001741,ZIM,Nippon Express,Shoppers Drug Mart,Furniture,40HC,10,Hamburg,Seattle,DAP,2024-08-07,2024-09-08,2024-09-08,32,0,Yes,None,2781.2,27812.0,81183.18,177285.22,Delivered
BOL001742,Hapag-Lloyd,Sinotrans,Best Buy Canada,Apparel,40GP,9,Shanghai,Vancouver,DAP,2024-02-18,2024-03-21,2024-03-21,32,0,Yes,None,2166.62,19499.58,198604.78,22072.0,Delivered
BOL001743,ONE,Nippon Express,Reitmans,Apparel,20RF,2,Hong Kong,Miami,CFR,2023-11-07,2023-12-21,2023-12-21,44,0,Yes,None,4327.57,8655.14,16397.46,479060.41,Delivered
BOL001744,CMA CGM,DB Schenker,Aldo Group,Machinery,45HC,1,Shanghai,Halifax,EXW,2022-06-14,2022-07-05,2022-07-19,21,14,No,Documentation Error,1007.51,1007.51,19984.23,389195.23,Delayed
BOL001745,HMM,Kuehne+Nagel,Best Buy Canada,Auto Parts,45HC,6,Shanghai,Los Angeles,FOB,2024-12-06,2025-01-17,2025-01-17,42,0,Yes,None,3165.97,18995.82,166953.69,316965.08,In Transit
BOL001746,Maersk,Panalpina,Aldo Group,Food Products,40RF,9,Ningbo,Halifax,DDP,2022-11-04,2022-12-09,2022-12-09,35,0,Yes,None,2248.27,20234.43,174491.76,251769.73,Delivered
BOL001747,CMA CGM,Expeditors,Sobeys,Electronics,40GP,7,Shanghai,Miami,FOB,2022-11-02,2022-11-27,2022-11-27,25,0,Yes,None,3037.49,21262.43,167155.21,320654.08,Delivered
BOL001748,ONE,CEVA Logistics,Empire Company,Auto Parts,40GP,7,Kaohsiung,Seattle,DAP,2022-02-10,2022-03-04,2022-03-04,22,0,Yes,None,3209.47,22466.29,103179.4,137185.56,Delivered
BOL001749,ZIM,Nippon Express,Sport Chek,Machinery,20GP,5,Hong Kong,Miami,FOB,2023-10-31,2023-12-15,2023-12-15,45,0,Yes,None,1928.78,9643.9,133794.26,480905.23,Delivered
BOL001750,COSCO,Expeditors,Metro Inc,Food Products,40HC,4,Rotterdam,Montreal,EXW,2023-03-03,2023-04-09,2023-04-09,37,0,Yes,None,1741.23,6964.92,86658.93,147536.83,Delivered
BOL001751,Yang Ming,Sinotrans,Indigo Books,Toys,40RF,4,Rotterdam,Los Angeles,CIF,2023-07-03,2023-07-29,2023-07-29,26,0,Yes,None,3247.0,12988.0,105268.27,330907.93,Delivered
BOL001752,Hapag-Lloyd,Expeditors,Indigo Books,Auto Parts,40RF,8,Colombo,Halifax,CIF,2023-09-06,2023-10-10,2023-10-10,34,0,Yes,None,2549.22,20393.76,136512.58,12241.96,Delivered
BOL001753,Maersk,Panalpina,Canadian Tire,Machinery,40RF,7,Shanghai,Houston,EXW,2023-05-31,2023-07-03,2023-07-03,33,0,Yes,None,4488.22,31417.54,146171.92,434595.09,Delivered
BOL001754,HMM,Nippon Express,Canadian Tire,Auto Parts,45HC,3,Singapore,Los Angeles,CFR,2022-03-07,2022-04-01,2022-04-01,25,0,Yes,None,3511.42,10534.26,15565.15,234363.96,Delivered
BOL001755,COSCO,DB Schenker,Indigo Books,Electronics,40GP,10,Shanghai,New York,FOB,2024-07-04,2024-08-01,2024-08-01,28,0,Yes,None,1964.51,19645.1,196035.33,461822.08,Delivered
BOL001756,CMA CGM,Expeditors,Empire Company,Textiles,40RF,3,Hong Kong,Toronto,FOB,2023-11-18,2023-12-24,2023-12-24,36,0,Yes,None,3349.77,10049.31,58885.78,156949.71,Delivered
BOL001757,ZIM,Kuehne+Nagel,Costco Canada,Steel Products,45HC,10,Busan,New York,EXW,2023-12-05,2024-01-02,2024-01-02,28,0,Yes,None,1779.85,17798.5,207269.42,339444.47,Delivered
BOL001758,ZIM,Sinotrans,Reitmans,Machinery,40HC,10,Hong Kong,Los Angeles,CIF,2022-07-25,2022-08-15,2022-08-15,21,0,Yes,None,908.01,9080.1,278564.5,91766.21,Delivered
BOL001759,ONE,DSV,Home Depot Canada,Machinery,20GP,1,Colombo,Houston,EXW,2024-02-18,2024-03-14,2024-03-14,25,0,Yes,None,2737.22,2737.22,16405.93,268979.56,Delivered
BOL001760,ONE,Nippon Express,IKEA Canada,Chemicals,40RF,2,Singapore,Houston,DDP,2024-06-02,2024-06-18,2024-06-18,16,0,Yes,None,2963.02,5926.04,24912.23,48412.31,Delivered
BOL001761,CMA CGM,Nippon Express,Shoppers Drug Mart,Apparel,20RF,2,Rotterdam,Vancouver,DDP,2022-03-06,2022-04-15,2022-04-15,40,0,Yes,None,2338.21,4676.42,19190.63,226708.31,Delivered
BOL001762,COSCO,Nippon Express,Best Buy Canada,Machinery,40RF,3,Rotterdam,Toronto,CFR,2024-02-07,2024-03-19,2024-03-19,41,0,Yes,None,3615.89,10847.67,32755.64,59736.78,Delivered
BOL001763,Evergreen,Kuehne+Nagel,Shoppers Drug Mart,Steel Products,20GP,7,Busan,Toronto,CFR,2024-03-14,2024-04-07,2024-04-07,24,0,Yes,None,2912.77,20389.39,48497.64,417806.46,Delivered
BOL001764,ZIM,DB Schenker,Best Buy Canada,Auto Parts,20GP,6,Ningbo,Miami,DDP,2024-06-11,2024-07-26,2024-07-26,45,0,Yes,None,3468.08,20808.48,143367.83,274527.92,Delivered
BOL001765,CMA CGM,Expeditors,Mountain Equipment,Electronics,20RF,9,Shenzhen,Chicago,CIF,2023-03-17,2023-04-17,2023-04-17,31,0,Yes,None,2763.19,24868.71,52965.01,256020.09,Delivered
BOL001766,CMA CGM,Nippon Express,Mountain Equipment,Toys,40RF,3,Busan,Chicago,EXW,2024-03-31,2024-05-03,2024-05-03,33,0,Yes,None,2846.02,8538.06,69194.9,126397.75,Delivered
BOL001767,Evergreen,DSV,Costco Canada,Apparel,20GP,2,Singapore,Chicago,CFR,2024-02-15,2024-03-29,2024-03-29,43,0,Yes,None,3457.84,6915.68,23469.01,21898.6,Delivered
BOL001768,ZIM,Panalpina,Best Buy Canada,Apparel,40GP,2,Kaohsiung,Seattle,DDP,2023-05-25,2023-07-05,2023-07-05,41,0,Yes,None,4080.41,8160.82,41541.1,429319.33,Delivered
BOL001769,ZIM,Kuehne+Nagel,Metro Inc,Auto Parts,20GP,8,Hong Kong,Vancouver,CIF,2022-02-02,2022-03-14,2022-03-14,40,0,Yes,None,3038.34,24306.72,111728.14,393307.04,Delivered
BOL001770,MSC,Sinotrans,IKEA Canada,Steel Products,40RF,1,Ningbo,Los Angeles,CFR,2024-05-25,2024-06-17,2024-06-17,23,0,Yes,None,3505.27,3505.27,16250.95,411847.5,Delivered
BOL001771,COSCO,Nippon Express,Walmart Canada,Toys,45HC,7,Ningbo,Halifax,DAP,2022-06-04,2022-07-08,2022-07-08,34,0,Yes,None,3678.65,25750.55,53339.24,23183.46,Delivered
BOL001772,Maersk,Sinotrans,Loblaw Companies,Furniture,20RF,2,Hong Kong,Toronto,FOB,2023-08-22,2023-09-27,2023-09-27,36,0,Yes,None,2180.69,4361.38,19038.85,134604.81,Delivered
BOL001773,CMA CGM,Sinotrans,Metro Inc,Steel Products,20RF,1,Hong Kong,Toronto,EXW,2024-12-02,2024-12-31,2024-12-31,29,0,Yes,None,4082.1,4082.1,22129.85,161742.51,Delivered
BOL001774,ZIM,DB Schenker,Home Depot Canada,Chemicals,20GP,5,Singapore,Miami,EXW,2024-07-15,2024-08-23,2024-08-23,39,0,Yes,None,831.48,4157.4,114800.18,396452.73,Delivered
BOL001775,MSC,Expeditors,Best Buy Canada,Electronics,20GP,2,Hamburg,Los Angeles,EXW,2023-05-07,2023-06-17,2023-06-17,41,0,Yes,None,4088.06,8176.12,48184.81,335865.09,Delivered
BOL001776,ONE,Expeditors,Canadian Tire,Auto Parts,20RF,5,Colombo,Los Angeles,CIF,2023-05-16,2023-06-16,2023-06-16,31,0,Yes,None,1390.83,6954.15,25336.03,125160.49,Delivered
BOL001777,ZIM,CEVA Logistics,Sport Chek,Auto Parts,40RF,7,Kaohsiung,Vancouver,DDP,2022-06-07,2022-07-15,2022-07-15,38,0,Yes,None,1622.38,11356.66,170416.47,126403.92,Delivered
BOL001778,Maersk,Kuehne+Nagel,Giant Tiger,Toys,45HC,3,Singapore,Vancouver,FOB,2024-08-12,2024-09-14,2024-09-14,33,0,Yes,None,970.84,2912.52,16596.3,73406.76,Delivered
BOL001779,COSCO,Kuehne+Nagel,Best Buy Canada,Chemicals,20GP,9,Hamburg,Toronto,FOB,2024-06-07,2024-07-06,2024-07-06,29,0,Yes,None,3900.41,35103.69,111372.69,98348.65,Delivered
BOL001780,MSC,Sinotrans,Giant Tiger,Steel Products,40HC,7,Hong Kong,Miami,CIF,2023-06-27,2023-07-30,2023-07-30,33,0,Yes,None,3040.38,21282.66,57824.66,203759.66,Delivered
BOL001781,Evergreen,Kuehne+Nagel,Sport Chek,Steel Products,40RF,2,Ningbo,Miami,EXW,2024-10-17,2024-11-05,2024-11-05,19,0,Yes,None,3345.96,6691.92,41083.56,255233.21,Delivered
BOL001782,MSC,Nippon Express,Metro Inc,Auto Parts,45HC,9,Busan,Seattle,CFR,2022-10-03,2022-11-11,2022-11-11,39,0,Yes,None,1609.41,14484.69,50228.7,188093.64,Delivered
BOL001783,CMA CGM,Expeditors,Costco Canada,Toys,40GP,5,Rotterdam,Miami,DAP,2023-08-10,2023-08-26,2023-08-26,16,0,Yes,None,3268.7,16343.5,135562.7,157943.7,Delivered
BOL001784,CMA CGM,Kuehne+Nagel,IKEA Canada,Machinery,45HC,7,Shenzhen,Houston,CFR,2022-01-02,2022-02-03,2022-02-03,32,0,Yes,None,3682.8,25779.6,145155.85,95316.74,Delivered
BOL001785,HMM,Nippon Express,Metro Inc,Food Products,45HC,5,Rotterdam,Montreal,CFR,2024-03-23,2024-05-02,2024-05-02,40,0,Yes,None,2573.03,12865.15,121797.68,200266.09,Delivered
BOL001786,Yang Ming,Panalpina,Home Depot Canada,Auto Parts,40GP,1,Kaohsiung,New York,DDP,2022-02-14,2022-03-13,2022-03-13,27,0,Yes,None,904.74,904.74,17449.53,248346.46,Delivered
BOL001787,MSC,Sinotrans,Canadian Tire,Electronics,20GP,3,Busan,Chicago,EXW,2023-01-06,2023-01-29,2023-02-11,23,13,No,Documentation Error,2585.45,7756.35,18977.93,171616.97,Delayed
BOL001788,MSC,Sinotrans,Giant Tiger,Textiles,40GP,3,Busan,Toronto,FOB,2022-10-25,2022-11-14,2022-11-14,20,0,Yes,None,2700.18,8100.54,34372.84,70797.83,Delivered
BOL001789,ZIM,Nippon Express,Aldo Group,Machinery,20RF,10,Singapore,Halifax,CFR,2022-04-20,2022-06-03,2022-06-03,44,0,Yes,None,3497.66,34976.6,242397.57,265113.48,Delivered
BOL001790,ONE,Kuehne+Nagel,Best Buy Canada,Textiles,20GP,8,Hong Kong,Miami,DDP,2022-04-27,2022-05-31,2022-06-03,34,3,No,Customs Inspection,1259.68,10077.44,91365.32,428296.98,Delivered
BOL001791,CMA CGM,Panalpina,Mountain Equipment,Steel Products,40RF,6,Busan,Vancouver,DAP,2022-01-20,2022-03-02,2022-03-02,41,0,Yes,None,2303.61,13821.66,63569.05,496645.18,Delivered
BOL001792,COSCO,Expeditors,Groupe Touchette,Apparel,45HC,2,Hamburg,Montreal,FOB,2024-07-07,2024-08-01,2024-08-01,25,0,Yes,None,2348.64,4697.28,24034.06,211155.16,Delivered
BOL001793,Yang Ming,DB Schenker,Costco Canada,Toys,40GP,1,Hamburg,Vancouver,EXW,2024-12-12,2024-12-29,2024-12-29,17,0,Yes,None,1221.17,1221.17,9765.17,413416.11,Delivered
BOL001794,HMM,CEVA Logistics,Loblaws,Textiles,40RF,4,Shenzhen,Seattle,EXW,2022-08-24,2022-10-01,2022-10-01,38,0,Yes,None,2359.89,9439.56,31089.16,420413.5,Delivered
BOL001795,COSCO,Panalpina,IKEA Canada,Chemicals,20GP,4,Singapore,Houston,CFR,2022-04-03,2022-05-06,2022-05-06,33,0,Yes,None,2562.02,10248.08,35027.48,185056.0,Delivered
BOL001796,HMM,Panalpina,Shoppers Drug Mart,Furniture,20RF,9,Singapore,New York,CIF,2024-05-12,2024-06-10,2024-06-10,29,0,Yes,None,3606.47,32458.23,70598.11,246096.25,Delivered
BOL001797,Yang Ming,Expeditors,Hudson Bay,Furniture,20RF,3,Singapore,Seattle,FOB,2022-08-05,2022-09-16,2022-09-16,42,0,Yes,None,1993.88,5981.64,75760.34,42716.74,Delivered
BOL001798,Hapag-Lloyd,Panalpina,Best Buy Canada,Chemicals,45HC,4,Busan,Montreal,CIF,2024-04-11,2024-04-27,2024-04-27,16,0,Yes,None,2914.36,11657.44,44023.05,136521.92,Delivered
BOL001799,HMM,Sinotrans,Groupe Touchette,Electronics,40GP,1,Colombo,Houston,DDP,2024-03-08,2024-04-04,2024-04-04,27,0,Yes,None,4110.6,4110.6,23422.53,302929.75,Delivered
BOL001800,HMM,Nippon Express,Best Buy Canada,Furniture,20RF,8,Colombo,Halifax,DDP,2023-09-19,2023-10-26,2023-10-26,37,0,Yes,None,1301.76,10414.08,91071.98,367396.1,Delivered
BOL001801,ZIM,CEVA Logistics,Giant Tiger,Auto Parts,20GP,7,Busan,Halifax,DAP,2024-09-17,2024-10-13,2024-10-13,26,0,Yes,None,2281.7,15971.9,45363.88,439898.96,Delivered
BOL001802,CMA CGM,Expeditors,Aldo Group,Machinery,40GP,5,Ningbo,Los Angeles,FOB,2024-09-06,2024-09-28,2024-09-28,22,0,Yes,None,4406.1,22030.5,106229.93,98327.25,Delivered
BOL001803,Hapag-Lloyd,DSV,Hudson Bay,Machinery,40RF,4,Colombo,Vancouver,EXW,2022-05-06,2022-06-15,2022-06-26,40,11,No,Customs Inspection,2405.35,9621.4,48385.79,17063.85,Delayed
BOL001804,ZIM,Kuehne+Nagel,Home Depot Canada,Food Products,40GP,5,Kaohsiung,Chicago,EXW,2023-07-09,2023-08-01,2023-08-12,23,11,No,Port Congestion,1705.21,8526.05,121230.16,190249.3,Delayed
BOL001805,Hapag-Lloyd,Kuehne+Nagel,Costco Canada,Toys,40HC,7,Singapore,Vancouver,EXW,2024-11-20,2024-12-31,2024-12-31,41,0,Yes,None,4461.87,31233.09,36298.37,403326.24,Delivered
BOL001806,COSCO,Kuehne+Nagel,Home Depot Canada,Furniture,40RF,3,Kaohsiung,Toronto,DAP,2023-01-30,2023-03-14,2023-03-14,43,0,Yes,None,1910.3,5730.9,37410.37,55735.96,Delivered
BOL001807,Evergreen,Sinotrans,Sport Chek,Toys,20RF,5,Shanghai,Los Angeles,DAP,2022-02-25,2022-03-23,2022-03-23,26,0,Yes,None,1470.58,7352.9,91459.33,495137.52,Delivered
BOL001808,COSCO,Expeditors,Walmart Canada,Auto Parts,40HC,4,Shenzhen,Vancouver,CFR,2024-05-17,2024-06-11,2024-06-11,25,0,Yes,None,1657.34,6629.36,55302.55,288653.76,Delivered
BOL001809,Yang Ming,Expeditors,Empire Company,Auto Parts,40GP,5,Busan,Chicago,CIF,2023-09-18,2023-10-10,2023-10-10,22,0,Yes,None,808.14,4040.7,73833.58,97060.59,Delivered
BOL001810,Yang Ming,DSV,Hudson Bay,Chemicals,20GP,9,Shanghai,Montreal,EXW,2023-05-03,2023-06-02,2023-06-02,30,0,Yes,None,2210.62,19895.58,231823.68,134656.89,Delivered
BOL001811,ONE,Panalpina,Metro Inc,Furniture,20RF,6,Shanghai,Halifax,CFR,2023-05-26,2023-06-20,2023-06-27,25,7,No,Customs Inspection,2071.04,12426.24,92067.82,110059.19,Delayed
BOL001812,ONE,Kuehne+Nagel,Aldo Group,Auto Parts,20GP,4,Rotterdam,Chicago,EXW,2023-07-12,2023-08-25,2023-08-25,44,0,Yes,None,2906.48,11625.92,94213.51,306474.08,Delivered
BOL001813,ONE,Nippon Express,Reitmans,Machinery,45HC,2,Kaohsiung,Halifax,CIF,2024-08-21,2024-09-29,2024-09-29,39,0,Yes,None,3769.5,7539.0,34059.55,12219.81,Delivered
BOL001814,COSCO,Nippon Express,Loblaws,Steel Products,20RF,7,Hamburg,Halifax,CFR,2023-03-11,2023-04-11,2023-04-11,31,0,Yes,None,3267.76,22874.32,118131.51,222482.76,Delivered
BOL001815,Hapag-Lloyd,Kuehne+Nagel,Home Depot Canada,Steel Products,40RF,1,Shanghai,Vancouver,DAP,2022-02-03,2022-03-15,2022-03-15,40,0,Yes,None,4027.08,4027.08,24930.35,222282.83,Delivered
BOL001816,ONE,Kuehne+Nagel,Shoppers Drug Mart,Electronics,40RF,8,Rotterdam,Miami,DDP,2022-02-23,2022-03-22,2022-03-22,27,0,Yes,None,1179.73,9437.84,112162.77,416341.95,Delivered
BOL001817,Hapag-Lloyd,Sinotrans,Aldo Group,Auto Parts,45HC,8,Ningbo,New York,EXW,2024-10-31,2024-12-11,2024-12-11,41,0,Yes,None,3250.09,26000.72,87979.74,444541.03,Delivered
BOL001818,HMM,DSV,Shoppers Drug Mart,Auto Parts,40HC,6,Rotterdam,Miami,DAP,2024-11-25,2024-12-29,2024-12-29,34,0,Yes,None,3610.03,21660.18,32296.16,174210.63,Delivered
BOL001819,CMA CGM,DSV,Best Buy Canada,Chemicals,40HC,3,Colombo,Halifax,DAP,2022-04-04,2022-04-26,2022-04-26,22,0,Yes,None,3743.0,11229.0,44989.71,241098.14,Delivered
BOL001820,Yang Ming,Sinotrans,Home Depot Canada,Machinery,40RF,4,Rotterdam,Los Angeles,CFR,2022-03-10,2022-04-01,2022-04-01,22,0,Yes,None,2793.99,11175.96,100158.98,499506.06,Delivered
BOL001821,COSCO,Kuehne+Nagel,Walmart Canada,Chemicals,40RF,7,Busan,Houston,CIF,2023-05-26,2023-06-27,2023-06-27,32,0,Yes,None,3979.97,27859.79,174775.75,338874.86,Delivered
BOL001822,Maersk,Panalpina,Metro Inc,Machinery,45HC,9,Kaohsiung,New York,DDP,2022-02-14,2022-03-05,2022-03-05,19,0,Yes,None,2938.99,26450.91,169424.01,51188.99,Delivered
BOL001823,Evergreen,DSV,Loblaws,Food Products,45HC,8,Ningbo,Toronto,CIF,2022-10-29,2022-12-13,2022-12-13,45,0,Yes,None,980.46,7843.68,79787.22,170498.47,Delivered
BOL001824,MSC,Expeditors,Loblaw Companies,Textiles,45HC,9,Busan,New York,FOB,2023-07-31,2023-08-27,2023-08-27,27,0,Yes,None,3689.27,33203.43,123146.63,371987.27,Delivered
BOL001825,ZIM,Nippon Express,Mountain Equipment,Machinery,20GP,8,Busan,Vancouver,EXW,2023-04-01,2023-05-08,2023-05-08,37,0,Yes,None,3442.04,27536.32,176672.37,33430.41,Delivered
BOL001826,HMM,Nippon Express,Sobeys,Textiles,40GP,7,Shanghai,Montreal,CFR,2024-08-03,2024-09-13,2024-09-13,41,0,Yes,None,1706.51,11945.57,98178.54,273709.56,Delivered
BOL001827,CMA CGM,Nippon Express,Costco Canada,Steel Products,20RF,5,Colombo,Houston,EXW,2023-06-27,2023-08-11,2023-08-11,45,0,Yes,None,3331.31,16656.55,99757.27,471065.01,Delivered
BOL001828,Hapag-Lloyd,Sinotrans,Sobeys,Furniture,20GP,4,Singapore,Toronto,FOB,2024-07-30,2024-08-29,2024-08-29,30,0,Yes,None,2561.93,10247.72,62847.25,283210.6,Delivered
BOL001829,Evergreen,CEVA Logistics,Groupe Touchette,Electronics,45HC,6,Hamburg,New York,CFR,2024-08-14,2024-09-19,2024-09-19,36,0,Yes,None,1538.97,9233.82,42180.83,165374.13,Delivered
BOL001830,Evergreen,Panalpina,Loblaws,Machinery,40RF,1,Colombo,Los Angeles,DDP,2022-03-08,2022-03-24,2022-03-24,16,0,Yes,None,3746.34,3746.34,13569.82,184963.49,Delivered
BOL001831,Yang Ming,CEVA Logistics,Walmart Canada,Electronics,40HC,4,Ningbo,Miami,DDP,2023-05-16,2023-06-20,2023-06-20,35,0,Yes,None,2065.24,8260.96,36586.99,108139.56,Delivered
BOL001832,Yang Ming,Sinotrans,Aldo Group,Apparel,20RF,2,Kaohsiung,Houston,FOB,2023-06-17,2023-07-30,2023-07-30,43,0,Yes,None,1059.52,2119.04,43838.16,409317.05,Delivered
BOL001833,Yang Ming,Nippon Express,Empire Company,Apparel,40RF,6,Singapore,Miami,EXW,2023-10-06,2023-10-25,2023-10-25,19,0,Yes,None,2658.81,15952.86,133344.86,229432.79,Delivered
BOL001834,Yang Ming,DB Schenker,Sport Chek,Food Products,40RF,7,Hamburg,Halifax,DDP,2024-07-07,2024-08-17,2024-08-17,41,0,Yes,None,2691.15,18838.05,142697.66,147525.43,Delivered
BOL001835,Hapag-Lloyd,Expeditors,IKEA Canada,Furniture,45HC,6,Kaohsiung,Vancouver,DDP,2022-02-02,2022-03-11,2022-03-11,37,0,Yes,None,4418.42,26510.52,110891.03,18220.17,Delivered
BOL001836,HMM,DB Schenker,Hudson Bay,Textiles,45HC,7,Hamburg,New York,DAP,2022-01-08,2022-02-02,2022-02-02,25,0,Yes,None,4160.59,29124.13,172713.83,164617.41,Delivered
BOL001837,Evergreen,Kuehne+Nagel,Groupe Touchette,Auto Parts,40GP,2,Singapore,Seattle,CFR,2022-05-18,2022-06-17,2022-06-17,30,0,Yes,None,2768.16,5536.32,27300.44,161080.23,Delivered
BOL001838,Evergreen,DSV,Loblaws,Chemicals,40HC,3,Ningbo,Toronto,CFR,2023-06-03,2023-07-16,2023-07-16,43,0,Yes,None,1766.26,5298.78,35647.03,158198.33,Delivered
BOL001839,MSC,Sinotrans,Indigo Books,Textiles,40RF,3,Busan,Houston,DDP,2022-07-31,2022-08-15,2022-08-15,15,0,Yes,None,4190.4,12571.2,30589.18,257228.67,Delivered
BOL001840,CMA CGM,Expeditors,Mountain Equipment,Chemicals,40GP,2,Busan,Toronto,CFR,2023-09-28,2023-11-12,2023-11-12,45,0,Yes,None,4386.69,8773.38,52258.97,47413.88,Delivered
BOL001841,CMA CGM,Panalpina,Reitmans,Apparel,20GP,6,Colombo,Houston,DAP,2023-07-02,2023-08-11,2023-08-11,40,0,Yes,None,1577.14,9462.84,115836.11,268341.82,Delivered
BOL001842,ONE,Nippon Express,Sport Chek,Textiles,40HC,2,Rotterdam,Houston,FOB,2023-12-05,2023-12-22,2023-12-22,17,0,Yes,None,4191.69,8383.38,54671.78,281460.28,Delivered
BOL001843,Maersk,Kuehne+Nagel,Reitmans,Electronics,20GP,10,Shenzhen,Montreal,CIF,2023-12-08,2024-01-02,2024-01-02,25,0,Yes,None,1615.26,16152.6,172473.5,477751.02,Delivered
BOL001844,ONE,CEVA Logistics,IKEA Canada,Steel Products,40RF,10,Shenzhen,Halifax,DAP,2023-06-13,2023-07-21,2023-07-21,38,0,Yes,None,4433.51,44335.1,89801.36,458216.67,Delivered
BOL001845,MSC,Panalpina,Home Depot Canada,Auto Parts,40GP,8,Singapore,Miami,CIF,2022-07-28,2022-08-22,2022-08-22,25,0,Yes,None,4147.03,33176.24,94315.33,495171.66,Delivered
BOL001846,ZIM,Kuehne+Nagel,Home Depot Canada,Toys,20GP,6,Singapore,Toronto,CFR,2023-12-31,2024-02-06,2024-02-06,37,0,Yes,None,1626.79,9760.74,56193.68,406149.0,Delivered
BOL001847,Hapag-Lloyd,DB Schenker,Best Buy Canada,Chemicals,40HC,6,Rotterdam,New York,EXW,2022-04-08,2022-05-18,2022-05-18,40,0,Yes,None,1983.14,11898.84,86135.26,421311.0,Delivered
BOL001848,Maersk,Sinotrans,Sport Chek,Food Products,40HC,6,Kaohsiung,Vancouver,FOB,2022-07-21,2022-08-13,2022-08-20,23,7,No,Documentation Error,1364.99,8189.94,87542.69,345373.6,Delayed
BOL001849,COSCO,DB Schenker,Metro Inc,Furniture,40RF,9,Shenzhen,Miami,DAP,2022-07-11,2022-07-26,2022-07-26,15,0,Yes,None,3154.86,28393.74,78127.72,132528.77,Delivered
BOL001850,CMA CGM,DSV,Costco Canada,Electronics,40HC,7,Kaohsiung,Miami,CFR,2022-11-08,2022-11-27,2022-11-27,19,0,Yes,None,1430.85,10015.95,160928.39,419472.48,Delivered
BOL001851,CMA CGM,CEVA Logistics,Giant Tiger,Furniture,40HC,10,Hong Kong,Seattle,CFR,2024-10-13,2024-11-01,2024-11-01,19,0,Yes,None,1652.46,16524.6,202271.21,320730.97,Delivered
BOL001852,Hapag-Lloyd,Kuehne+Nagel,Giant Tiger,Auto Parts,40RF,8,Hamburg,Los Angeles,CFR,2023-02-17,2023-03-13,2023-03-13,24,0,Yes,None,4177.62,33420.96,89188.97,176404.15,Delivered
BOL001853,COSCO,CEVA Logistics,Sport Chek,Food Products,40GP,1,Shanghai,Los Angeles,FOB,2022-10-24,2022-11-29,2022-11-29,36,0,Yes,None,2025.38,2025.38,27904.54,443446.17,Delivered
BOL001854,ZIM,Panalpina,Aldo Group,Food Products,40GP,5,Hamburg,Chicago,DDP,2023-08-13,2023-08-28,2023-08-28,15,0,Yes,None,847.34,4236.7,115065.2,425127.2,Delivered
BOL001855,Evergreen,Panalpina,Sport Chek,Electronics,40RF,9,Rotterdam,Chicago,FOB,2022-03-27,2022-04-11,2022-04-11,15,0,Yes,None,4396.59,39569.31,165975.7,171936.19,Delivered
BOL001856,Yang Ming,Kuehne+Nagel,IKEA Canada,Steel Products,20RF,9,Rotterdam,Houston,CFR,2023-12-27,2024-02-06,2024-02-06,41,0,Yes,None,2620.91,23588.19,150292.44,260120.7,Delivered
BOL001857,Evergreen,DSV,Walmart Canada,Textiles,40RF,3,Shenzhen,Vancouver,DAP,2023-02-26,2023-04-05,2023-04-16,38,11,No,Equipment Shortage,4074.68,12224.04,24525.59,299873.31,Delayed
BOL001858,Hapag-Lloyd,Expeditors,Shoppers Drug Mart,Textiles,20GP,10,Hong Kong,Vancouver,CFR,2024-09-14,2024-10-15,2024-10-15,31,0,Yes,None,3076.98,30769.8,99293.38,18171.4,Delivered
BOL001859,Hapag-Lloyd,Expeditors,Reitmans,Toys,40RF,2,Hong Kong,New York,CIF,2022-12-12,2023-01-13,2023-01-13,32,0,Yes,None,1760.58,3521.16,47208.44,368227.73,Delivered
BOL001860,Maersk,Sinotrans,Metro Inc,Textiles,40GP,1,Rotterdam,Seattle,EXW,2024-01-05,2024-01-24,2024-01-24,19,0,Yes,None,3834.27,3834.27,12621.77,118320.71,Delivered
BOL001861,CMA CGM,CEVA Logistics,Reitmans,Textiles,45HC,3,Colombo,Los Angeles,CIF,2024-12-18,2025-01-27,2025-01-27,40,0,Yes,None,2994.1,8982.3,26509.13,389406.2,In Transit
BOL001862,Yang Ming,CEVA Logistics,Sobeys,Toys,40GP,1,Colombo,Chicago,DAP,2022-08-15,2022-09-11,2022-09-11,27,0,Yes,None,2416.12,2416.12,16728.92,177995.54,Delivered
BOL001863,ONE,Panalpina,IKEA Canada,Furniture,40GP,8,Kaohsiung,Seattle,FOB,2024-03-28,2024-04-28,2024-04-28,31,0,Yes,None,4402.19,35217.52,175068.15,291520.74,Delivered
BOL001864,Hapag-Lloyd,DSV,Giant Tiger,Textiles,40HC,6,Kaohsiung,Seattle,DDP,2023-02-15,2023-03-06,2023-03-06,19,0,Yes,None,3018.89,18113.34,51892.42,256443.72,Delivered
BOL001865,MSC,Nippon Express,Aldo Group,Apparel,20RF,7,Hamburg,Houston,CFR,2022-06-28,2022-07-16,2022-07-16,18,0,Yes,None,3330.45,23313.15,193224.4,86680.24,Delivered
BOL001866,MSC,Sinotrans,Giant Tiger,Steel Products,20RF,7,Rotterdam,Chicago,DAP,2024-05-19,2024-06-18,2024-06-18,30,0,Yes,None,2115.69,14809.83,86245.26,386076.54,Delivered
BOL001867,Evergreen,Nippon Express,Shoppers Drug Mart,Electronics,20RF,4,Shenzhen,Miami,FOB,2023-05-02,2023-05-16,2023-05-16,14,0,Yes,None,2098.56,8394.24,66397.15,100005.88,Delivered
BOL001868,CMA CGM,CEVA Logistics,Indigo Books,Toys,40GP,9,Singapore,Halifax,DAP,2022-11-14,2022-12-09,2022-12-09,25,0,Yes,None,1838.83,16549.47,157080.19,375102.7,Delivered
BOL001869,Evergreen,CEVA Logistics,Reitmans,Auto Parts,20GP,2,Singapore,Toronto,EXW,2024-11-30,2024-12-30,2024-12-30,30,0,Yes,None,3776.52,7553.04,50215.26,485705.86,Delivered
BOL001870,ONE,Sinotrans,Loblaws,Chemicals,40RF,4,Hamburg,Vancouver,EXW,2022-05-28,2022-07-02,2022-07-02,35,0,Yes,None,2186.49,8745.96,101065.27,205574.64,Delivered
BOL001871,ZIM,Expeditors,Shoppers Drug Mart,Furniture,45HC,1,Rotterdam,Los Angeles,FOB,2022-02-02,2022-03-10,2022-03-10,36,0,Yes,None,3075.7,3075.7,15060.62,429338.11,Delivered
BOL001872,ZIM,CEVA Logistics,Mountain Equipment,Furniture,20GP,10,Hong Kong,Miami,CFR,2024-03-20,2024-04-22,2024-04-22,33,0,Yes,None,3356.23,33562.3,213437.39,412295.71,Delivered
BOL001873,Evergreen,Nippon Express,Sobeys,Electronics,40HC,6,Busan,Montreal,DDP,2022-12-16,2023-01-04,2023-01-04,19,0,Yes,None,3473.82,20842.92,147271.23,328013.9,Delivered
BOL001874,ZIM,Sinotrans,Empire Company,Textiles,40GP,7,Hong Kong,Miami,EXW,2023-11-28,2024-01-01,2024-01-01,34,0,Yes,None,1474.85,10323.95,76831.28,471772.59,Delivered
BOL001875,MSC,Nippon Express,Home Depot Canada,Steel Products,20GP,8,Kaohsiung,Halifax,CFR,2022-01-06,2022-02-17,2022-02-17,42,0,Yes,None,3871.5,30972.0,55122.24,392825.54,Delivered
BOL001876,Evergreen,DB Schenker,Loblaws,Apparel,20RF,5,Ningbo,Houston,DAP,2024-09-16,2024-10-23,2024-10-23,37,0,Yes,None,1906.06,9530.3,116248.53,305967.51,Delivered
BOL001877,HMM,Panalpina,Walmart Canada,Electronics,40HC,10,Rotterdam,Houston,DAP,2024-11-30,2024-12-29,2024-12-29,29,0,Yes,None,2560.71,25607.1,151194.2,222842.8,Delivered
BOL001878,ZIM,Sinotrans,Shoppers Drug Mart,Toys,40RF,4,Rotterdam,Montreal,FOB,2023-10-30,2023-12-02,2023-12-02,33,0,Yes,None,3162.99,12651.96,48144.42,492155.35,Delivered
BOL001879,Hapag-Lloyd,Panalpina,Costco Canada,Apparel,20RF,5,Rotterdam,New York,EXW,2022-12-24,2023-01-16,2023-01-16,23,0,Yes,None,3640.42,18202.1,123738.51,36346.41,Delivered
BOL001880,HMM,DSV,Home Depot Canada,Machinery,20GP,2,Busan,Chicago,CIF,2024-08-07,2024-09-19,2024-09-21,43,2,No,Port Congestion,4314.06,8628.12,39598.65,236548.39,Delivered
BOL001881,Hapag-Lloyd,Sinotrans,Best Buy Canada,Toys,40HC,8,Busan,Houston,EXW,2024-09-17,2024-10-09,2024-10-09,22,0,Yes,None,4359.12,34872.96,101965.03,134735.56,Delivered
BOL001882,ONE,CEVA Logistics,Reitmans,Chemicals,45HC,4,Ningbo,Montreal,EXW,2024-12-29,2025-02-02,2025-02-02,35,0,Yes,None,3092.43,12369.72,48894.79,126515.76,In Transit
BOL001883,COSCO,Expeditors,Best Buy Canada,Machinery,45HC,6,Shanghai,Los Angeles,DDP,2023-12-06,2024-01-20,2024-01-20,45,0,Yes,None,4233.47,25400.82,43485.51,210304.24,Delivered
BOL001884,HMM,DSV,Best Buy Canada,Toys,40RF,5,Singapore,Miami,DDP,2024-04-20,2024-05-14,2024-05-14,24,0,Yes,None,2442.95,12214.75,59567.05,237856.87,Delivered
BOL001885,ONE,Nippon Express,Costco Canada,Electronics,40RF,4,Hong Kong,Halifax,CFR,2024-10-06,2024-11-20,2024-11-20,45,0,Yes,None,4404.52,17618.08,31452.67,181156.74,Delivered
BOL001886,MSC,CEVA Logistics,Aldo Group,Toys,20GP,2,Shenzhen,Toronto,EXW,2023-08-04,2023-09-10,2023-09-10,37,0,Yes,None,2507.47,5014.94,18784.32,414076.36,Delivered
BOL001887,Yang Ming,Panalpina,Metro Inc,Steel Products,45HC,8,Hamburg,Montreal,CIF,2022-03-22,2022-04-11,2022-04-11,20,0,Yes,None,2919.28,23354.24,158901.86,291565.78,Delivered
BOL001888,ZIM,Panalpina,IKEA Canada,Food Products,20GP,6,Kaohsiung,Miami,DDP,2023-10-05,2023-10-25,2023-11-01,20,7,No,Customs Inspection,2939.71,17638.26,137721.9,335645.41,Delayed
BOL001889,CMA CGM,Expeditors,Reitmans,Furniture,40RF,6,Shanghai,Seattle,CFR,2023-02-10,2023-03-23,2023-03-31,41,8,No,Bad Weather,3401.95,20411.7,112019.8,32282.97,Delayed
BOL001890,HMM,Nippon Express,Hudson Bay,Toys,40HC,2,Busan,Toronto,EXW,2023-07-08,2023-07-27,2023-07-27,19,0,Yes,None,3587.14,7174.28,38156.22,46461.22,Delivered
BOL001891,MSC,Expeditors,Walmart Canada,Machinery,40RF,4,Rotterdam,Seattle,CFR,2023-09-27,2023-10-25,2023-10-25,28,0,Yes,None,1960.5,7842.0,85528.61,366318.19,Delivered
BOL001892,CMA CGM,DB Schenker,Metro Inc,Food Products,40RF,4,Hong Kong,Montreal,FOB,2022-01-23,2022-02-09,2022-02-09,17,0,Yes,None,3776.99,15107.96,91224.51,224106.93,Delivered
BOL001893,COSCO,Kuehne+Nagel,Indigo Books,Textiles,40RF,8,Shenzhen,Los Angeles,DAP,2023-12-03,2023-12-28,2023-12-28,25,0,Yes,None,3796.18,30369.44,214059.54,356695.58,Delivered
BOL001894,MSC,DB Schenker,Sobeys,Apparel,40GP,3,Ningbo,Miami,CFR,2022-07-01,2022-07-23,2022-07-23,22,0,Yes,None,1079.57,3238.71,58236.99,91531.72,Delivered
BOL001895,ONE,Kuehne+Nagel,Empire Company,Chemicals,45HC,5,Busan,Los Angeles,EXW,2023-11-14,2023-12-17,2023-12-24,33,7,No,Bad Weather,3127.95,15639.75,56377.56,458209.64,Delayed
BOL001896,ONE,Kuehne+Nagel,Costco Canada,Furniture,20RF,6,Colombo,Toronto,FOB,2022-08-13,2022-09-02,2022-09-02,20,0,Yes,None,1115.71,6694.26,82722.42,230571.27,Delivered
BOL001897,Hapag-Lloyd,DB Schenker,Loblaw Companies,Food Products,20RF,5,Hamburg,Vancouver,DDP,2023-03-20,2023-05-01,2023-05-15,42,14,No,Equipment Shortage,3687.19,18435.95,86761.65,449926.38,Delayed
BOL001898,CMA CGM,Expeditors,Reitmans,Toys,40GP,4,Shenzhen,Vancouver,CIF,2022-02-27,2022-03-17,2022-03-17,18,0,Yes,None,1698.86,6795.44,44560.59,39235.86,Delivered
BOL001899,Yang Ming,Expeditors,Best Buy Canada,Toys,45HC,7,Kaohsiung,Toronto,DAP,2024-03-08,2024-03-22,2024-03-22,14,0,Yes,None,4204.5,29431.5,110462.77,246623.25,Delivered
BOL001900,CMA CGM,CEVA Logistics,Loblaw Companies,Apparel,40HC,1,Shenzhen,Miami,DAP,2024-08-10,2024-09-17,2024-09-17,38,0,Yes,None,2587.78,2587.78,20046.73,347631.01,Delivered
BOL001901,Yang Ming,Sinotrans,Shoppers Drug Mart,Machinery,40HC,2,Busan,Los Angeles,DDP,2023-08-01,2023-09-09,2023-09-09,39,0,Yes,None,2653.71,5307.42,47440.43,118961.47,Delivered
BOL001902,Maersk,CEVA Logistics,Groupe Touchette,Food Products,20RF,10,Busan,Halifax,EXW,2023-06-10,2023-07-21,2023-07-21,41,0,Yes,None,1108.26,11082.6,58511.14,361782.78,Delivered
BOL001903,MSC,Kuehne+Nagel,Groupe Touchette,Chemicals,40HC,2,Shenzhen,Montreal,CFR,2024-09-23,2024-10-07,2024-10-07,14,0,Yes,None,3409.12,6818.24,37424.42,344511.75,Delivered
BOL001904,MSC,DB Schenker,Sport Chek,Steel Products,45HC,8,Hong Kong,New York,CIF,2023-01-20,2023-02-28,2023-02-28,39,0,Yes,None,4331.59,34652.72,125076.36,95824.25,Delivered
BOL001905,COSCO,CEVA Logistics,Loblaws,Toys,40GP,3,Shanghai,Montreal,EXW,2023-11-30,2023-12-24,2023-12-24,24,0,Yes,None,1218.4,3655.2,54425.69,465318.9,Delivered
BOL001906,Maersk,Expeditors,Giant Tiger,Food Products,40HC,9,Kaohsiung,Vancouver,EXW,2022-10-17,2022-11-14,2022-11-14,28,0,Yes,None,1653.92,14885.28,149221.51,156040.84,Delivered
BOL001907,CMA CGM,Kuehne+Nagel,Canadian Tire,Apparel,40HC,7,Shenzhen,Toronto,EXW,2023-10-31,2023-11-19,2023-11-19,19,0,Yes,None,2923.47,20464.29,159209.62,355949.03,Delivered
BOL001908,Maersk,Nippon Express,Aldo Group,Auto Parts,40HC,6,Kaohsiung,Halifax,EXW,2022-11-05,2022-12-04,2022-12-04,29,0,Yes,None,2698.94,16193.64,117600.47,356201.51,Delivered
BOL001909,Hapag-Lloyd,Sinotrans,Loblaws,Apparel,45HC,1,Shanghai,Halifax,CIF,2022-07-24,2022-09-07,2022-09-07,45,0,Yes,None,1511.31,1511.31,12944.19,255155.34,Delivered
BOL001910,ZIM,Kuehne+Nagel,Loblaws,Food Products,20RF,4,Busan,New York,CFR,2022-01-10,2022-02-14,2022-02-16,35,2,No,Bad Weather,3614.83,14459.32,78070.1,299392.36,Delivered
BOL001911,HMM,Kuehne+Nagel,IKEA Canada,Toys,40RF,7,Singapore,Houston,DDP,2024-07-17,2024-08-25,2024-08-25,39,0,Yes,None,3973.52,27814.64,36511.78,147109.51,Delivered
BOL001912,ZIM,CEVA Logistics,Best Buy Canada,Machinery,40GP,5,Hamburg,Houston,EXW,2024-08-25,2024-09-23,2024-09-23,29,0,Yes,None,2946.53,14732.65,73322.87,416071.43,Delivered
BOL001913,COSCO,CEVA Logistics,Sport Chek,Apparel,20GP,10,Busan,Vancouver,EXW,2023-09-11,2023-10-12,2023-10-12,31,0,Yes,None,1922.84,19228.4,250846.55,225006.67,Delivered
BOL001914,ZIM,Kuehne+Nagel,Best Buy Canada,Food Products,45HC,10,Kaohsiung,Chicago,FOB,2023-11-30,2024-01-01,2024-01-01,32,0,Yes,None,3683.97,36839.7,184245.51,470255.63,Delivered
BOL001915,CMA CGM,DB Schenker,Giant Tiger,Textiles,40HC,8,Hong Kong,Seattle,CFR,2022-04-15,2022-05-29,2022-05-29,44,0,Yes,None,2139.61,17116.88,163944.41,182035.71,Delivered
BOL001916,Maersk,Sinotrans,Loblaws,Steel Products,40HC,9,Busan,Halifax,CFR,2022-12-07,2023-01-14,2023-01-14,38,0,Yes,None,2050.06,18450.54,240257.58,343347.12,Delivered
BOL001917,Evergreen,Nippon Express,Indigo Books,Textiles,45HC,7,Rotterdam,Vancouver,CIF,2024-12-18,2025-01-23,2025-01-23,36,0,Yes,None,3477.19,24340.33,152355.13,99178.19,In Transit
BOL001918,HMM,Expeditors,Sport Chek,Food Products,45HC,8,Busan,Halifax,CIF,2022-03-11,2022-04-22,2022-04-22,42,0,Yes,None,3005.73,24045.84,126183.28,380865.73,Delivered
BOL001919,ONE,Sinotrans,Reitmans,Apparel,40RF,8,Hamburg,New York,CIF,2024-10-14,2024-11-26,2024-11-26,43,0,Yes,None,1058.11,8464.88,184499.72,37035.32,Delivered
BOL001920,Evergreen,CEVA Logistics,IKEA Canada,Auto Parts,45HC,9,Busan,Los Angeles,DDP,2022-12-20,2023-01-14,2023-01-14,25,0,Yes,None,4377.29,39395.61,180203.72,92283.34,Delivered
BOL001921,HMM,CEVA Logistics,IKEA Canada,Machinery,40GP,5,Shanghai,Miami,DDP,2022-10-21,2022-11-17,2022-11-17,27,0,Yes,None,1835.72,9178.6,27594.13,206556.43,Delivered
BOL001922,MSC,Expeditors,Shoppers Drug Mart,Furniture,40HC,8,Kaohsiung,Chicago,CFR,2024-03-27,2024-05-02,2024-05-02,36,0,Yes,None,2789.44,22315.52,112088.95,391478.72,Delivered
BOL001923,ONE,CEVA Logistics,Best Buy Canada,Auto Parts,40HC,5,Colombo,Seattle,FOB,2024-09-14,2024-10-01,2024-10-01,17,0,Yes,None,2764.93,13824.65,120223.22,174802.56,Delivered
BOL001924,Hapag-Lloyd,CEVA Logistics,Shoppers Drug Mart,Furniture,40HC,3,Hamburg,Miami,EXW,2023-06-09,2023-07-03,2023-07-03,24,0,Yes,None,2758.81,8276.43,15445.84,131314.83,Delivered
BOL001925,CMA CGM,Nippon Express,Home Depot Canada,Apparel,45HC,9,Kaohsiung,Los Angeles,CIF,2024-09-09,2024-10-20,2024-10-20,41,0,Yes,None,2268.48,20416.32,185498.26,30601.18,Delivered
BOL001926,COSCO,Nippon Express,Metro Inc,Toys,20RF,7,Kaohsiung,Los Angeles,CFR,2022-03-12,2022-03-31,2022-04-10,19,10,No,Bad Weather,4368.49,30579.43,183523.09,476196.05,Delayed
BOL001927,CMA CGM,Sinotrans,Sobeys,Steel Products,40RF,2,Hong Kong,Miami,FOB,2022-11-23,2023-01-07,2023-01-07,45,0,Yes,None,1730.91,3461.82,17245.25,161760.44,Delivered
BOL001928,Maersk,DB Schenker,Canadian Tire,Chemicals,40GP,4,Hamburg,Toronto,FOB,2023-09-27,2023-10-30,2023-10-30,33,0,Yes,None,3612.89,14451.56,69854.98,258213.62,Delivered
BOL001929,ZIM,DSV,Mountain Equipment,Chemicals,20GP,3,Shanghai,Vancouver,EXW,2024-12-15,2025-01-29,2025-01-29,45,0,Yes,None,4274.29,12822.87,25152.63,88013.34,In Transit
BOL001930,Yang Ming,CEVA Logistics,Shoppers Drug Mart,Furniture,20RF,3,Singapore,Miami,DAP,2022-05-17,2022-06-25,2022-06-25,39,0,Yes,None,3236.63,9709.89,63036.15,37221.28,Delivered
BOL001931,Maersk,DSV,Shoppers Drug Mart,Toys,40RF,10,Busan,Miami,CFR,2022-07-20,2022-08-25,2022-08-25,36,0,Yes,None,2455.07,24550.7,113428.23,414365.96,Delivered
BOL001932,Yang Ming,Sinotrans,Walmart Canada,Textiles,40HC,9,Colombo,New York,DDP,2023-01-22,2023-02-17,2023-02-17,26,0,Yes,None,4323.68,38913.12,74344.06,126574.76,Delivered
BOL001933,ONE,Nippon Express,Best Buy Canada,Textiles,45HC,10,Singapore,Montreal,DDP,2022-04-11,2022-04-30,2022-04-30,19,0,Yes,None,1368.06,13680.6,80953.9,247859.01,Delivered
BOL001934,Maersk,Kuehne+Nagel,Mountain Equipment,Steel Products,20GP,10,Hamburg,Los Angeles,CIF,2022-01-15,2022-02-04,2022-02-04,20,0,Yes,None,2399.46,23994.6,190140.01,425041.42,Delivered
BOL001935,ZIM,Expeditors,Groupe Touchette,Electronics,40GP,9,Ningbo,Halifax,EXW,2022-09-25,2022-10-11,2022-10-11,16,0,Yes,None,3478.14,31303.26,118036.15,126754.72,Delivered
BOL001936,MSC,Nippon Express,Aldo Group,Food Products,20GP,6,Hong Kong,Vancouver,CIF,2024-09-03,2024-10-08,2024-10-08,35,0,Yes,None,2781.45,16688.7,159431.38,455191.6,Delivered
BOL001937,CMA CGM,Expeditors,Giant Tiger,Machinery,20GP,8,Shenzhen,Chicago,CFR,2022-06-20,2022-07-22,2022-07-22,32,0,Yes,None,2036.71,16293.68,212282.91,158324.93,Delivered
BOL001938,HMM,Expeditors,Giant Tiger,Toys,20RF,2,Ningbo,Chicago,DDP,2024-04-23,2024-05-17,2024-05-17,24,0,Yes,None,2713.39,5426.78,35089.03,349619.31,Delivered
BOL001939,HMM,DB Schenker,Sobeys,Toys,40HC,5,Hong Kong,Chicago,CFR,2024-06-08,2024-07-21,2024-07-21,43,0,Yes,None,1507.7,7538.5,60157.41,318535.64,Delivered
BOL001940,HMM,DSV,IKEA Canada,Steel Products,45HC,5,Shanghai,Los Angeles,FOB,2024-02-10,2024-03-18,2024-03-18,37,0,Yes,None,1624.36,8121.8,84630.65,341411.0,Delivered
BOL001941,HMM,Kuehne+Nagel,Aldo Group,Machinery,40HC,8,Shanghai,Toronto,FOB,2024-12-29,2025-01-13,2025-01-13,15,0,Yes,None,2950.37,23602.96,117052.15,34776.68,In Transit
BOL001942,ONE,CEVA Logistics,Loblaw Companies,Machinery,45HC,3,Ningbo,Los Angeles,CFR,2024-05-08,2024-06-13,2024-06-13,36,0,Yes,None,1865.54,5596.62,26577.69,197152.07,Delivered
BOL001943,ONE,Kuehne+Nagel,IKEA Canada,Furniture,20GP,10,Shanghai,Vancouver,DAP,2023-03-29,2023-05-08,2023-05-08,40,0,Yes,None,3613.76,36137.6,215101.46,141530.74,Delivered
BOL001944,HMM,DSV,Home Depot Canada,Electronics,45HC,5,Hong Kong,Miami,FOB,2022-08-21,2022-10-03,2022-10-03,43,0,Yes,None,4172.34,20861.7,54741.84,480400.79,Delivered
BOL001945,ONE,Nippon Express,Indigo Books,Steel Products,20RF,5,Colombo,New York,DAP,2022-09-15,2022-10-13,2022-10-17,28,4,No,Documentation Error,2458.99,12294.95,60210.11,87378.17,Delivered
BOL001946,ZIM,CEVA Logistics,Shoppers Drug Mart,Auto Parts,20RF,1,Ningbo,Chicago,DAP,2024-09-03,2024-09-22,2024-09-22,19,0,Yes,None,3721.68,3721.68,8821.77,386882.53,Delivered
BOL001947,Yang Ming,DSV,Empire Company,Apparel,20GP,10,Singapore,Seattle,DDP,2022-03-29,2022-04-24,2022-04-24,26,0,Yes,None,940.36,9403.6,273419.64,37245.04,Delivered
BOL001948,Evergreen,Nippon Express,Aldo Group,Apparel,40RF,6,Singapore,Los Angeles,DAP,2022-10-26,2022-12-07,2022-12-07,42,0,Yes,None,1976.97,11861.82,120894.9,35723.77,Delivered
BOL001949,Yang Ming,Panalpina,Loblaws,Steel Products,40HC,5,Busan,Halifax,FOB,2022-10-22,2022-11-08,2022-11-08,17,0,Yes,None,4300.53,21502.65,50832.89,106261.93,Delivered
BOL001950,COSCO,CEVA Logistics,IKEA Canada,Apparel,40GP,9,Busan,New York,CIF,2023-03-11,2023-04-05,2023-04-18,25,13,No,Bad Weather,2534.6,22811.4,188640.04,173843.2,Delayed
BOL001951,CMA CGM,CEVA Logistics,Loblaws,Machinery,40RF,4,Shenzhen,Los Angeles,DAP,2024-09-12,2024-10-10,2024-10-10,28,0,Yes,None,986.75,3947.0,110689.95,217319.29,Delivered
BOL001952,Maersk,Panalpina,Loblaw Companies,Furniture,40GP,1,Shenzhen,Miami,CIF,2024-02-06,2024-03-03,2024-03-03,26,0,Yes,None,1694.39,1694.39,12977.34,168856.37,Delivered
BOL001953,Maersk,DSV,Loblaw Companies,Machinery,40HC,6,Kaohsiung,Chicago,CIF,2022-07-16,2022-07-31,2022-07-31,15,0,Yes,None,1999.78,11998.68,148569.53,36528.1,Delivered
BOL001954,Evergreen,Kuehne+Nagel,Sobeys,Textiles,20RF,10,Ningbo,Houston,FOB,2023-11-30,2024-01-08,2024-01-08,39,0,Yes,None,1378.2,13782.0,236992.81,429366.95,Delivered
BOL001955,MSC,Kuehne+Nagel,Sobeys,Steel Products,20GP,6,Kaohsiung,Chicago,DDP,2022-07-06,2022-08-04,2022-08-18,29,14,No,Bad Weather,3447.34,20684.04,60803.5,347405.91,Delayed
BOL001956,COSCO,Expeditors,Indigo Books,Furniture,40HC,8,Busan,Los Angeles,EXW,2023-11-14,2023-12-29,2023-12-29,45,0,Yes,None,4312.76,34502.08,204521.11,202242.62,Delivered
BOL001957,ONE,Nippon Express,Walmart Canada,Furniture,40GP,2,Rotterdam,New York,FOB,2022-02-05,2022-03-18,2022-03-18,41,0,Yes,None,3284.0,6568.0,50139.98,331995.23,Delivered
BOL001958,HMM,DSV,Home Depot Canada,Toys,40GP,1,Hong Kong,Miami,DAP,2024-06-11,2024-06-29,2024-06-29,18,0,Yes,None,1963.25,1963.25,17934.67,198852.03,Delivered
BOL001959,Yang Ming,DB Schenker,Costco Canada,Apparel,20RF,1,Shenzhen,Chicago,FOB,2023-01-24,2023-02-20,2023-03-04,27,12,No,Port Congestion,3557.1,3557.1,18635.8,63559.1,Delayed
BOL001960,COSCO,Nippon Express,Indigo Books,Textiles,20GP,5,Rotterdam,New York,FOB,2024-09-21,2024-10-11,2024-10-11,20,0,Yes,None,3757.22,18786.1,128020.59,331657.38,Delivered
BOL001961,Yang Ming,DB Schenker,Reitmans,Chemicals,40HC,7,Shanghai,Halifax,DAP,2023-12-23,2024-01-11,2024-01-11,19,0,Yes,None,4244.57,29711.99,42365.09,181753.5,Delivered
BOL001962,MSC,Expeditors,Loblaw Companies,Machinery,20GP,8,Shanghai,Montreal,DAP,2024-02-18,2024-04-02,2024-04-02,44,0,Yes,None,4312.21,34497.68,171474.56,86730.57,Delivered
BOL001963,Evergreen,Nippon Express,Aldo Group,Electronics,20GP,8,Shanghai,Montreal,DAP,2024-07-27,2024-08-23,2024-08-23,27,0,Yes,None,2708.33,21666.64,173795.92,358841.21,Delivered
BOL001964,Yang Ming,CEVA Logistics,Groupe Touchette,Toys,40HC,5,Shenzhen,Chicago,EXW,2024-12-01,2025-01-07,2025-01-07,37,0,Yes,None,3047.99,15239.95,48508.25,236110.79,In Transit
BOL001965,MSC,Sinotrans,Mountain Equipment,Food Products,45HC,8,Hamburg,Vancouver,EXW,2024-06-09,2024-07-17,2024-07-17,38,0,Yes,None,2178.52,17428.16,199785.11,175436.88,Delivered
BOL001966,Maersk,DB Schenker,Groupe Touchette,Toys,40HC,7,Shenzhen,Montreal,CIF,2022-04-04,2022-05-10,2022-05-10,36,0,Yes,None,1566.74,10967.18,83890.9,463802.88,Delivered
BOL001967,ZIM,Kuehne+Nagel,Costco Canada,Auto Parts,40HC,7,Hamburg,Seattle,FOB,2022-02-03,2022-02-19,2022-02-19,16,0,Yes,None,2025.72,14180.04,162352.16,127710.95,Delivered
BOL001968,ZIM,DB Schenker,Best Buy Canada,Furniture,20GP,10,Singapore,Montreal,FOB,2024-02-15,2024-03-31,2024-03-31,45,0,Yes,None,3696.23,36962.3,243119.33,62788.28,Delivered
BOL001969,COSCO,Expeditors,Groupe Touchette,Electronics,40HC,6,Kaohsiung,Toronto,DDP,2023-06-22,2023-07-09,2023-07-12,17,3,No,Bad Weather,887.97,5327.82,37976.88,177629.74,Delivered
BOL001970,Evergreen,Expeditors,Metro Inc,Machinery,20RF,9,Busan,Toronto,CIF,2024-10-12,2024-11-20,2024-11-20,39,0,Yes,None,2569.75,23127.75,109140.27,57724.39,Delivered
BOL001971,ZIM,Sinotrans,Giant Tiger,Machinery,40HC,4,Busan,Toronto,FOB,2022-05-02,2022-05-17,2022-05-17,15,0,Yes,None,1957.62,7830.48,76588.1,313046.05,Delivered
BOL001972,Yang Ming,DB Schenker,Shoppers Drug Mart,Furniture,40GP,9,Colombo,Halifax,CIF,2023-10-06,2023-11-06,2023-11-06,31,0,Yes,None,3091.03,27819.27,188489.72,186020.88,Delivered
BOL001973,ONE,Nippon Express,Giant Tiger,Food Products,20GP,3,Singapore,Toronto,DDP,2024-07-15,2024-08-18,2024-08-18,34,0,Yes,None,1271.36,3814.08,17577.49,119982.83,Delivered
BOL001974,COSCO,Sinotrans,Home Depot Canada,Electronics,40HC,9,Colombo,Los Angeles,EXW,2022-07-29,2022-08-23,2022-08-23,25,0,Yes,None,2886.29,25976.61,54000.34,138573.31,Delivered
BOL001975,ZIM,Sinotrans,Groupe Touchette,Steel Products,20GP,3,Singapore,Chicago,FOB,2024-04-04,2024-05-15,2024-05-15,41,0,Yes,None,1604.79,4814.37,23769.19,268330.16,Delivered
BOL001976,Hapag-Lloyd,DB Schenker,Loblaw Companies,Furniture,45HC,7,Singapore,Chicago,FOB,2023-02-01,2023-03-13,2023-03-13,40,0,Yes,None,3062.55,21437.85,168489.57,407053.65,Delivered
BOL001977,Hapag-Lloyd,Kuehne+Nagel,IKEA Canada,Chemicals,45HC,4,Hamburg,Vancouver,FOB,2023-06-16,2023-07-09,2023-07-09,23,0,Yes,None,3479.49,13917.96,42477.11,236129.84,Delivered
BOL001978,Evergreen,Sinotrans,Walmart Canada,Steel Products,40RF,7,Shenzhen,Halifax,DAP,2022-08-14,2022-08-30,2022-08-30,16,0,Yes,None,3135.8,21950.6,165759.9,460842.48,Delivered
BOL001979,CMA CGM,DB Schenker,Aldo Group,Chemicals,20GP,9,Kaohsiung,Halifax,DAP,2022-06-24,2022-07-09,2022-07-09,15,0,Yes,None,2901.09,26109.81,199081.93,417101.44,Delivered
BOL001980,MSC,Kuehne+Nagel,Metro Inc,Auto Parts,40RF,4,Shenzhen,Chicago,FOB,2023-09-15,2023-10-30,2023-10-30,45,0,Yes,None,1871.02,7484.08,109131.66,118017.78,Delivered
BOL001981,HMM,Nippon Express,Empire Company,Electronics,40HC,2,Shenzhen,Seattle,EXW,2022-08-16,2022-09-05,2022-09-05,20,0,Yes,None,3380.41,6760.82,20646.97,164282.8,Delivered
BOL001982,Hapag-Lloyd,Expeditors,Metro Inc,Textiles,40RF,5,Hamburg,Vancouver,DAP,2022-03-20,2022-04-26,2022-04-26,37,0,Yes,None,3731.82,18659.1,117767.3,452340.12,Delivered
BOL001983,ONE,CEVA Logistics,Loblaws,Toys,40HC,7,Ningbo,Seattle,CFR,2022-05-22,2022-06-06,2022-06-06,15,0,Yes,None,1805.54,12638.78,111282.0,473719.31,Delivered
BOL001984,Maersk,Kuehne+Nagel,IKEA Canada,Steel Products,45HC,5,Colombo,Seattle,CIF,2024-07-20,2024-08-20,2024-08-20,31,0,Yes,None,1755.6,8778.0,97149.58,310584.07,Delivered
BOL001985,Yang Ming,Sinotrans,Hudson Bay,Electronics,40HC,2,Shenzhen,Toronto,CIF,2023-04-14,2023-05-23,2023-06-04,39,12,No,Documentation Error,1487.54,2975.08,38983.38,482101.18,Delayed
BOL001986,Maersk,Panalpina,Sport Chek,Textiles,20GP,6,Shanghai,Vancouver,CFR,2024-07-12,2024-08-17,2024-08-21,36,4,No,Documentation Error,2608.97,15653.82,160817.31,128303.58,Delivered
BOL001987,ZIM,Nippon Express,Sport Chek,Machinery,40HC,4,Shanghai,Chicago,CFR,2023-08-28,2023-10-07,2023-10-07,40,0,Yes,None,2265.81,9063.24,55741.76,151424.01,Delivered
BOL001988,Evergreen,CEVA Logistics,Walmart Canada,Food Products,20RF,9,Hamburg,Toronto,FOB,2023-09-08,2023-10-16,2023-10-16,38,0,Yes,None,2986.49,26878.41,150314.48,263214.6,Delivered
BOL001989,HMM,Expeditors,Costco Canada,Machinery,45HC,8,Hamburg,Houston,CFR,2024-07-22,2024-09-03,2024-09-03,43,0,Yes,None,4313.83,34510.64,180800.29,118742.53,Delivered
BOL001990,Hapag-Lloyd,Kuehne+Nagel,Hudson Bay,Steel Products,20GP,8,Shanghai,Toronto,FOB,2022-03-17,2022-04-28,2022-04-28,42,0,Yes,None,1194.48,9555.84,169441.11,217330.82,Delivered
BOL001991,COSCO,Sinotrans,Groupe Touchette,Machinery,40HC,6,Busan,New York,DDP,2023-07-03,2023-08-04,2023-08-04,32,0,Yes,None,3942.07,23652.42,88356.62,146864.87,Delivered
BOL001992,Evergreen,DB Schenker,Empire Company,Electronics,20GP,8,Busan,Houston,FOB,2023-12-03,2024-01-09,2024-01-09,37,0,Yes,None,3671.77,29374.16,44878.52,113446.79,Delivered
BOL001993,MSC,DSV,Groupe Touchette,Toys,45HC,2,Hamburg,New York,CIF,2024-02-27,2024-04-06,2024-04-06,39,0,Yes,None,4341.81,8683.62,38217.48,327321.3,Delivered
BOL001994,COSCO,DB Schenker,IKEA Canada,Food Products,40RF,3,Colombo,Houston,EXW,2024-05-25,2024-06-17,2024-06-17,23,0,Yes,None,4237.65,12712.95,28529.25,375661.65,Delivered
BOL001995,Evergreen,Sinotrans,Aldo Group,Apparel,20GP,5,Singapore,Halifax,DAP,2024-09-08,2024-10-16,2024-10-16,38,0,Yes,None,3394.79,16973.95,138968.79,479889.86,Delivered
BOL001996,HMM,Sinotrans,Best Buy Canada,Furniture,40HC,9,Hong Kong,Seattle,FOB,2024-06-20,2024-07-06,2024-07-06,16,0,Yes,None,3172.01,28548.09,143882.03,122207.8,Delivered
BOL001997,Hapag-Lloyd,Nippon Express,Groupe Touchette,Food Products,20RF,9,Singapore,Miami,CIF,2022-10-07,2022-11-11,2022-11-11,35,0,Yes,None,3065.72,27591.48,238433.79,191787.27,Delivered
BOL001998,Hapag-Lloyd,Sinotrans,Best Buy Canada,Furniture,40RF,6,Kaohsiung,New York,DAP,2022-02-01,2022-02-21,2022-02-21,20,0,Yes,None,2134.29,12805.74,30676.56,438226.21,Delivered
BOL001999,Maersk,Kuehne+Nagel,Canadian Tire,Apparel,20RF,1,Shanghai,Toronto,FOB,2024-03-25,2024-04-17,2024-04-17,23,0,Yes,None,2018.29,2018.29,19286.17,95080.94,Delivered
BOL002000,MSC,CEVA Logistics,IKEA Canada,Furniture,20RF,8,Kaohsiung,Montreal,FOB,2023-11-01,2023-12-12,2023-12-12,41,0,Yes,None,1512.35,12098.8,87457.84,133665.45,Delivered
BOL002001,Yang Ming,Expeditors,Costco Canada,Toys,20RF,5,Shanghai,Montreal,CIF,2022-04-07,2022-04-29,2022-04-29,22,0,Yes,None,3264.23,16321.15,68178.82,290750.75,Delivered
BOL002002,ONE,Kuehne+Nagel,Indigo Books,Chemicals,20RF,2,Busan,Miami,DDP,2022-05-31,2022-06-17,2022-06-17,17,0,Yes,None,2627.02,5254.04,50892.53,489720.98,Delivered
BOL002003,Yang Ming,Sinotrans,Sobeys,Machinery,20RF,9,Shenzhen,Montreal,FOB,2022-10-11,2022-11-02,2022-11-02,22,0,Yes,None,1303.99,11735.91,73919.79,211223.74,Delivered
BOL002004,Yang Ming,Kuehne+Nagel,Shoppers Drug Mart,Textiles,40GP,7,Kaohsiung,New York,CIF,2022-05-10,2022-06-07,2022-06-07,28,0,Yes,None,1768.65,12380.55,53735.32,317617.78,Delivered
BOL002005,CMA CGM,DB Schenker,Reitmans,Chemicals,40GP,3,Kaohsiung,New York,CIF,2024-04-27,2024-06-09,2024-06-09,43,0,Yes,None,1633.71,4901.13,54840.96,43182.71,Delivered
BOL002006,ONE,DB Schenker,Shoppers Drug Mart,Furniture,45HC,10,Kaohsiung,Halifax,CIF,2024-04-03,2024-05-16,2024-05-16,43,0,Yes,None,1689.48,16894.8,184129.87,306456.56,Delivered
BOL002007,Yang Ming,Kuehne+Nagel,Best Buy Canada,Textiles,20RF,5,Rotterdam,Montreal,FOB,2024-04-28,2024-05-28,2024-05-28,30,0,Yes,None,3612.45,18062.25,53555.95,461679.45,Delivered
BOL002008,MSC,CEVA Logistics,Mountain Equipment,Chemicals,40HC,1,Hamburg,Seattle,EXW,2023-09-26,2023-10-24,2023-10-24,28,0,Yes,None,3038.5,3038.5,16953.96,167032.54,Delivered
BOL002009,Hapag-Lloyd,DB Schenker,Giant Tiger,Food Products,45HC,10,Ningbo,Toronto,CIF,2024-03-06,2024-03-30,2024-03-30,24,0,Yes,None,992.88,9928.8,262127.7,292792.37,Delivered
BOL002010,MSC,Panalpina,Hudson Bay,Textiles,45HC,7,Colombo,Chicago,FOB,2022-08-27,2022-10-06,2022-10-06,40,0,Yes,None,3481.93,24373.51,69834.62,103228.28,Delivered
BOL002011,HMM,DB Schenker,Home Depot Canada,Chemicals,40RF,8,Hong Kong,Seattle,EXW,2023-12-07,2024-01-21,2024-01-21,45,0,Yes,None,4389.63,35117.04,186584.61,105827.03,Delivered
BOL002012,Evergreen,Panalpina,Loblaw Companies,Textiles,20GP,2,Hamburg,Toronto,DAP,2023-06-06,2023-07-18,2023-07-18,42,0,Yes,None,2574.09,5148.18,19962.29,201841.64,Delivered
BOL002013,Evergreen,CEVA Logistics,Reitmans,Electronics,20GP,3,Ningbo,New York,FOB,2024-03-15,2024-04-27,2024-04-27,43,0,Yes,None,2149.64,6448.92,53337.16,367838.83,Delivered
BOL002014,COSCO,Kuehne+Nagel,Hudson Bay,Toys,20RF,3,Colombo,Los Angeles,CIF,2024-01-11,2024-02-19,2024-02-19,39,0,Yes,None,2938.74,8816.22,26462.86,133845.61,Delivered
BOL002015,Hapag-Lloyd,DB Schenker,Loblaw Companies,Textiles,20RF,4,Rotterdam,Houston,EXW,2022-03-22,2022-05-05,2022-05-05,44,0,Yes,None,1107.93,4431.72,78574.26,122468.59,Delivered
BOL002016,MSC,Nippon Express,Hudson Bay,Food Products,20RF,8,Hamburg,Chicago,DDP,2022-01-06,2022-02-19,2022-02-19,44,0,Yes,None,3926.33,31410.64,141276.03,77486.1,Delivered
BOL002017,Maersk,Kuehne+Nagel,Canadian Tire,Chemicals,20GP,3,Shenzhen,Toronto,FOB,2024-05-30,2024-06-26,2024-06-26,27,0,Yes,None,3111.41,9334.23,65415.7,183206.4,Delivered
BOL002018,CMA CGM,CEVA Logistics,Shoppers Drug Mart,Furniture,45HC,3,Shanghai,Seattle,CIF,2023-09-14,2023-10-14,2023-10-14,30,0,Yes,None,1569.57,4708.71,18288.29,112803.94,Delivered
BOL002019,ONE,Sinotrans,Best Buy Canada,Auto Parts,40GP,5,Busan,Seattle,CFR,2022-11-11,2022-12-09,2022-12-09,28,0,Yes,None,3326.37,16631.85,125872.86,323475.02,Delivered
BOL002020,Yang Ming,CEVA Logistics,Empire Company,Textiles,45HC,7,Rotterdam,Halifax,DAP,2022-10-17,2022-11-01,2022-11-01,15,0,Yes,None,1618.12,11326.84,102946.33,450927.48,Delivered
BOL002021,Yang Ming,CEVA Logistics,Giant Tiger,Machinery,40HC,5,Shenzhen,Miami,CFR,2023-05-25,2023-06-21,2023-06-21,27,0,Yes,None,4166.56,20832.8,32391.93,19241.35,Delivered
BOL002022,Hapag-Lloyd,DB Schenker,Indigo Books,Furniture,40HC,9,Hamburg,Miami,CFR,2022-03-04,2022-04-05,2022-04-05,32,0,Yes,None,901.64,8114.76,113143.95,331385.2,Delivered
BOL002023,HMM,Kuehne+Nagel,Indigo Books,Steel Products,20GP,2,Kaohsiung,Miami,DDP,2024-11-22,2024-12-06,2024-12-06,14,0,Yes,None,2127.06,4254.12,24621.15,18897.63,Delivered
BOL002024,Maersk,Expeditors,Reitmans,Chemicals,40RF,6,Ningbo,Montreal,CFR,2023-02-04,2023-02-25,2023-02-25,21,0,Yes,None,2178.17,13069.02,126342.06,351193.93,Delivered
BOL002025,Yang Ming,Panalpina,Costco Canada,Furniture,40HC,5,Singapore,Seattle,EXW,2024-07-22,2024-09-02,2024-09-02,42,0,Yes,None,3538.63,17693.15,134784.4,426908.31,Delivered
BOL002026,ZIM,DB Schenker,Reitmans,Textiles,40HC,3,Ningbo,Seattle,CFR,2022-04-06,2022-04-26,2022-04-26,20,0,Yes,None,3823.16,11469.48,37034.55,346053.35,Delivered
BOL002027,COSCO,Nippon Express,Groupe Touchette,Textiles,45HC,5,Singapore,Houston,FOB,2024-04-03,2024-04-19,2024-04-19,16,0,Yes,None,2766.64,13833.2,27148.32,126600.32,Delivered
BOL002028,ONE,Panalpina,Canadian Tire,Steel Products,40HC,3,Hong Kong,Chicago,CIF,2022-08-30,2022-10-10,2022-10-10,41,0,Yes,None,1458.94,4376.82,83424.14,117890.8,Delivered
BOL002029,HMM,DSV,Walmart Canada,Textiles,45HC,10,Busan,Seattle,CIF,2023-12-24,2024-02-02,2024-02-02,40,0,Yes,None,3046.89,30468.9,246095.63,62417.63,Delivered
BOL002030,COSCO,Nippon Express,Metro Inc,Steel Products,40HC,6,Rotterdam,Toronto,EXW,2023-11-10,2023-12-23,2023-12-30,43,7,No,Equipment Shortage,3638.1,21828.6,124230.36,53003.94,Delayed
BOL002031,Yang Ming,Expeditors,Metro Inc,Electronics,40GP,3,Colombo,Halifax,FOB,2022-03-21,2022-04-10,2022-04-10,20,0,Yes,None,1230.26,3690.78,29152.32,195668.68,Delivered
BOL002032,Evergreen,DSV,Sobeys,Electronics,20GP,3,Kaohsiung,Halifax,DDP,2023-07-12,2023-08-24,2023-08-24,43,0,Yes,None,3284.99,9854.97,58857.77,445179.86,Delivered
BOL002033,ZIM,Sinotrans,Shoppers Drug Mart,Apparel,40GP,10,Kaohsiung,Los Angeles,DDP,2024-03-10,2024-03-30,2024-03-30,20,0,Yes,None,3035.9,30359.0,196981.77,292884.89,Delivered
BOL002034,ONE,Sinotrans,Metro Inc,Textiles,45HC,9,Ningbo,Montreal,CFR,2022-04-10,2022-05-08,2022-05-08,28,0,Yes,None,4063.13,36568.17,185061.61,442432.26,Delivered
BOL002035,Maersk,Nippon Express,IKEA Canada,Electronics,40HC,4,Shanghai,Halifax,DAP,2024-11-15,2024-12-05,2024-12-05,20,0,Yes,None,4385.87,17543.48,63001.87,351371.53,Delivered
BOL002036,Yang Ming,DB Schenker,Indigo Books,Steel Products,45HC,5,Shanghai,Seattle,CIF,2023-08-06,2023-09-08,2023-09-08,33,0,Yes,None,4017.33,20086.65,60616.29,64056.47,Delivered
BOL002037,Hapag-Lloyd,Expeditors,Groupe Touchette,Auto Parts,40HC,8,Rotterdam,Toronto,EXW,2024-02-29,2024-04-04,2024-04-04,35,0,Yes,None,3872.28,30978.24,222806.66,63471.33,Delivered
BOL002038,COSCO,Expeditors,Metro Inc,Chemicals,20RF,1,Rotterdam,Houston,DAP,2024-11-22,2024-12-27,2024-12-27,35,0,Yes,None,2509.63,2509.63,18937.31,393579.85,Delivered
BOL002039,Maersk,CEVA Logistics,Costco Canada,Toys,20RF,2,Busan,Chicago,DDP,2024-10-14,2024-11-18,2024-11-18,35,0,Yes,None,2200.14,4400.28,34207.39,498038.77,Delivered
BOL002040,Maersk,Expeditors,Metro Inc,Electronics,45HC,8,Busan,Houston,DAP,2024-06-25,2024-07-15,2024-07-15,20,0,Yes,None,4342.02,34736.16,57281.18,461390.88,Delivered
BOL002041,HMM,Panalpina,Loblaw Companies,Steel Products,40RF,9,Rotterdam,Halifax,EXW,2024-03-05,2024-03-29,2024-03-29,24,0,Yes,None,1989.72,17907.48,47826.39,453053.09,Delivered
BOL002042,Hapag-Lloyd,DSV,Loblaw Companies,Steel Products,40GP,7,Hong Kong,Vancouver,DAP,2022-03-30,2022-04-24,2022-04-24,25,0,Yes,None,1965.73,13760.11,60538.14,126567.51,Delivered
BOL002043,HMM,Panalpina,Mountain Equipment,Auto Parts,40HC,8,Hong Kong,Toronto,DDP,2022-04-20,2022-05-16,2022-05-19,26,3,No,Customs Inspection,2603.01,20824.08,93731.53,398183.22,Delivered
BOL002044,Yang Ming,DSV,Mountain Equipment,Machinery,20GP,3,Shenzhen,New York,EXW,2024-01-24,2024-02-29,2024-02-29,36,0,Yes,None,935.97,2807.91,43364.06,240429.12,Delivered
BOL002045,Maersk,Nippon Express,Walmart Canada,Food Products,20GP,9,Ningbo,Seattle,EXW,2024-08-20,2024-09-28,2024-09-28,39,0,Yes,None,2885.76,25971.84,236924.51,302562.07,Delivered
BOL002046,Hapag-Lloyd,Panalpina,Reitmans,Machinery,40GP,9,Hong Kong,Miami,DAP,2024-04-09,2024-04-29,2024-04-29,20,0,Yes,None,3201.7,28815.3,180836.56,319837.01,Delivered
BOL002047,Evergreen,Nippon Express,Walmart Canada,Chemicals,40HC,6,Ningbo,Miami,DAP,2023-05-24,2023-06-07,2023-06-07,14,0,Yes,None,3801.73,22810.38,76935.09,173153.87,Delivered
BOL002048,Evergreen,CEVA Logistics,Aldo Group,Steel Products,40RF,5,Hamburg,Miami,DDP,2024-10-17,2024-12-01,2024-12-01,45,0,Yes,None,4214.85,21074.25,49884.56,326621.34,Delivered
BOL002049,HMM,DB Schenker,Hudson Bay,Electronics,40GP,4,Ningbo,Miami,CIF,2023-06-23,2023-08-02,2023-08-02,40,0,Yes,None,2281.14,9124.56,54686.73,333737.83,Delivered
BOL002050,MSC,DB Schenker,Best Buy Canada,Chemicals,45HC,2,Hamburg,Toronto,DDP,2022-05-08,2022-06-19,2022-06-25,42,6,No,Port Congestion,2494.27,4988.54,37852.64,221516.31,Delayed
BOL002051,MSC,Expeditors,Home Depot Canada,Food Products,40GP,5,Hamburg,Los Angeles,CIF,2022-03-21,2022-04-07,2022-04-07,17,0,Yes,None,1944.55,9722.75,28813.93,223847.59,Delivered
BOL002052,MSC,CEVA Logistics,IKEA Canada,Electronics,20GP,10,Kaohsiung,Los Angeles,EXW,2023-05-02,2023-05-30,2023-05-30,28,0,Yes,None,1382.94,13829.4,261568.9,393766.35,Delivered
BOL002053,Evergreen,DB Schenker,Loblaws,Toys,45HC,1,Ningbo,Montreal,DAP,2024-09-10,2024-09-29,2024-09-29,19,0,Yes,None,4003.8,4003.8,25647.46,71702.44,Delivered
BOL002054,CMA CGM,DB Schenker,Costco Canada,Electronics,20RF,6,Ningbo,Montreal,DAP,2024-07-18,2024-08-04,2024-08-04,17,0,Yes,None,2616.68,15700.08,104723.37,445677.82,Delivered
BOL002055,COSCO,DSV,Loblaw Companies,Steel Products,45HC,10,Rotterdam,Houston,EXW,2022-11-22,2022-12-07,2022-12-09,15,2,No,Customs Inspection,2847.6,28476.0,257353.46,136756.26,Delivered
BOL002056,Hapag-Lloyd,Nippon Express,Mountain Equipment,Chemicals,45HC,1,Hamburg,Los Angeles,CIF,2024-10-02,2024-11-11,2024-11-11,40,0,Yes,None,3192.91,3192.91,25380.68,475895.85,Delivered
BOL002057,HMM,Nippon Express,Shoppers Drug Mart,Machinery,40HC,8,Hamburg,Toronto,DAP,2023-03-22,2023-05-03,2023-05-03,42,0,Yes,None,2630.83,21046.64,206729.8,137826.9,Delivered
BOL002058,COSCO,CEVA Logistics,Sport Chek,Machinery,45HC,2,Hamburg,Los Angeles,CIF,2024-08-16,2024-09-28,2024-09-28,43,0,Yes,None,1326.43,2652.86,38281.8,255060.35,Delivered
BOL002059,Maersk,Kuehne+Nagel,Sobeys,Chemicals,40RF,2,Hamburg,Toronto,CIF,2022-10-07,2022-10-30,2022-10-30,23,0,Yes,None,3417.54,6835.08,44770.91,136007.18,Delivered
BOL002060,Hapag-Lloyd,Kuehne+Nagel,Mountain Equipment,Toys,40RF,7,Rotterdam,Miami,CFR,2024-11-22,2025-01-02,2025-01-02,41,0,Yes,None,2808.17,19657.19,36702.49,108619.74,In Transit
BOL002061,ONE,CEVA Logistics,Sport Chek,Machinery,20GP,3,Hong Kong,New York,FOB,2022-10-23,2022-12-05,2022-12-05,43,0,Yes,None,3615.59,10846.77,83772.9,75432.72,Delivered
BOL002062,Maersk,Nippon Express,Sport Chek,Textiles,40HC,9,Shenzhen,Seattle,DDP,2022-06-23,2022-07-12,2022-07-12,19,0,Yes,None,872.97,7856.73,136078.36,466171.38,Delivered
BOL002063,Evergreen,Panalpina,Reitmans,Auto Parts,45HC,2,Shanghai,Chicago,DAP,2022-07-30,2022-09-05,2022-09-05,37,0,Yes,None,3480.77,6961.54,12521.45,415235.01,Delivered
BOL002064,Maersk,Nippon Express,Canadian Tire,Steel Products,40RF,5,Shenzhen,Vancouver,FOB,2024-06-25,2024-08-02,2024-08-02,38,0,Yes,None,2325.45,11627.25,102014.45,170486.31,Delivered
BOL002065,HMM,DB Schenker,IKEA Canada,Toys,40HC,1,Hong Kong,Chicago,CIF,2022-04-15,2022-05-05,2022-05-05,20,0,Yes,None,3488.1,3488.1,5271.87,33551.97,Delivered
BOL002066,ONE,Panalpina,Indigo Books,Auto Parts,20RF,8,Singapore,Seattle,CFR,2022-03-09,2022-03-28,2022-03-29,19,1,No,Customs Inspection,2148.56,17188.48,154884.13,305492.58,Delivered
BOL002067,Maersk,DSV,Sport Chek,Machinery,40GP,6,Singapore,Los Angeles,FOB,2024-07-13,2024-08-15,2024-08-15,33,0,Yes,None,1359.99,8159.94,121508.71,343423.88,Delivered
BOL002068,Evergreen,Expeditors,Aldo Group,Auto Parts,45HC,5,Hong Kong,Vancouver,DAP,2022-08-20,2022-09-25,2022-09-25,36,0,Yes,None,945.59,4727.95,116234.7,343167.86,Delivered
BOL002069,Yang Ming,Panalpina,Shoppers Drug Mart,Electronics,40RF,10,Colombo,Vancouver,CFR,2024-06-28,2024-08-08,2024-08-08,41,0,Yes,None,3654.35,36543.5,207947.22,229171.45,Delivered
BOL002070,COSCO,DSV,Loblaws,Textiles,40HC,10,Kaohsiung,Miami,FOB,2024-10-13,2024-11-01,2024-11-01,19,0,Yes,None,3232.01,32320.1,233985.87,265272.85,Delivered
BOL002071,Hapag-Lloyd,Sinotrans,Groupe Touchette,Chemicals,20RF,7,Hamburg,Chicago,FOB,2022-03-13,2022-03-30,2022-04-03,17,4,No,Bad Weather,1432.39,10026.73,153249.9,340181.82,Delivered
BOL002072,MSC,Panalpina,Metro Inc,Electronics,40GP,6,Shenzhen,Vancouver,DDP,2023-03-05,2023-03-30,2023-03-30,25,0,Yes,None,1337.82,8026.92,90909.33,299669.6,Delivered
BOL002073,MSC,Sinotrans,Groupe Touchette,Auto Parts,20RF,10,Busan,Los Angeles,EXW,2022-05-26,2022-06-25,2022-06-25,30,0,Yes,None,2849.44,28494.4,278957.1,167538.45,Delivered
BOL002074,CMA CGM,DSV,Indigo Books,Furniture,45HC,4,Shanghai,Toronto,DDP,2022-08-30,2022-09-26,2022-09-26,27,0,Yes,None,3208.09,12832.36,83772.56,427196.49,Delivered
BOL002075,COSCO,DB Schenker,Best Buy Canada,Toys,40RF,3,Ningbo,Halifax,CFR,2022-11-14,2022-12-20,2022-12-30,36,10,No,Equipment Shortage,832.01,2496.03,73757.79,155288.29,Delayed
BOL002076,Evergreen,DSV,Sobeys,Toys,20RF,9,Ningbo,Halifax,FOB,2022-05-12,2022-06-13,2022-06-21,32,8,No,Bad Weather,1836.15,16525.35,108144.75,12410.73,Delayed
BOL002077,CMA CGM,Nippon Express,Indigo Books,Steel Products,20GP,8,Singapore,Houston,CIF,2024-08-29,2024-09-23,2024-09-23,25,0,Yes,None,1477.7,11821.6,101814.62,33235.45,Delivered
BOL002078,MSC,Kuehne+Nagel,Walmart Canada,Auto Parts,45HC,8,Hamburg,Chicago,EXW,2024-05-26,2024-07-08,2024-07-18,43,10,No,Documentation Error,2023.38,16187.04,91295.64,261233.31,Delayed
BOL002079,HMM,Expeditors,Sport Chek,Auto Parts,40RF,6,Hong Kong,Vancouver,EXW,2022-10-06,2022-11-02,2022-11-09,27,7,No,Port Congestion,4361.48,26168.88,90025.06,350735.95,Delayed
BOL002080,Yang Ming,Sinotrans,Mountain Equipment,Apparel,40HC,9,Rotterdam,Houston,FOB,2024-11-22,2024-12-07,2024-12-07,15,0,Yes,None,1859.47,16735.23,105983.44,305980.98,Delivered
BOL002081,HMM,Panalpina,Walmart Canada,Machinery,40GP,1,Rotterdam,Houston,CFR,2024-04-03,2024-04-25,2024-04-25,22,0,Yes,None,4374.53,4374.53,23661.97,23829.21,Delivered
BOL002082,ZIM,Kuehne+Nagel,Sobeys,Furniture,40RF,3,Shanghai,New York,DDP,2023-04-21,2023-05-11,2023-05-11,20,0,Yes,None,2463.19,7389.57,78742.42,128223.5,Delivered
BOL002083,Evergreen,Nippon Express,Walmart Canada,Textiles,40HC,7,Ningbo,Vancouver,DDP,2024-04-27,2024-05-21,2024-05-21,24,0,Yes,None,1495.8,10470.6,45082.95,405177.15,Delivered
BOL002084,COSCO,Sinotrans,Sport Chek,Chemicals,20GP,7,Hong Kong,Halifax,CFR,2023-01-16,2023-03-02,2023-03-02,45,0,Yes,None,2339.93,16379.51,86350.94,442182.19,Delivered
BOL002085,CMA CGM,DB Schenker,Home Depot Canada,Chemicals,40HC,2,Colombo,Montreal,CIF,2023-04-20,2023-05-26,2023-05-26,36,0,Yes,None,2734.68,5469.36,11321.23,317954.59,Delivered
BOL002086,CMA CGM,DSV,Hudson Bay,Textiles,40HC,10,Colombo,Chicago,CFR,2024-12-07,2025-01-14,2025-01-14,38,0,Yes,None,1808.28,18082.8,185546.35,360228.13,In Transit
BOL002087,COSCO,Expeditors,Hudson Bay,Toys,40GP,2,Kaohsiung,Montreal,FOB,2024-07-08,2024-07-24,2024-07-24,16,0,Yes,None,3278.44,6556.88,48627.81,92105.28,Delivered
BOL002088,Yang Ming,Panalpina,Reitmans,Furniture,45HC,9,Hamburg,Montreal,DAP,2022-11-23,2022-12-08,2022-12-08,15,0,Yes,None,2414.97,21734.73,105646.84,395947.54,Delivered
BOL002089,ZIM,Nippon Express,Loblaws,Textiles,40RF,7,Colombo,Seattle,CIF,2023-01-17,2023-03-02,2023-03-02,44,0,Yes,None,4431.76,31022.32,151302.41,83276.18,Delivered
BOL002090,Evergreen,Expeditors,Hudson Bay,Chemicals,20RF,4,Hong Kong,Seattle,DAP,2022-06-13,2022-06-27,2022-06-27,14,0,Yes,None,3848.35,15393.4,44468.3,320314.72,Delivered
BOL002091,Evergreen,Expeditors,Giant Tiger,Electronics,20GP,1,Kaohsiung,Seattle,CIF,2022-09-22,2022-11-03,2022-11-03,42,0,Yes,None,1742.35,1742.35,9898.21,270062.86,Delivered
BOL002092,ONE,Expeditors,Indigo Books,Chemicals,45HC,1,Ningbo,Houston,EXW,2022-09-17,2022-10-11,2022-10-11,24,0,Yes,None,1955.04,1955.04,8753.99,134741.14,Delivered
BOL002093,HMM,Sinotrans,Empire Company,Food Products,20GP,2,Shenzhen,Houston,DDP,2024-07-10,2024-08-22,2024-08-22,43,0,Yes,None,2337.61,4675.22,54669.04,273344.14,Delivered
BOL002094,Yang Ming,Expeditors,IKEA Canada,Toys,40HC,7,Colombo,Chicago,DDP,2024-07-31,2024-08-28,2024-08-28,28,0,Yes,None,3052.27,21365.89,82820.22,483020.62,Delivered
BOL002095,Maersk,DB Schenker,Indigo Books,Electronics,40RF,3,Hamburg,Seattle,DDP,2023-01-19,2023-02-13,2023-02-13,25,0,Yes,None,1848.67,5546.01,56557.85,182602.15,Delivered
BOL002096,COSCO,CEVA Logistics,Costco Canada,Steel Products,20RF,5,Rotterdam,Toronto,EXW,2023-05-05,2023-06-04,2023-06-04,30,0,Yes,None,4347.88,21739.4,73500.77,25569.14,Delivered
BOL002097,MSC,Expeditors,Reitmans,Food Products,40GP,10,Colombo,Seattle,CIF,2022-06-24,2022-07-16,2022-07-16,22,0,Yes,None,2693.11,26931.1,209576.09,128248.7,Delivered
BOL002098,Maersk,Expeditors,Costco Canada,Apparel,20GP,6,Shanghai,Montreal,EXW,2023-05-23,2023-06-28,2023-06-28,36,0,Yes,None,4097.04,24582.24,105639.79,499123.68,Delivered
BOL002099,COSCO,Sinotrans,Shoppers Drug Mart,Toys,40HC,7,Hamburg,Los Angeles,FOB,2024-07-25,2024-08-25,2024-08-25,31,0,Yes,None,2496.02,17472.14,55817.37,331409.14,Delivered
BOL002100,ONE,Panalpina,Mountain Equipment,Steel Products,45HC,10,Hong Kong,Halifax,CFR,2024-01-20,2024-03-01,2024-03-01,41,0,Yes,None,3270.81,32708.1,118037.48,480750.04,Delivered
BOL002101,COSCO,Expeditors,Home Depot Canada,Chemicals,40GP,7,Shenzhen,Chicago,EXW,2022-02-22,2022-03-29,2022-03-29,35,0,Yes,None,1295.81,9070.67,149321.85,50659.64,Delivered
BOL002102,CMA CGM,Kuehne+Nagel,Shoppers Drug Mart,Apparel,40RF,6,Colombo,Montreal,DAP,2023-12-08,2024-01-01,2024-01-01,24,0,Yes,None,1330.63,7983.78,158757.94,471778.06,Delivered
BOL002103,CMA CGM,DSV,Sport Chek,Toys,40HC,8,Busan,Toronto,DDP,2022-05-18,2022-06-12,2022-06-12,25,0,Yes,None,1892.97,15143.76,94436.68,82979.51,Delivered
BOL002104,CMA CGM,DSV,Empire Company,Apparel,20RF,3,Hong Kong,New York,CIF,2024-08-06,2024-09-01,2024-09-01,26,0,Yes,None,1910.69,5732.07,18911.16,413041.81,Delivered
BOL002105,MSC,CEVA Logistics,Home Depot Canada,Furniture,45HC,4,Kaohsiung,Chicago,DDP,2022-01-20,2022-02-14,2022-02-14,25,0,Yes,None,1871.38,7485.52,96865.68,395133.6,Delivered
BOL002106,Hapag-Lloyd,DB Schenker,IKEA Canada,Apparel,40HC,10,Hamburg,Halifax,CIF,2024-01-11,2024-02-04,2024-02-04,24,0,Yes,None,2902.28,29022.8,212702.47,148333.43,Delivered
BOL002107,Hapag-Lloyd,Nippon Express,Mountain Equipment,Textiles,20RF,10,Singapore,New York,DDP,2023-10-28,2023-11-30,2023-11-30,33,0,Yes,None,1121.75,11217.5,272303.25,65788.11,Delivered
BOL002108,MSC,DSV,IKEA Canada,Furniture,40RF,10,Colombo,Miami,DAP,2022-05-21,2022-06-16,2022-06-16,26,0,Yes,None,2399.9,23999.0,90457.15,236223.55,Delivered
BOL002109,Evergreen,DSV,Empire Company,Electronics,20GP,3,Colombo,Vancouver,FOB,2022-09-21,2022-10-12,2022-10-12,21,0,Yes,None,3091.21,9273.63,75916.73,356797.22,Delivered
BOL002110,Yang Ming,Expeditors,Hudson Bay,Machinery,20RF,1,Kaohsiung,Miami,EXW,2022-03-12,2022-04-05,2022-04-05,24,0,Yes,None,2857.41,2857.41,19828.67,358588.3,Delivered
BOL002111,COSCO,DB Schenker,Giant Tiger,Auto Parts,20RF,1,Hong Kong,Miami,FOB,2022-08-28,2022-09-17,2022-09-17,20,0,Yes,None,2698.61,2698.61,6612.38,116309.5,Delivered
BOL002112,MSC,Kuehne+Nagel,Costco Canada,Electronics,45HC,8,Shenzhen,Seattle,DDP,2023-04-24,2023-06-04,2023-06-04,41,0,Yes,None,999.19,7993.52,95272.28,463627.21,Delivered
BOL002113,Hapag-Lloyd,CEVA Logistics,Indigo Books,Steel Products,20GP,2,Busan,Chicago,EXW,2022-08-24,2022-10-07,2022-10-07,44,0,Yes,None,1684.96,3369.92,19473.44,87855.21,Delivered
BOL002114,ONE,Kuehne+Nagel,IKEA Canada,Toys,45HC,7,Hong Kong,Los Angeles,CIF,2024-10-06,2024-10-24,2024-10-24,18,0,Yes,None,2076.29,14534.03,168046.59,253006.43,Delivered
BOL002115,ZIM,Sinotrans,Groupe Touchette,Electronics,40GP,8,Shanghai,Houston,CIF,2024-02-12,2024-03-10,2024-03-10,27,0,Yes,None,4350.82,34806.56,132704.45,47646.37,Delivered
BOL002116,Yang Ming,Expeditors,Loblaw Companies,Steel Products,45HC,1,Kaohsiung,Miami,CIF,2023-02-26,2023-03-15,2023-03-15,17,0,Yes,None,850.56,850.56,18657.58,147658.35,Delivered
BOL002117,Hapag-Lloyd,Expeditors,Indigo Books,Electronics,20GP,6,Hamburg,Vancouver,CFR,2023-03-23,2023-05-05,2023-05-05,43,0,Yes,None,2734.79,16408.74,31228.55,22949.73,Delivered
BOL002118,COSCO,DB Schenker,Aldo Group,Textiles,20GP,7,Singapore,Montreal,CIF,2023-05-27,2023-06-21,2023-06-21,25,0,Yes,None,2049.29,14345.03,121057.2,250550.86,Delivered
BOL002119,CMA CGM,DSV,Shoppers Drug Mart,Chemicals,20GP,10,Hong Kong,Montreal,CFR,2023-05-14,2023-06-26,2023-06-26,43,0,Yes,None,2623.68,26236.8,82692.35,426949.82,Delivered
BOL002120,COSCO,Nippon Express,Indigo Books,Furniture,20RF,2,Busan,Chicago,CIF,2023-12-31,2024-02-03,2024-02-03,34,0,Yes,None,4108.41,8216.82,53921.51,393044.27,Delivered
BOL002121,Yang Ming,DSV,Mountain Equipment,Machinery,20RF,4,Singapore,New York,DAP,2023-02-27,2023-04-13,2023-04-13,45,0,Yes,None,1337.87,5351.48,42127.9,18327.04,Delivered
BOL002122,ZIM,Sinotrans,Canadian Tire,Apparel,20RF,7,Rotterdam,New York,CIF,2024-04-26,2024-06-05,2024-06-05,40,0,Yes,None,3530.8,24715.6,186940.55,140216.98,Delivered
BOL002123,Hapag-Lloyd,Kuehne+Nagel,Best Buy Canada,Electronics,40GP,10,Hong Kong,Montreal,CFR,2023-04-12,2023-05-02,2023-05-02,20,0,Yes,None,2436.38,24363.8,141916.25,69695.85,Delivered
BOL002124,MSC,Kuehne+Nagel,Sport Chek,Food Products,45HC,3,Rotterdam,Vancouver,CFR,2023-07-06,2023-08-05,2023-08-05,30,0,Yes,None,2812.99,8438.97,63764.62,358556.24,Delivered
BOL002125,ONE,Sinotrans,Loblaws,Chemicals,45HC,2,Shanghai,Houston,DDP,2022-07-28,2022-08-30,2022-09-06,33,7,No,Customs Inspection,1130.51,2261.02,37948.3,205837.63,Delayed
BOL002126,ZIM,Expeditors,Walmart Canada,Apparel,20RF,4,Busan,Seattle,EXW,2023-12-20,2024-01-19,2024-01-19,30,0,Yes,None,2205.17,8820.68,89281.48,463200.68,Delivered
BOL002127,Maersk,Kuehne+Nagel,Home Depot Canada,Auto Parts,40HC,6,Rotterdam,Toronto,FOB,2023-08-18,2023-09-18,2023-09-18,31,0,Yes,None,3936.12,23616.72,78875.78,211033.0,Delivered
BOL002128,MSC,Sinotrans,Costco Canada,Toys,40GP,4,Singapore,Los Angeles,DDP,2024-04-27,2024-05-19,2024-05-19,22,0,Yes,None,4384.09,17536.36,54629.47,297652.03,Delivered
BOL002129,Hapag-Lloyd,Kuehne+Nagel,Aldo Group,Electronics,20GP,10,Kaohsiung,New York,DDP,2024-12-22,2025-01-19,2025-01-19,28,0,Yes,None,2001.92,20019.2,206211.45,230980.92,In Transit
BOL002130,Hapag-Lloyd,DSV,Loblaws,Textiles,20GP,4,Shanghai,New York,DDP,2024-04-12,2024-05-19,2024-05-19,37,0,Yes,None,2323.89,9295.56,83771.95,137214.62,Delivered
BOL002131,MSC,Panalpina,Aldo Group,Machinery,20GP,7,Kaohsiung,Houston,CIF,2023-01-22,2023-03-07,2023-03-07,44,0,Yes,None,1439.07,10073.49,113409.28,289502.11,Delivered
BOL002132,Yang Ming,DB Schenker,Shoppers Drug Mart,Furniture,45HC,10,Hamburg,Houston,DAP,2023-06-07,2023-07-09,2023-07-09,32,0,Yes,None,2018.42,20184.2,81783.28,51426.32,Delivered
BOL002133,Hapag-Lloyd,Expeditors,Hudson Bay,Chemicals,40RF,2,Hamburg,Halifax,CFR,2024-10-22,2024-11-05,2024-11-05,14,0,Yes,None,3198.94,6397.88,30554.14,142742.04,Delivered
BOL002134,ZIM,CEVA Logistics,Canadian Tire,Apparel,40GP,9,Colombo,Halifax,DDP,2023-10-04,2023-10-25,2023-10-25,21,0,Yes,None,1643.43,14790.87,78597.38,146463.97,Delivered
BOL002135,Yang Ming,CEVA Logistics,IKEA Canada,Apparel,20GP,3,Hong Kong,Seattle,DDP,2022-07-05,2022-08-16,2022-08-16,42,0,Yes,None,3327.43,9982.29,57984.41,321766.4,Delivered
BOL002136,ONE,Expeditors,Costco Canada,Furniture,40RF,5,Busan,Houston,CFR,2023-07-09,2023-08-11,2023-08-11,33,0,Yes,None,1442.8,7214.0,106145.6,322178.91,Delivered
BOL002137,Evergreen,Panalpina,Indigo Books,Electronics,45HC,6,Colombo,Vancouver,CIF,2024-09-16,2024-10-10,2024-10-10,24,0,Yes,None,3979.95,23879.7,120864.02,291151.37,Delivered
BOL002138,COSCO,DSV,Metro Inc,Toys,40RF,8,Ningbo,Vancouver,FOB,2024-02-14,2024-03-16,2024-03-16,31,0,Yes,None,1154.67,9237.36,55232.92,263649.74,Delivered
BOL002139,Hapag-Lloyd,Kuehne+Nagel,Home Depot Canada,Food Products,20GP,2,Rotterdam,Chicago,DDP,2022-05-30,2022-06-13,2022-06-13,14,0,Yes,None,4458.73,8917.46,15485.97,157341.42,Delivered
BOL002140,COSCO,DB Schenker,Shoppers Drug Mart,Textiles,45HC,6,Hamburg,New York,DDP,2024-10-30,2024-11-28,2024-11-28,29,0,Yes,None,3760.9,22565.4,53799.74,386048.73,Delivered
BOL002141,ZIM,DB Schenker,Best Buy Canada,Textiles,40HC,9,Shanghai,Toronto,CFR,2023-05-09,2023-06-23,2023-06-23,45,0,Yes,None,3296.36,29667.24,246056.68,252832.72,Delivered
BOL002142,CMA CGM,CEVA Logistics,Sobeys,Furniture,20GP,3,Shanghai,Montreal,DAP,2023-11-29,2023-12-28,2023-12-28,29,0,Yes,None,1120.22,3360.66,59836.3,387738.29,Delivered
BOL002143,HMM,Sinotrans,Home Depot Canada,Chemicals,40GP,9,Colombo,New York,DAP,2024-04-17,2024-05-26,2024-05-26,39,0,Yes,None,2392.4,21531.6,233486.86,423357.91,Delivered
BOL002144,ZIM,CEVA Logistics,Groupe Touchette,Electronics,20RF,3,Shanghai,New York,DDP,2023-09-22,2023-10-31,2023-10-31,39,0,Yes,None,4407.84,13223.52,68028.98,10570.28,Delivered
BOL002145,Evergreen,CEVA Logistics,Sobeys,Furniture,20RF,1,Rotterdam,Halifax,FOB,2024-07-04,2024-07-20,2024-07-20,16,0,Yes,None,2752.6,2752.6,16778.67,369255.82,Delivered
BOL002146,ZIM,Sinotrans,Hudson Bay,Food Products,20RF,3,Singapore,Montreal,DDP,2024-11-20,2024-12-19,2024-12-19,29,0,Yes,None,3287.83,9863.49,62717.95,250936.87,Delivered
BOL002147,Yang Ming,Kuehne+Nagel,Loblaws,Chemicals,40HC,5,Rotterdam,Seattle,DDP,2023-12-13,2023-12-30,2023-12-30,17,0,Yes,None,3804.67,19023.35,70421.27,226404.47,Delivered
BOL002148,Hapag-Lloyd,CEVA Logistics,Loblaw Companies,Chemicals,20RF,5,Shanghai,New York,CIF,2024-11-10,2024-12-04,2024-12-04,24,0,Yes,None,2644.12,13220.6,91400.4,11711.28,Delivered
BOL002149,CMA CGM,Expeditors,IKEA Canada,Chemicals,40GP,1,Singapore,Houston,DAP,2023-01-16,2023-02-26,2023-02-26,41,0,Yes,None,1601.81,1601.81,24438.6,200580.61,Delivered
BOL002150,CMA CGM,Sinotrans,Giant Tiger,Furniture,40HC,1,Colombo,Houston,EXW,2022-01-21,2022-02-06,2022-02-06,16,0,Yes,None,3510.03,3510.03,10223.31,52405.27,Delivered
BOL002151,ONE,Expeditors,Indigo Books,Auto Parts,40RF,9,Shanghai,Toronto,DAP,2024-09-07,2024-10-14,2024-10-14,37,0,Yes,None,1540.39,13863.51,202331.66,291630.38,Delivered
BOL002152,COSCO,Expeditors,Loblaw Companies,Auto Parts,40GP,5,Rotterdam,Los Angeles,DAP,2023-02-02,2023-02-24,2023-02-24,22,0,Yes,None,1279.22,6396.1,86270.87,183926.68,Delivered
BOL002153,Maersk,DSV,Groupe Touchette,Textiles,20RF,4,Hamburg,Toronto,DDP,2024-10-15,2024-11-09,2024-11-09,25,0,Yes,None,1177.43,4709.72,41443.14,122419.62,Delivered
BOL002154,COSCO,DSV,Reitmans,Textiles,40GP,8,Busan,Vancouver,CIF,2022-10-19,2022-11-15,2022-11-20,27,5,No,Port Congestion,841.22,6729.76,76342.52,124278.57,Delivered
BOL002155,ZIM,Panalpina,Best Buy Canada,Auto Parts,20GP,3,Shanghai,Chicago,DAP,2024-01-22,2024-03-01,2024-03-01,39,0,Yes,None,2132.18,6396.54,48593.74,278238.34,Delivered
BOL002156,ONE,Kuehne+Nagel,Loblaw Companies,Machinery,45HC,9,Singapore,Houston,EXW,2022-08-21,2022-10-04,2022-10-04,44,0,Yes,None,861.28,7751.52,247289.4,317638.46,Delivered
BOL002157,CMA CGM,Sinotrans,Aldo Group,Toys,40GP,8,Hong Kong,New York,CIF,2024-01-23,2024-03-08,2024-03-08,45,0,Yes,None,3096.68,24773.44,68950.92,151789.17,Delivered
BOL002158,Evergreen,Nippon Express,Aldo Group,Steel Products,40RF,3,Kaohsiung,Toronto,DAP,2024-12-05,2025-01-11,2025-01-11,37,0,Yes,None,2746.84,8240.52,53370.39,321473.02,In Transit
BOL002159,Yang Ming,CEVA Logistics,Home Depot Canada,Chemicals,40RF,6,Hong Kong,Halifax,EXW,2024-11-26,2024-12-23,2024-12-23,27,0,Yes,None,884.57,5307.42,52767.36,300992.82,Delivered
BOL002160,Hapag-Lloyd,Kuehne+Nagel,Sobeys,Toys,45HC,9,Hamburg,New York,DAP,2022-09-19,2022-10-24,2022-10-24,35,0,Yes,None,2297.71,20679.39,183916.54,28043.54,Delivered
BOL002161,ONE,Nippon Express,Loblaw Companies,Furniture,20RF,6,Busan,Montreal,EXW,2023-09-02,2023-10-13,2023-10-13,41,0,Yes,None,3479.39,20876.34,42285.71,368049.45,Delivered
BOL002162,HMM,DSV,Aldo Group,Food Products,40HC,10,Singapore,New York,CIF,2024-02-20,2024-03-15,2024-03-15,24,0,Yes,None,3609.68,36096.8,105663.09,341732.26,Delivered
BOL002163,Evergreen,Nippon Express,Canadian Tire,Apparel,20RF,6,Rotterdam,Houston,DAP,2023-11-21,2023-12-23,2023-12-23,32,0,Yes,None,1985.42,11912.52,132685.65,213231.49,Delivered
BOL002164,Yang Ming,Panalpina,Hudson Bay,Auto Parts,20GP,1,Busan,Miami,DDP,2023-03-21,2023-04-06,2023-04-06,16,0,Yes,None,3250.09,3250.09,21934.93,473004.9,Delivered
BOL002165,HMM,Sinotrans,Home Depot Canada,Auto Parts,40GP,3,Hamburg,Chicago,CFR,2024-03-10,2024-04-22,2024-04-22,43,0,Yes,None,4304.17,12912.51,29110.85,459880.85,Delivered
BOL002166,ZIM,Sinotrans,Loblaw Companies,Auto Parts,20GP,1,Rotterdam,Toronto,DDP,2024-03-12,2024-03-26,2024-03-26,14,0,Yes,None,3031.87,3031.87,11954.37,264504.67,Delivered
BOL002167,ONE,Sinotrans,Sobeys,Machinery,20RF,10,Hong Kong,Halifax,FOB,2023-09-26,2023-10-29,2023-10-29,33,0,Yes,None,3123.41,31234.1,95471.53,239824.0,Delivered
BOL002168,MSC,Nippon Express,Mountain Equipment,Electronics,20GP,7,Hong Kong,Montreal,EXW,2022-04-30,2022-05-15,2022-05-15,15,0,Yes,None,1882.75,13179.25,185971.31,356556.36,Delivered
BOL002169,ZIM,DB Schenker,Shoppers Drug Mart,Textiles,20RF,5,Busan,Montreal,FOB,2023-05-21,2023-06-21,2023-06-21,31,0,Yes,None,1743.28,8716.4,81782.12,114569.94,Delivered
BOL002170,ZIM,Expeditors,Groupe Touchette,Toys,45HC,6,Colombo,Chicago,FOB,2024-10-23,2024-11-07,2024-11-07,15,0,Yes,None,4198.05,25188.3,42126.85,103777.42,Delivered
BOL002171,Maersk,CEVA Logistics,Shoppers Drug Mart,Food Products,40HC,1,Busan,Montreal,CIF,2024-06-30,2024-07-31,2024-07-31,31,0,Yes,None,3043.05,3043.05,14275.36,166266.57,Delivered
BOL002172,Hapag-Lloyd,Panalpina,IKEA Canada,Auto Parts,20RF,10,Kaohsiung,Los Angeles,EXW,2022-11-03,2022-12-02,2022-12-02,29,0,Yes,None,3866.18,38661.8,139684.94,202707.82,Delivered
BOL002173,ZIM,CEVA Logistics,Metro Inc,Apparel,20GP,3,Busan,Montreal,FOB,2023-05-30,2023-07-08,2023-07-08,39,0,Yes,None,3834.92,11504.76,62336.02,200549.19,Delivered
BOL002174,ZIM,DSV,Giant Tiger,Food Products,20RF,5,Shanghai,New York,EXW,2023-03-06,2023-04-10,2023-04-10,35,0,Yes,None,2212.51,11062.55,25079.55,156830.92,Delivered
BOL002175,Evergreen,Panalpina,Sport Chek,Steel Products,40RF,2,Hong Kong,Toronto,DDP,2024-07-30,2024-09-09,2024-09-21,41,12,No,Port Congestion,2376.31,4752.62,18568.08,66738.25,Delayed
BOL002176,ONE,Expeditors,IKEA Canada,Textiles,40RF,2,Singapore,Vancouver,CFR,2023-12-21,2024-01-30,2024-01-30,40,0,Yes,None,3162.35,6324.7,51535.28,31763.09,Delivered
BOL002177,Maersk,Nippon Express,Shoppers Drug Mart,Furniture,45HC,7,Hong Kong,Toronto,CFR,2023-03-20,2023-04-26,2023-04-26,37,0,Yes,None,804.7,5632.9,166202.52,262656.21,Delivered
BOL002178,MSC,Sinotrans,Canadian Tire,Chemicals,20GP,3,Shenzhen,Montreal,CFR,2023-01-31,2023-02-14,2023-02-16,14,2,No,Port Congestion,3965.6,11896.8,70934.63,429513.81,Delivered
BOL002179,ONE,Kuehne+Nagel,Groupe Touchette,Chemicals,20RF,2,Hong Kong,Toronto,FOB,2022-07-05,2022-08-06,2022-08-06,32,0,Yes,None,1501.86,3003.72,28453.91,394361.04,Delivered
BOL002180,Hapag-Lloyd,Expeditors,Aldo Group,Steel Products,20RF,7,Colombo,Toronto,CIF,2023-04-01,2023-05-11,2023-05-11,40,0,Yes,None,3741.33,26189.31,114285.28,246683.31,Delivered
BOL002181,CMA CGM,Panalpina,Loblaws,Apparel,40RF,2,Busan,New York,CIF,2022-11-30,2023-01-06,2023-01-06,37,0,Yes,None,3020.6,6041.2,13851.55,481791.08,Delivered
BOL002182,ZIM,Panalpina,Metro Inc,Toys,40HC,1,Hamburg,Vancouver,EXW,2022-12-01,2022-12-23,2022-12-23,22,0,Yes,None,3263.18,3263.18,26704.39,415153.44,Delivered
BOL002183,CMA CGM,CEVA Logistics,IKEA Canada,Electronics,20RF,1,Ningbo,Miami,DDP,2024-02-29,2024-03-23,2024-03-23,23,0,Yes,None,2238.04,2238.04,7442.99,348347.92,Delivered
BOL002184,MSC,Expeditors,Loblaw Companies,Apparel,45HC,2,Shenzhen,Montreal,DDP,2024-03-06,2024-04-12,2024-04-12,37,0,Yes,None,1421.67,2843.34,15422.46,221494.61,Delivered
BOL002185,Yang Ming,DSV,Best Buy Canada,Furniture,40HC,10,Ningbo,Toronto,CIF,2023-03-30,2023-04-25,2023-04-25,26,0,Yes,None,4036.82,40368.2,166832.74,252707.46,Delivered
BOL002186,MSC,CEVA Logistics,Reitmans,Steel Products,20RF,10,Kaohsiung,Miami,DAP,2023-11-30,2024-01-10,2024-01-10,41,0,Yes,None,4486.84,44868.4,237555.43,424451.05,Delivered
BOL002187,COSCO,Kuehne+Nagel,Loblaws,Apparel,20GP,2,Rotterdam,Toronto,DAP,2023-08-14,2023-09-19,2023-09-19,36,0,Yes,None,1321.63,2643.26,12251.85,116404.65,Delivered
BOL002188,Hapag-Lloyd,DSV,IKEA Canada,Electronics,45HC,1,Hamburg,Vancouver,CFR,2022-01-28,2022-02-27,2022-02-27,30,0,Yes,None,4042.84,4042.84,21133.79,348978.04,Delivered
BOL002189,Maersk,DSV,Giant Tiger,Food Products,40HC,1,Hong Kong,Montreal,CIF,2024-05-20,2024-06-23,2024-06-23,34,0,Yes,None,3834.84,3834.84,5265.76,343251.21,Delivered
BOL002190,Hapag-Lloyd,Kuehne+Nagel,Loblaws,Furniture,40GP,10,Shanghai,Seattle,CFR,2023-11-29,2024-01-07,2024-01-07,39,0,Yes,None,3159.41,31594.1,260347.09,180709.74,Delivered
BOL002191,CMA CGM,DSV,Reitmans,Chemicals,20GP,5,Hamburg,Miami,CIF,2023-09-17,2023-10-10,2023-10-10,23,0,Yes,None,3095.1,15475.5,77244.6,431103.4,Delivered
BOL002192,CMA CGM,Kuehne+Nagel,Sport Chek,Textiles,20GP,10,Singapore,Seattle,DDP,2024-07-19,2024-08-27,2024-08-27,39,0,Yes,None,3783.76,37837.6,94907.75,56905.85,Delivered
BOL002193,HMM,Kuehne+Nagel,Home Depot Canada,Toys,20RF,6,Rotterdam,Los Angeles,DAP,2024-08-19,2024-09-20,2024-09-20,32,0,Yes,None,2955.07,17730.42,31976.74,483382.64,Delivered
BOL002194,Hapag-Lloyd,Sinotrans,Aldo Group,Food Products,20RF,7,Colombo,Los Angeles,CFR,2024-03-10,2024-04-17,2024-04-17,38,0,Yes,None,2410.93,16876.51,158646.98,161136.34,Delivered
BOL002195,CMA CGM,DB Schenker,Sobeys,Apparel,45HC,3,Singapore,Toronto,EXW,2024-09-16,2024-10-02,2024-10-02,16,0,Yes,None,3904.99,11714.97,66474.79,412544.82,Delivered
BOL002196,Maersk,DSV,Metro Inc,Textiles,40GP,5,Rotterdam,Toronto,EXW,2023-02-27,2023-03-18,2023-03-30,19,12,No,Bad Weather,1463.45,7317.25,48354.09,84172.06,Delayed
BOL002197,Evergreen,DSV,Best Buy Canada,Apparel,40HC,1,Busan,Houston,CIF,2024-03-10,2024-03-28,2024-03-28,18,0,Yes,None,2056.07,2056.07,8454.57,316709.34,Delivered
BOL002198,HMM,DSV,Groupe Touchette,Apparel,20RF,4,Shenzhen,Toronto,CIF,2024-01-31,2024-03-11,2024-03-11,40,0,Yes,None,1866.17,7464.68,33746.06,83217.28,Delivered
BOL002199,Evergreen,Nippon Express,Costco Canada,Machinery,40HC,2,Hamburg,Montreal,DDP,2023-06-13,2023-07-11,2023-07-11,28,0,Yes,None,1839.84,3679.68,11424.57,452640.08,Delivered
BOL002200,MSC,Kuehne+Nagel,Aldo Group,Auto Parts,20GP,3,Ningbo,New York,DAP,2024-09-13,2024-10-06,2024-10-06,23,0,Yes,None,1157.67,3473.01,22918.25,465974.45,Delivered
BOL002201,ZIM,Expeditors,Indigo Books,Textiles,20GP,10,Rotterdam,Houston,CFR,2024-10-25,2024-11-14,2024-11-14,20,0,Yes,None,2216.61,22166.1,248148.53,89686.18,Delivered
BOL002202,COSCO,Nippon Express,Costco Canada,Textiles,40HC,6,Singapore,Montreal,CIF,2023-11-12,2023-12-19,2023-12-19,37,0,Yes,None,4007.31,24043.86,87547.59,385949.85,Delivered
BOL002203,COSCO,Panalpina,Walmart Canada,Furniture,40GP,3,Hamburg,Montreal,CFR,2022-11-02,2022-12-06,2022-12-06,34,0,Yes,None,3165.76,9497.28,28979.34,67210.0,Delivered
BOL002204,Hapag-Lloyd,Sinotrans,Sobeys,Toys,40GP,9,Ningbo,Toronto,DAP,2022-04-05,2022-05-04,2022-05-04,29,0,Yes,None,3524.0,31716.0,83644.4,481469.84,Delivered
BOL002205,MSC,Panalpina,Sobeys,Furniture,40GP,9,Colombo,Seattle,FOB,2024-02-17,2024-03-26,2024-03-26,38,0,Yes,None,2820.13,25381.17,147494.79,167266.92,Delivered
BOL002206,CMA CGM,Nippon Express,Canadian Tire,Apparel,40GP,7,Ningbo,Miami,DDP,2023-03-02,2023-03-20,2023-03-20,18,0,Yes,None,2855.15,19986.05,132272.54,60334.25,Delivered
BOL002207,Hapag-Lloyd,Sinotrans,Loblaw Companies,Machinery,40HC,4,Rotterdam,Vancouver,EXW,2023-08-29,2023-09-17,2023-09-17,19,0,Yes,None,814.03,3256.12,95351.55,17460.38,Delivered
BOL002208,MSC,Expeditors,IKEA Canada,Chemicals,40HC,4,Hamburg,Vancouver,CIF,2023-09-19,2023-10-25,2023-10-25,36,0,Yes,None,1590.07,6360.28,74754.65,310041.84,Delivered
BOL002209,Evergreen,Nippon Express,Aldo Group,Machinery,20RF,8,Busan,Chicago,EXW,2023-07-21,2023-09-01,2023-09-01,42,0,Yes,None,905.41,7243.28,44627.7,32396.97,Delivered
BOL002210,Yang Ming,Kuehne+Nagel,Loblaw Companies,Electronics,45HC,2,Hamburg,Montreal,DDP,2024-01-17,2024-02-22,2024-02-22,36,0,Yes,None,3514.55,7029.1,34080.67,55236.94,Delivered
BOL002211,HMM,Kuehne+Nagel,Costco Canada,Electronics,40GP,8,Hamburg,Chicago,CIF,2024-01-21,2024-02-13,2024-02-13,23,0,Yes,None,2417.29,19338.32,208969.35,262334.85,Delivered
BOL002212,ZIM,DSV,Best Buy Canada,Auto Parts,20RF,6,Shanghai,Chicago,DDP,2022-11-25,2022-12-19,2022-12-19,24,0,Yes,None,1776.94,10661.64,35652.1,441116.49,Delivered
BOL002213,Maersk,Sinotrans,Sport Chek,Auto Parts,45HC,5,Shanghai,Seattle,DAP,2024-12-11,2025-01-07,2025-01-07,27,0,Yes,None,2501.38,12506.9,108151.56,253221.07,In Transit
BOL002214,MSC,DB Schenker,Reitmans,Furniture,45HC,7,Colombo,Los Angeles,DDP,2023-12-25,2024-02-02,2024-02-02,39,0,Yes,None,4360.71,30524.97,57419.22,428855.59,Delivered
BOL002215,Yang Ming,Expeditors,Costco Canada,Machinery,45HC,9,Hamburg,Los Angeles,DDP,2022-09-05,2022-10-02,2022-10-02,27,0,Yes,None,1410.62,12695.58,160008.58,138178.67,Delivered
BOL002216,Yang Ming,Panalpina,Loblaws,Food Products,40HC,10,Shanghai,Miami,FOB,2023-02-09,2023-02-23,2023-02-23,14,0,Yes,None,4493.71,44937.1,149104.39,91388.88,Delivered
BOL002217,COSCO,DSV,Metro Inc,Apparel,40RF,5,Singapore,Halifax,FOB,2023-04-20,2023-05-10,2023-05-10,20,0,Yes,None,1560.66,7803.3,64105.95,407572.51,Delivered
BOL002218,MSC,DSV,Walmart Canada,Toys,40HC,3,Hamburg,Montreal,DDP,2024-06-05,2024-07-11,2024-07-11,36,0,Yes,None,1237.9,3713.7,75231.35,377187.12,Delivered
BOL002219,COSCO,DB Schenker,Loblaws,Chemicals,20RF,2,Hong Kong,Houston,CFR,2023-04-07,2023-05-15,2023-05-15,38,0,Yes,None,1107.7,2215.4,28895.41,175644.78,Delivered
BOL002220,HMM,Sinotrans,Sobeys,Toys,40GP,2,Rotterdam,Houston,CIF,2022-05-31,2022-06-29,2022-06-29,29,0,Yes,None,1571.72,3143.44,49245.95,104776.41,Delivered
BOL002221,Hapag-Lloyd,Kuehne+Nagel,Loblaws,Apparel,45HC,6,Shenzhen,New York,DAP,2024-08-02,2024-09-12,2024-09-12,41,0,Yes,None,2901.44,17408.64,79801.45,283909.71,Delivered
BOL002222,ZIM,CEVA Logistics,Costco Canada,Furniture,20RF,1,Ningbo,Miami,CIF,2023-12-10,2024-01-07,2024-01-07,28,0,Yes,None,4351.75,4351.75,20004.22,401729.2,Delivered
BOL002223,COSCO,DB Schenker,Empire Company,Electronics,20GP,1,Hong Kong,Chicago,EXW,2024-09-30,2024-11-08,2024-11-08,39,0,Yes,None,1147.71,1147.71,6885.94,308796.88,Delivered
BOL002224,Yang Ming,Nippon Express,Loblaws,Apparel,40GP,2,Shanghai,Montreal,DAP,2023-02-12,2023-03-24,2023-03-24,40,0,Yes,None,1767.73,3535.46,36911.2,16255.47,Delivered
BOL002225,COSCO,Sinotrans,Giant Tiger,Electronics,40RF,10,Hamburg,New York,DAP,2022-02-07,2022-03-12,2022-03-12,33,0,Yes,None,2911.54,29115.4,70599.37,490808.05,Delivered
BOL002226,CMA CGM,DB Schenker,IKEA Canada,Food Products,20GP,10,Busan,Seattle,EXW,2024-08-03,2024-08-31,2024-08-31,28,0,Yes,None,3299.66,32996.6,77179.44,402472.11,Delivered
BOL002227,ZIM,Panalpina,Mountain Equipment,Apparel,20RF,10,Hong Kong,Halifax,DDP,2022-04-28,2022-06-04,2022-06-04,37,0,Yes,None,2423.68,24236.8,86393.25,140809.12,Delivered
BOL002228,ZIM,Sinotrans,Hudson Bay,Toys,45HC,8,Kaohsiung,Vancouver,CIF,2024-06-28,2024-07-24,2024-07-24,26,0,Yes,None,826.32,6610.56,61276.2,174464.98,Delivered
BOL002229,Maersk,Nippon Express,Aldo Group,Textiles,20RF,9,Rotterdam,Vancouver,EXW,2022-01-10,2022-02-20,2022-02-20,41,0,Yes,None,3345.08,30105.72,224569.14,346466.9,Delivered
BOL002230,Hapag-Lloyd,DB Schenker,Canadian Tire,Machinery,45HC,10,Busan,Miami,DAP,2023-02-15,2023-03-23,2023-03-23,36,0,Yes,None,1885.37,18853.7,98883.77,351461.93,Delivered
BOL002231,ONE,Sinotrans,Sport Chek,Textiles,45HC,7,Rotterdam,Chicago,DAP,2024-02-23,2024-03-20,2024-03-20,26,0,Yes,None,4074.58,28522.06,158199.63,181818.58,Delivered
BOL002232,ONE,DSV,Loblaw Companies,Electronics,40HC,6,Hamburg,Chicago,DDP,2023-06-16,2023-07-16,2023-07-16,30,0,Yes,None,3915.25,23491.5,141662.5,126920.57,Delivered
BOL002233,Yang Ming,DSV,Aldo Group,Chemicals,40GP,10,Colombo,Halifax,CIF,2022-02-18,2022-03-27,2022-03-27,37,0,Yes,None,3195.58,31955.8,178606.39,143717.9,Delivered
BOL002234,Maersk,Expeditors,Reitmans,Chemicals,40HC,5,Hamburg,Montreal,CIF,2023-11-13,2023-11-28,2023-11-28,15,0,Yes,None,2849.67,14248.35,133312.64,388697.6,Delivered
BOL002235,COSCO,CEVA Logistics,Loblaws,Electronics,40GP,3,Rotterdam,Chicago,DDP,2023-02-11,2023-03-20,2023-03-20,37,0,Yes,None,3469.98,10409.94,23339.73,209470.05,Delivered
BOL002236,Maersk,DB Schenker,Canadian Tire,Chemicals,40HC,2,Ningbo,Chicago,FOB,2024-08-30,2024-09-27,2024-09-27,28,0,Yes,None,2101.47,4202.94,43198.69,199298.68,Delivered
BOL002237,ZIM,DSV,Indigo Books,Machinery,20RF,8,Singapore,Miami,DDP,2024-04-14,2024-05-21,2024-05-21,37,0,Yes,None,3137.07,25096.56,119466.15,109024.58,Delivered
BOL002238,Hapag-Lloyd,DB Schenker,Aldo Group,Apparel,40GP,3,Kaohsiung,Seattle,EXW,2024-03-18,2024-04-28,2024-04-28,41,0,Yes,None,4142.69,12428.07,28563.05,394057.29,Delivered
BOL002239,MSC,Sinotrans,Best Buy Canada,Steel Products,20GP,2,Hamburg,Montreal,EXW,2022-04-20,2022-05-22,2022-05-22,32,0,Yes,None,878.25,1756.5,38901.12,223743.21,Delivered
BOL002240,Yang Ming,Expeditors,Loblaws,Apparel,45HC,10,Busan,Toronto,EXW,2023-09-05,2023-10-05,2023-10-05,30,0,Yes,None,3145.24,31452.4,96502.46,106193.02,Delivered
BOL002241,Yang Ming,CEVA Logistics,Giant Tiger,Electronics,40HC,8,Hong Kong,Los Angeles,CIF,2023-10-21,2023-12-02,2023-12-02,42,0,Yes,None,2753.99,22031.92,78708.72,177282.8,Delivered
BOL002242,CMA CGM,Sinotrans,IKEA Canada,Steel Products,45HC,1,Colombo,Vancouver,CIF,2024-04-06,2024-05-20,2024-05-20,44,0,Yes,None,2579.28,2579.28,19639.71,458008.23,Delivered
BOL002243,MSC,Sinotrans,Sobeys,Auto Parts,40GP,8,Colombo,Chicago,CIF,2022-07-14,2022-08-10,2022-08-10,27,0,Yes,None,2508.37,20066.96,106960.46,325857.83,Delivered
BOL002244,ONE,DSV,Indigo Books,Apparel,40RF,9,Shanghai,Miami,FOB,2024-10-22,2024-12-03,2024-12-03,42,0,Yes,None,3680.46,33124.14,47423.51,293602.02,Delivered
BOL002245,Evergreen,Panalpina,Loblaws,Electronics,40GP,9,Singapore,Montreal,CIF,2022-03-25,2022-05-09,2022-05-10,45,1,No,Documentation Error,3318.7,29868.3,107387.88,270144.95,Delivered
BOL002246,CMA CGM,CEVA Logistics,Metro Inc,Toys,40RF,5,Singapore,Halifax,CIF,2024-08-05,2024-09-01,2024-09-08,27,7,No,Bad Weather,3353.37,16766.85,25832.47,152616.46,Delayed
BOL002247,MSC,Panalpina,Metro Inc,Food Products,20RF,9,Singapore,New York,DAP,2022-01-21,2022-02-16,2022-02-16,26,0,Yes,None,1705.98,15353.82,182286.6,201080.56,Delivered
BOL002248,Maersk,Nippon Express,Canadian Tire,Auto Parts,20RF,9,Kaohsiung,New York,CIF,2024-10-26,2024-11-26,2024-12-01,31,5,No,Port Congestion,3238.26,29144.34,231507.01,498292.6,Delivered
BOL002249,Evergreen,Sinotrans,Aldo Group,Electronics,40HC,3,Hong Kong,Los Angeles,CIF,2024-02-01,2024-03-13,2024-03-13,41,0,Yes,None,2366.3,7098.9,58124.62,36501.68,Delivered
BOL002250,Maersk,Kuehne+Nagel,Giant Tiger,Auto Parts,20RF,3,Hong Kong,Chicago,FOB,2024-02-20,2024-03-17,2024-03-17,26,0,Yes,None,4167.94,12503.82,39716.93,482520.14,Delivered
BOL002251,HMM,Panalpina,Home Depot Canada,Chemicals,20GP,3,Shenzhen,Los Angeles,CIF,2023-12-25,2024-01-25,2024-01-25,31,0,Yes,None,3325.68,9977.04,29385.15,90042.68,Delivered
BOL002252,CMA CGM,Kuehne+Nagel,Metro Inc,Electronics,20GP,9,Rotterdam,Montreal,EXW,2022-01-09,2022-01-24,2022-01-24,15,0,Yes,None,1318.12,11863.08,53069.28,498388.07,Delivered
BOL002253,ZIM,DB Schenker,Costco Canada,Steel Products,40HC,9,Hong Kong,Seattle,DAP,2022-03-08,2022-04-06,2022-04-21,29,15,No,Bad Weather,1865.17,16786.53,137795.5,458458.22,Delayed
BOL002254,CMA CGM,Sinotrans,Loblaw Companies,Auto Parts,40GP,9,Ningbo,Seattle,CFR,2023-07-09,2023-08-13,2023-08-13,35,0,Yes,None,3870.51,34834.59,122572.78,51476.4,Delivered
BOL002255,COSCO,Panalpina,Home Depot Canada,Textiles,20GP,9,Hamburg,Miami,DDP,2023-07-17,2023-08-08,2023-08-08,22,0,Yes,None,2070.19,18631.71,225260.3,188913.55,Delivered
BOL002256,Hapag-Lloyd,Nippon Express,Metro Inc,Machinery,20RF,2,Kaohsiung,Houston,DDP,2023-11-25,2023-12-11,2023-12-11,16,0,Yes,None,2928.19,5856.38,43484.82,427672.06,Delivered
BOL002257,COSCO,DSV,Loblaws,Steel Products,20GP,5,Hong Kong,Toronto,CIF,2024-03-04,2024-03-24,2024-03-24,20,0,Yes,None,2696.25,13481.25,57398.37,372331.0,Delivered
BOL002258,ONE,Panalpina,Costco Canada,Steel Products,40HC,1,Hong Kong,Houston,DDP,2024-04-13,2024-05-15,2024-05-15,32,0,Yes,None,2441.39,2441.39,24565.5,301873.26,Delivered
BOL002259,ZIM,Panalpina,Loblaws,Toys,40RF,3,Singapore,Seattle,DAP,2023-11-13,2023-12-01,2023-12-01,18,0,Yes,None,3256.97,9770.91,45817.93,390222.44,Delivered
BOL002260,ZIM,CEVA Logistics,Aldo Group,Steel Products,20GP,3,Kaohsiung,New York,DAP,2023-01-04,2023-02-10,2023-02-10,37,0,Yes,None,1602.25,4806.75,45869.04,427247.68,Delivered
BOL002261,ZIM,Sinotrans,Best Buy Canada,Machinery,40HC,6,Kaohsiung,Miami,DDP,2022-02-04,2022-03-21,2022-03-21,45,0,Yes,None,3019.43,18116.58,69220.77,417742.62,Delivered
BOL002262,Evergreen,Nippon Express,Hudson Bay,Chemicals,40HC,7,Hong Kong,Halifax,FOB,2024-05-23,2024-06-14,2024-06-14,22,0,Yes,None,3238.27,22667.89,113661.21,85478.63,Delivered
BOL002263,CMA CGM,Expeditors,Mountain Equipment,Toys,20GP,7,Ningbo,Seattle,DAP,2024-06-01,2024-07-13,2024-07-13,42,0,Yes,None,1914.17,13399.19,160940.39,456520.62,Delivered
BOL002264,ONE,Expeditors,Shoppers Drug Mart,Machinery,20GP,4,Shanghai,Toronto,EXW,2022-05-09,2022-06-10,2022-06-10,32,0,Yes,None,1822.33,7289.32,65672.15,465155.54,Delivered
BOL002265,Evergreen,Sinotrans,Sobeys,Auto Parts,40HC,6,Rotterdam,Montreal,EXW,2023-08-17,2023-09-22,2023-09-22,36,0,Yes,None,4217.44,25304.64,140595.98,479527.45,Delivered
BOL002266,Maersk,DSV,Canadian Tire,Textiles,20RF,6,Kaohsiung,Vancouver,DAP,2024-04-29,2024-05-16,2024-05-16,17,0,Yes,None,3606.92,21641.52,71610.07,403731.12,Delivered
BOL002267,HMM,Sinotrans,Sport Chek,Auto Parts,40HC,8,Kaohsiung,Seattle,CIF,2023-02-16,2023-03-07,2023-03-07,19,0,Yes,None,2868.88,22951.04,180936.4,55809.96,Delivered
BOL002268,COSCO,Kuehne+Nagel,Walmart Canada,Chemicals,40RF,7,Colombo,Montreal,DDP,2022-04-05,2022-05-04,2022-05-04,29,0,Yes,None,933.37,6533.59,127696.35,482123.68,Delivered
BOL002269,Maersk,CEVA Logistics,Empire Company,Furniture,20RF,4,Busan,Los Angeles,DAP,2022-03-10,2022-04-16,2022-04-16,37,0,Yes,None,3009.7,12038.8,28540.79,191017.79,Delivered
BOL002270,Maersk,Nippon Express,Reitmans,Auto Parts,40GP,4,Shanghai,Los Angeles,CFR,2022-03-09,2022-04-04,2022-04-04,26,0,Yes,None,4279.59,17118.36,59875.48,254889.37,Delivered
BOL002271,MSC,Sinotrans,Indigo Books,Food Products,20RF,9,Hamburg,Montreal,DAP,2024-11-28,2024-12-22,2025-01-02,24,11,No,Port Congestion,3075.27,27677.43,154340.16,148830.02,Delayed
BOL002272,CMA CGM,Nippon Express,Empire Company,Food Products,40GP,1,Ningbo,Chicago,DAP,2023-05-24,2023-06-24,2023-06-24,31,0,Yes,None,2811.61,2811.61,11876.49,352686.15,Delivered
BOL002273,ZIM,Expeditors,Indigo Books,Steel Products,40HC,5,Busan,Los Angeles,DAP,2023-07-24,2023-08-16,2023-08-16,23,0,Yes,None,3938.44,19692.2,54630.58,327639.63,Delivered
BOL002274,CMA CGM,Nippon Express,Metro Inc,Machinery,40RF,9,Kaohsiung,Halifax,DAP,2024-06-24,2024-07-28,2024-07-28,34,0,Yes,None,2555.17,22996.53,215731.28,158152.83,Delivered
BOL002275,ONE,DSV,Sport Chek,Chemicals,20RF,4,Busan,Vancouver,DAP,2022-06-30,2022-08-02,2022-08-17,33,15,No,Equipment Shortage,4436.2,17744.8,72351.37,354537.7,Delayed
BOL002276,Yang Ming,Sinotrans,Sport Chek,Machinery,40GP,7,Colombo,Halifax,CFR,2022-10-23,2022-11-18,2022-11-18,26,0,Yes,None,3731.28,26118.96,128917.1,15443.51,Delivered
BOL002277,Hapag-Lloyd,DB Schenker,Sobeys,Food Products,20RF,3,Busan,Los Angeles,CFR,2024-05-06,2024-05-24,2024-05-24,18,0,Yes,None,3907.19,11721.57,54781.16,397428.64,Delivered
BOL002278,Evergreen,DSV,Sobeys,Textiles,40GP,8,Rotterdam,Vancouver,DAP,2023-01-16,2023-02-02,2023-02-02,17,0,Yes,None,3415.91,27327.28,182330.98,36084.54,Delivered
BOL002279,Yang Ming,Sinotrans,Metro Inc,Chemicals,20GP,5,Hong Kong,Seattle,DAP,2024-12-02,2025-01-05,2025-01-05,34,0,Yes,None,3712.73,18563.65,62703.67,198670.66,In Transit
BOL002280,Hapag-Lloyd,Sinotrans,Costco Canada,Steel Products,20GP,3,Rotterdam,Chicago,EXW,2022-01-05,2022-01-22,2022-01-22,17,0,Yes,None,4191.29,12573.87,58966.89,244698.98,Delivered
BOL002281,CMA CGM,DB Schenker,Empire Company,Electronics,45HC,2,Singapore,Chicago,FOB,2023-04-05,2023-04-29,2023-04-29,24,0,Yes,None,1744.83,3489.66,29982.08,104512.62,Delivered
BOL002282,MSC,CEVA Logistics,Mountain Equipment,Steel Products,40RF,2,Shenzhen,Halifax,CFR,2022-06-29,2022-08-09,2022-08-09,41,0,Yes,None,4002.2,8004.4,16315.25,132284.55,Delivered
BOL002283,Hapag-Lloyd,Nippon Express,Hudson Bay,Auto Parts,40GP,4,Colombo,Vancouver,CIF,2023-11-28,2024-01-07,2024-01-07,40,0,Yes,None,1971.42,7885.68,98404.02,166557.21,Delivered
BOL002284,COSCO,CEVA Logistics,Sport Chek,Apparel,45HC,10,Busan,New York,FOB,2024-05-16,2024-06-25,2024-07-07,40,12,No,Customs Inspection,3359.8,33598.0,60952.71,146783.11,Delayed
BOL002285,ZIM,Panalpina,Indigo Books,Machinery,20GP,1,Singapore,Houston,CFR,2024-11-01,2024-11-19,2024-11-19,18,0,Yes,None,2145.43,2145.43,7918.92,49945.56,Delivered
BOL002286,Evergreen,CEVA Logistics,Costco Canada,Chemicals,20GP,3,Shenzhen,Chicago,CFR,2022-02-12,2022-03-19,2022-03-19,35,0,Yes,None,2099.98,6299.94,57810.13,56884.43,Delivered
BOL002287,CMA CGM,Nippon Express,Reitmans,Apparel,40RF,6,Kaohsiung,Los Angeles,DAP,2023-10-02,2023-10-16,2023-10-16,14,0,Yes,None,1256.96,7541.76,35540.49,47637.25,Delivered
BOL002288,Evergreen,Nippon Express,Loblaw Companies,Apparel,20GP,5,Shanghai,Chicago,CFR,2023-08-12,2023-09-16,2023-09-29,35,13,No,Equipment Shortage,4493.87,22469.35,52508.78,418842.68,Delayed
BOL002289,Yang Ming,Panalpina,Mountain Equipment,Apparel,45HC,7,Busan,New York,DAP,2023-08-01,2023-08-30,2023-08-30,29,0,Yes,None,2321.56,16250.92,99101.09,31185.51,Delivered
BOL002290,Evergreen,CEVA Logistics,Sobeys,Food Products,40HC,8,Ningbo,Toronto,DDP,2024-11-10,2024-11-25,2024-11-25,15,0,Yes,None,2005.69,16045.52,102260.47,216283.33,Delivered
BOL002291,ZIM,CEVA Logistics,Groupe Touchette,Electronics,20GP,1,Rotterdam,Montreal,DAP,2022-10-22,2022-12-04,2022-12-04,43,0,Yes,None,4090.26,4090.26,13193.67,376679.9,Delivered
BOL002292,CMA CGM,Expeditors,Costco Canada,Auto Parts,40GP,2,Kaohsiung,New York,EXW,2023-10-16,2023-11-28,2023-11-28,43,0,Yes,None,3381.95,6763.9,14200.24,197705.04,Delivered
BOL002293,ONE,DSV,Giant Tiger,Toys,40HC,9,Shenzhen,Miami,FOB,2023-04-19,2023-05-04,2023-05-04,15,0,Yes,None,1842.94,16586.46,165631.66,166639.16,Delivered
BOL002294,COSCO,Kuehne+Nagel,Shoppers Drug Mart,Chemicals,20RF,4,Singapore,Miami,DDP,2023-01-21,2023-02-13,2023-02-13,23,0,Yes,None,918.65,3674.6,44969.69,204012.96,Delivered
BOL002295,Maersk,DSV,Costco Canada,Steel Products,20GP,2,Hong Kong,Vancouver,CIF,2022-02-20,2022-03-15,2022-03-15,23,0,Yes,None,1995.08,3990.16,24019.95,257167.88,Delivered
BOL002296,Evergreen,CEVA Logistics,Canadian Tire,Toys,45HC,4,Hong Kong,Chicago,DDP,2024-03-12,2024-04-18,2024-04-18,37,0,Yes,None,3626.63,14506.52,20599.21,246177.03,Delivered
BOL002297,ZIM,Nippon Express,Loblaws,Electronics,40HC,4,Ningbo,Vancouver,DDP,2023-08-01,2023-08-22,2023-08-22,21,0,Yes,None,2468.1,9872.4,61305.54,323495.88,Delivered
BOL002298,HMM,Panalpina,Giant Tiger,Toys,40RF,10,Busan,New York,FOB,2022-05-06,2022-05-27,2022-05-27,21,0,Yes,None,1427.58,14275.8,256660.21,418990.37,Delivered
BOL002299,Evergreen,CEVA Logistics,Home Depot Canada,Electronics,45HC,6,Busan,Halifax,DDP,2024-02-19,2024-03-10,2024-03-10,20,0,Yes,None,936.2,5617.2,113394.29,251854.54,Delivered
BOL002300,HMM,Nippon Express,Empire Company,Auto Parts,20GP,7,Shenzhen,Seattle,DAP,2023-12-12,2024-01-18,2024-01-18,37,0,Yes,None,3044.33,21310.31,123259.59,131200.87,Delivered
BOL002301,ONE,Nippon Express,Mountain Equipment,Steel Products,45HC,6,Hong Kong,Los Angeles,CIF,2022-02-27,2022-03-29,2022-03-29,30,0,Yes,None,3405.57,20433.42,140597.8,155047.49,Delivered
BOL002302,ONE,Nippon Express,Hudson Bay,Food Products,40HC,1,Hamburg,Montreal,CIF,2022-02-13,2022-03-30,2022-04-13,45,14,No,Equipment Shortage,2933.23,2933.23,14015.02,435980.75,Delayed
BOL002303,COSCO,CEVA Logistics,Best Buy Canada,Electronics,40GP,7,Colombo,Miami,DDP,2022-08-15,2022-09-08,2022-09-08,24,0,Yes,None,3714.25,25999.75,166872.27,41778.89,Delivered
BOL002304,ZIM,DB Schenker,Costco Canada,Electronics,40RF,2,Colombo,Vancouver,FOB,2023-03-28,2023-05-08,2023-05-08,41,0,Yes,None,2981.4,5962.8,48838.58,11709.2,Delivered
BOL002305,ZIM,Kuehne+Nagel,Canadian Tire,Toys,20GP,6,Colombo,Seattle,DAP,2024-10-20,2024-11-28,2024-11-28,39,0,Yes,None,4237.55,25425.3,140712.75,336819.43,Delivered
BOL002306,Yang Ming,Nippon Express,Walmart Canada,Machinery,20RF,3,Rotterdam,Halifax,DAP,2023-07-23,2023-09-04,2023-09-04,43,0,Yes,None,4059.48,12178.44,21938.41,285952.4,Delivered
BOL002307,CMA CGM,Expeditors,Best Buy Canada,Electronics,20RF,6,Kaohsiung,Los Angeles,EXW,2024-07-09,2024-08-04,2024-08-04,26,0,Yes,None,2244.27,13465.62,140145.65,346064.88,Delivered
BOL002308,CMA CGM,Nippon Express,Canadian Tire,Chemicals,40RF,10,Colombo,Halifax,FOB,2024-01-25,2024-03-04,2024-03-04,39,0,Yes,None,4254.88,42548.8,202465.99,400569.48,Delivered
BOL002309,CMA CGM,DSV,Sobeys,Apparel,40HC,9,Shenzhen,Montreal,DAP,2024-01-01,2024-01-21,2024-01-21,20,0,Yes,None,2339.44,21054.96,142886.92,187922.0,Delivered
BOL002310,Hapag-Lloyd,Panalpina,IKEA Canada,Auto Parts,20RF,4,Hong Kong,Montreal,CFR,2024-11-09,2024-12-21,2024-12-21,42,0,Yes,None,2183.12,8732.48,110611.22,464968.84,Delivered
BOL002311,Hapag-Lloyd,Kuehne+Nagel,Groupe Touchette,Food Products,40HC,3,Shanghai,Miami,DDP,2024-03-02,2024-04-15,2024-04-15,44,0,Yes,None,3660.18,10980.54,73122.38,309700.68,Delivered
BOL002312,Evergreen,Expeditors,Home Depot Canada,Electronics,20RF,2,Busan,Houston,CIF,2022-11-01,2022-12-09,2022-12-09,38,0,Yes,None,2903.81,5807.62,54259.56,291846.05,Delivered
BOL002313,Evergreen,DB Schenker,Shoppers Drug Mart,Auto Parts,45HC,9,Hamburg,Houston,EXW,2024-09-06,2024-10-03,2024-10-03,27,0,Yes,None,1290.64,11615.76,210153.37,364612.0,Delivered
BOL002314,MSC,Sinotrans,Hudson Bay,Furniture,40RF,5,Colombo,Vancouver,CFR,2024-05-17,2024-06-10,2024-06-10,24,0,Yes,None,3669.54,18347.7,134952.02,134254.75,Delivered
BOL002315,MSC,Sinotrans,Giant Tiger,Toys,45HC,4,Kaohsiung,New York,DDP,2023-02-08,2023-03-12,2023-03-12,32,0,Yes,None,2911.17,11644.68,35198.61,72492.0,Delivered
BOL002316,ONE,Nippon Express,Sobeys,Toys,40RF,5,Shanghai,Houston,DDP,2023-11-19,2023-12-03,2023-12-03,14,0,Yes,None,3336.94,16684.7,118278.36,225294.77,Delivered
BOL002317,MSC,Nippon Express,Shoppers Drug Mart,Apparel,40GP,5,Busan,Montreal,DDP,2022-06-11,2022-07-24,2022-07-24,43,0,Yes,None,1583.23,7916.15,98684.99,111133.96,Delivered
BOL002318,HMM,Sinotrans,Mountain Equipment,Chemicals,45HC,3,Busan,Miami,DAP,2023-12-22,2024-01-07,2024-01-07,16,0,Yes,None,985.61,2956.83,33745.5,26973.32,Delivered
BOL002319,COSCO,Sinotrans,Walmart Canada,Chemicals,20GP,7,Shanghai,Montreal,EXW,2023-01-17,2023-02-16,2023-02-16,30,0,Yes,None,2782.61,19478.27,178275.86,397585.85,Delivered
BOL002320,HMM,Expeditors,Aldo Group,Toys,40HC,2,Ningbo,Seattle,EXW,2023-07-12,2023-08-09,2023-08-22,28,13,No,Bad Weather,1023.64,2047.28,42975.28,17664.33,Delayed
BOL002321,Yang Ming,Expeditors,Best Buy Canada,Steel Products,20GP,1,Colombo,Halifax,CFR,2023-12-16,2024-01-16,2024-01-16,31,0,Yes,None,1195.18,1195.18,17065.14,44791.77,Delivered
BOL002322,MSC,CEVA Logistics,Sobeys,Chemicals,40HC,4,Shenzhen,Vancouver,DDP,2022-11-15,2022-12-14,2022-12-14,29,0,Yes,None,2756.08,11024.32,93284.86,444992.08,Delivered
BOL002323,CMA CGM,DSV,Shoppers Drug Mart,Machinery,20GP,2,Ningbo,Miami,EXW,2023-01-22,2023-02-24,2023-02-24,33,0,Yes,None,4021.4,8042.8,48507.34,150283.25,Delivered
BOL002324,Evergreen,Nippon Express,Walmart Canada,Steel Products,40GP,6,Ningbo,Los Angeles,EXW,2024-05-02,2024-05-26,2024-05-27,24,1,No,Port Congestion,3423.48,20540.88,139440.45,315261.93,Delivered
BOL002325,Hapag-Lloyd,CEVA Logistics,Canadian Tire,Toys,40GP,5,Kaohsiung,Houston,DDP,2022-06-20,2022-08-01,2022-08-01,42,0,Yes,None,2224.21,11121.05,130003.01,459979.98,Delivered
BOL002326,Yang Ming,Kuehne+Nagel,Loblaw Companies,Auto Parts,20RF,9,Hong Kong,Vancouver,EXW,2024-05-04,2024-05-21,2024-05-21,17,0,Yes,None,3956.96,35612.64,60937.29,226333.47,Delivered
BOL002327,COSCO,Sinotrans,Shoppers Drug Mart,Electronics,40GP,3,Shenzhen,Miami,CFR,2023-06-16,2023-07-05,2023-07-05,19,0,Yes,None,1876.94,5630.82,22361.89,175597.41,Delivered
BOL002328,Maersk,Kuehne+Nagel,Shoppers Drug Mart,Furniture,40HC,5,Rotterdam,Houston,CFR,2023-06-03,2023-06-22,2023-06-22,19,0,Yes,None,1250.83,6254.15,50108.17,106558.84,Delivered
BOL002329,COSCO,Panalpina,Canadian Tire,Furniture,40HC,9,Hong Kong,Seattle,CFR,2023-11-05,2023-12-16,2023-12-16,41,0,Yes,None,1231.32,11081.88,178886.98,58462.91,Delivered
BOL002330,HMM,Kuehne+Nagel,Loblaws,Steel Products,20GP,10,Singapore,Los Angeles,CFR,2022-12-30,2023-02-01,2023-02-01,33,0,Yes,None,3992.31,39923.1,197918.76,60295.58,Delivered
BOL002331,HMM,DSV,Best Buy Canada,Auto Parts,20GP,4,Rotterdam,Halifax,CFR,2023-08-18,2023-09-08,2023-09-08,21,0,Yes,None,3817.6,15270.4,108455.93,349750.03,Delivered
BOL002332,Maersk,DSV,Empire Company,Steel Products,20GP,3,Shanghai,Los Angeles,CFR,2022-12-11,2023-01-20,2023-01-20,40,0,Yes,None,3836.93,11510.79,17106.48,230610.05,Delivered
BOL002333,Evergreen,Kuehne+Nagel,Shoppers Drug Mart,Food Products,40HC,9,Kaohsiung,Vancouver,DAP,2024-06-11,2024-07-20,2024-07-20,39,0,Yes,None,1074.18,9667.62,157289.75,237042.05,Delivered
BOL002334,COSCO,Expeditors,Best Buy Canada,Electronics,20RF,2,Ningbo,Vancouver,FOB,2024-05-02,2024-06-04,2024-06-04,33,0,Yes,None,4485.73,8971.46,54466.52,103780.49,Delivered
BOL002335,CMA CGM,DB Schenker,Walmart Canada,Textiles,20GP,6,Busan,Chicago,EXW,2022-05-07,2022-06-10,2022-06-10,34,0,Yes,None,2289.78,13738.68,151139.48,386076.24,Delivered
BOL002336,CMA CGM,DB Schenker,Loblaws,Chemicals,45HC,8,Ningbo,Toronto,CIF,2022-10-30,2022-11-29,2022-11-29,30,0,Yes,None,3884.43,31075.44,155870.67,499545.3,Delivered
BOL002337,COSCO,Sinotrans,Indigo Books,Toys,45HC,8,Busan,Halifax,DDP,2023-05-11,2023-06-21,2023-06-21,41,0,Yes,None,2224.0,17792.0,97212.37,75961.62,Delivered
BOL002338,Maersk,Panalpina,Canadian Tire,Auto Parts,45HC,3,Singapore,Toronto,CIF,2024-08-20,2024-09-22,2024-09-23,33,1,No,Equipment Shortage,1077.64,3232.92,45968.67,175640.24,Delivered
BOL002339,Hapag-Lloyd,DSV,Mountain Equipment,Furniture,20RF,8,Ningbo,Houston,DAP,2022-05-30,2022-06-14,2022-06-14,15,0,Yes,None,4376.16,35009.28,66613.92,401156.61,Delivered
BOL002340,HMM,Expeditors,Hudson Bay,Textiles,20RF,10,Rotterdam,New York,EXW,2022-05-13,2022-06-23,2022-06-23,41,0,Yes,None,3282.37,32823.7,186511.4,247844.09,Delivered
BOL002341,Yang Ming,CEVA Logistics,Sobeys,Textiles,40GP,7,Hamburg,Montreal,FOB,2022-07-31,2022-08-24,2022-09-06,24,13,No,Documentation Error,3197.99,22385.93,191209.66,317013.58,Delayed
BOL002342,HMM,Sinotrans,Home Depot Canada,Auto Parts,40HC,8,Kaohsiung,Houston,FOB,2023-07-16,2023-08-10,2023-08-10,25,0,Yes,None,3661.11,29288.88,82501.23,265321.55,Delivered
BOL002343,ZIM,DSV,Walmart Canada,Toys,40GP,5,Hamburg,Toronto,EXW,2023-01-19,2023-02-07,2023-02-07,19,0,Yes,None,3416.3,17081.5,107790.21,179628.66,Delivered
BOL002344,COSCO,Panalpina,Groupe Touchette,Electronics,45HC,7,Shenzhen,New York,EXW,2023-08-02,2023-09-10,2023-09-10,39,0,Yes,None,2666.9,18668.3,148400.25,213155.67,Delivered
BOL002345,MSC,Panalpina,Canadian Tire,Auto Parts,40HC,5,Hong Kong,Houston,CIF,2022-05-30,2022-06-29,2022-06-29,30,0,Yes,None,3568.53,17842.65,43731.59,191685.78,Delivered
BOL002346,HMM,Panalpina,Empire Company,Food Products,45HC,4,Shenzhen,Toronto,DAP,2022-05-18,2022-06-23,2022-06-23,36,0,Yes,None,3239.95,12959.8,52603.63,461152.3,Delivered
BOL002347,Hapag-Lloyd,Nippon Express,IKEA Canada,Apparel,45HC,4,Hong Kong,Toronto,DAP,2022-08-08,2022-09-05,2022-09-05,28,0,Yes,None,2287.04,9148.16,52704.32,306649.05,Delivered
BOL002348,CMA CGM,Kuehne+Nagel,Reitmans,Auto Parts,45HC,8,Shanghai,New York,DDP,2022-10-19,2022-11-11,2022-11-11,23,0,Yes,None,3920.13,31361.04,184779.66,238399.71,Delivered
BOL002349,ONE,DB Schenker,Home Depot Canada,Furniture,20RF,10,Singapore,Seattle,FOB,2022-10-14,2022-11-02,2022-11-02,19,0,Yes,None,3219.21,32192.1,181146.63,122729.11,Delivered
BOL002350,MSC,Sinotrans,Metro Inc,Electronics,45HC,4,Busan,New York,CFR,2024-06-22,2024-07-26,2024-07-26,34,0,Yes,None,1060.22,4240.88,48134.82,422218.72,Delivered
BOL002351,Evergreen,CEVA Logistics,Metro Inc,Textiles,40RF,6,Shanghai,Toronto,FOB,2022-11-28,2022-12-27,2022-12-27,29,0,Yes,None,3691.44,22148.64,110242.21,137113.77,Delivered
BOL002352,Hapag-Lloyd,CEVA Logistics,Loblaws,Apparel,40HC,2,Colombo,Los Angeles,DDP,2023-05-14,2023-06-23,2023-06-23,40,0,Yes,None,3306.79,6613.58,52213.98,73204.7,Delivered
BOL002353,CMA CGM,Nippon Express,Groupe Touchette,Apparel,40HC,7,Hamburg,New York,EXW,2022-06-28,2022-08-09,2022-08-09,42,0,Yes,None,1031.92,7223.44,137139.58,240585.22,Delivered
BOL002354,Hapag-Lloyd,CEVA Logistics,Best Buy Canada,Machinery,20GP,5,Busan,New York,CIF,2022-01-23,2022-02-19,2022-02-19,27,0,Yes,None,1494.52,7472.6,60809.6,252832.02,Delivered
BOL002355,Evergreen,Panalpina,Shoppers Drug Mart,Apparel,20GP,5,Singapore,Vancouver,CIF,2024-04-22,2024-05-29,2024-05-29,37,0,Yes,None,3920.79,19603.95,25223.59,15873.59,Delivered
BOL002356,HMM,DB Schenker,Giant Tiger,Chemicals,20GP,8,Ningbo,New York,DAP,2023-11-15,2023-12-28,2023-12-28,43,0,Yes,None,3611.41,28891.28,223725.19,345469.94,Delivered
BOL002357,ZIM,Sinotrans,Sobeys,Textiles,20GP,9,Kaohsiung,Montreal,DAP,2022-06-24,2022-08-08,2022-08-08,45,0,Yes,None,3762.73,33864.57,169181.35,381667.22,Delivered
BOL002358,COSCO,Expeditors,Groupe Touchette,Apparel,20GP,4,Busan,Halifax,CFR,2024-09-02,2024-10-14,2024-10-14,42,0,Yes,None,2650.37,10601.48,62754.17,47463.72,Delivered
BOL002359,COSCO,Nippon Express,Home Depot Canada,Food Products,45HC,4,Hong Kong,Houston,CFR,2024-07-23,2024-08-16,2024-08-16,24,0,Yes,None,943.69,3774.76,53234.64,297595.06,Delivered
BOL002360,Evergreen,Panalpina,Sobeys,Apparel,40RF,1,Singapore,Toronto,EXW,2023-04-03,2023-05-04,2023-05-04,31,0,Yes,None,2644.94,2644.94,27413.06,332087.1,Delivered
BOL002361,Maersk,Expeditors,Empire Company,Chemicals,20RF,2,Rotterdam,Los Angeles,EXW,2024-11-10,2024-12-15,2024-12-15,35,0,Yes,None,3638.76,7277.52,34809.32,169391.79,Delivered
BOL002362,ZIM,Nippon Express,Canadian Tire,Electronics,20RF,6,Hong Kong,Miami,CIF,2023-04-28,2023-05-23,2023-05-23,25,0,Yes,None,1731.15,10386.9,160155.44,121672.85,Delivered
BOL002363,Evergreen,CEVA Logistics,Empire Company,Chemicals,40RF,5,Hong Kong,Houston,EXW,2022-06-02,2022-07-08,2022-07-08,36,0,Yes,None,1487.87,7439.35,103980.05,179719.01,Delivered
BOL002364,MSC,Nippon Express,Canadian Tire,Electronics,20RF,9,Ningbo,Los Angeles,DDP,2024-07-10,2024-08-19,2024-08-19,40,0,Yes,None,2790.77,25116.93,211116.18,464293.03,Delivered
BOL002365,Yang Ming,Panalpina,Giant Tiger,Apparel,20RF,5,Ningbo,Chicago,DDP,2022-10-14,2022-10-28,2022-10-28,14,0,Yes,None,2629.61,13148.05,136538.78,493711.69,Delivered
BOL002366,Hapag-Lloyd,DSV,Loblaw Companies,Furniture,20GP,5,Rotterdam,Chicago,DAP,2024-10-04,2024-10-18,2024-11-02,14,15,No,Port Congestion,2842.22,14211.1,72018.31,50091.17,Delayed
BOL002367,ZIM,Expeditors,IKEA Canada,Toys,20RF,9,Shenzhen,Montreal,FOB,2023-09-08,2023-10-23,2023-10-23,45,0,Yes,None,2333.38,21000.42,62008.0,404550.15,Delivered
BOL002368,CMA CGM,Nippon Express,Indigo Books,Machinery,40RF,5,Hamburg,New York,DAP,2022-11-18,2022-12-22,2022-12-22,34,0,Yes,None,3240.57,16202.85,50774.82,379811.59,Delivered
BOL002369,HMM,DB Schenker,Metro Inc,Steel Products,20GP,5,Hamburg,Seattle,DDP,2023-06-10,2023-06-27,2023-06-27,17,0,Yes,None,3752.95,18764.75,51171.66,491479.99,Delivered
BOL002370,MSC,Expeditors,Empire Company,Textiles,40HC,8,Busan,Toronto,DAP,2023-06-19,2023-07-28,2023-07-28,39,0,Yes,None,882.63,7061.04,197333.46,69393.87,Delivered
BOL002371,ONE,CEVA Logistics,Sobeys,Steel Products,40HC,7,Ningbo,Seattle,FOB,2022-10-06,2022-11-04,2022-11-04,29,0,Yes,None,3817.69,26723.83,50600.47,395699.38,Delivered
BOL002372,Hapag-Lloyd,Expeditors,Shoppers Drug Mart,Electronics,45HC,5,Rotterdam,Seattle,DDP,2022-02-14,2022-03-15,2022-03-15,29,0,Yes,None,1531.9,7659.5,121930.73,183508.87,Delivered
BOL002373,MSC,CEVA Logistics,Loblaw Companies,Steel Products,40RF,3,Shenzhen,Vancouver,FOB,2024-02-18,2024-03-11,2024-03-11,22,0,Yes,None,1560.37,4681.11,20039.73,174912.99,Delivered
BOL002374,CMA CGM,DSV,Empire Company,Apparel,40RF,7,Hong Kong,Los Angeles,DDP,2024-02-16,2024-03-01,2024-03-01,14,0,Yes,None,3203.58,22425.06,67828.35,394189.09,Delivered
BOL002375,MSC,Panalpina,Best Buy Canada,Apparel,40RF,6,Hong Kong,Miami,DAP,2022-12-02,2023-01-12,2023-01-25,41,13,No,Customs Inspection,3820.32,22921.92,107354.26,338189.62,Delayed
BOL002376,ONE,DB Schenker,Sport Chek,Textiles,40RF,2,Busan,Seattle,CIF,2023-09-30,2023-10-31,2023-10-31,31,0,Yes,None,2775.57,5551.14,49146.85,171430.7,Delivered
BOL002377,CMA CGM,Panalpina,Reitmans,Auto Parts,20RF,10,Ningbo,New York,EXW,2024-01-26,2024-02-12,2024-02-12,17,0,Yes,None,3823.0,38230.0,201088.98,484068.64,Delivered
BOL002378,ZIM,Kuehne+Nagel,Sobeys,Chemicals,40GP,6,Hong Kong,Toronto,FOB,2023-04-17,2023-05-23,2023-05-23,36,0,Yes,None,4040.81,24244.86,53652.49,263757.07,Delivered
BOL002379,ZIM,Sinotrans,Loblaws,Machinery,40HC,3,Hamburg,Seattle,EXW,2024-07-12,2024-08-08,2024-08-08,27,0,Yes,None,2125.08,6375.24,34354.41,353603.63,Delivered
BOL002380,Yang Ming,DB Schenker,Indigo Books,Machinery,40HC,1,Colombo,Los Angeles,CFR,2023-06-26,2023-07-25,2023-07-25,29,0,Yes,None,980.59,980.59,5200.31,288467.02,Delivered
BOL002381,Hapag-Lloyd,Kuehne+Nagel,Groupe Touchette,Food Products,40GP,8,Colombo,Houston,FOB,2024-07-25,2024-08-31,2024-08-31,37,0,Yes,None,2511.76,20094.08,81928.07,444124.13,Delivered
BOL002382,HMM,Sinotrans,Home Depot Canada,Food Products,40HC,1,Hong Kong,New York,FOB,2022-10-14,2022-11-04,2022-11-04,21,0,Yes,None,2530.82,2530.82,24773.29,134107.78,Delivered
BOL002383,MSC,Kuehne+Nagel,Costco Canada,Toys,40RF,5,Ningbo,Houston,EXW,2022-05-04,2022-06-01,2022-06-01,28,0,Yes,None,2534.32,12671.6,75641.42,80228.73,Delivered
BOL002384,HMM,DSV,Loblaws,Textiles,20GP,4,Singapore,New York,CFR,2024-03-18,2024-04-04,2024-04-04,17,0,Yes,None,3573.22,14292.88,110024.71,390723.4,Delivered
BOL002385,Yang Ming,Panalpina,Empire Company,Machinery,40GP,4,Singapore,Halifax,EXW,2022-11-13,2022-12-26,2022-12-26,43,0,Yes,None,2381.31,9525.24,92344.95,254693.98,Delivered
BOL002386,ZIM,DB Schenker,IKEA Canada,Apparel,20GP,3,Singapore,Los Angeles,CFR,2023-12-27,2024-02-08,2024-02-08,43,0,Yes,None,2459.91,7379.73,28320.15,63505.36,Delivered
BOL002387,Yang Ming,DSV,Indigo Books,Apparel,40GP,10,Ningbo,Seattle,DAP,2022-10-25,2022-11-25,2022-11-25,31,0,Yes,None,4370.47,43704.7,140651.81,336173.65,Delivered
BOL002388,COSCO,Panalpina,Walmart Canada,Apparel,45HC,6,Rotterdam,New York,FOB,2022-03-04,2022-04-04,2022-04-04,31,0,Yes,None,3255.99,19535.94,43703.28,90051.58,Delivered
BOL002389,HMM,DB Schenker,Metro Inc,Chemicals,40GP,9,Singapore,Houston,CIF,2022-01-14,2022-02-05,2022-02-05,22,0,Yes,None,3458.3,31124.7,78520.6,243645.67,Delivered
BOL002390,ZIM,Nippon Express,Loblaw Companies,Auto Parts,40HC,3,Busan,New York,DDP,2024-06-24,2024-08-03,2024-08-03,40,0,Yes,None,1563.23,4689.69,29503.51,352613.83,Delivered
BOL002391,CMA CGM,Nippon Express,Sobeys,Food Products,40RF,10,Shanghai,Toronto,FOB,2024-12-01,2024-12-28,2024-12-28,27,0,Yes,None,1492.3,14923.0,239720.52,178909.16,Delivered
BOL002392,ONE,Panalpina,Home Depot Canada,Auto Parts,40RF,5,Kaohsiung,Miami,DAP,2022-12-05,2022-12-23,2022-12-23,18,0,Yes,None,4328.91,21644.55,105144.44,198829.42,Delivered
BOL002393,ZIM,Panalpina,Groupe Touchette,Auto Parts,20GP,6,Shenzhen,Montreal,FOB,2024-01-01,2024-02-14,2024-02-14,44,0,Yes,None,1471.61,8829.66,107323.47,284121.8,Delivered
BOL002394,ZIM,DSV,Home Depot Canada,Auto Parts,40GP,8,Ningbo,Halifax,EXW,2022-04-16,2022-05-30,2022-05-30,44,0,Yes,None,2462.38,19699.04,192646.7,121590.3,Delivered
BOL002395,CMA CGM,CEVA Logistics,Walmart Canada,Food Products,40GP,8,Shanghai,Montreal,CFR,2024-11-25,2024-12-30,2024-12-30,35,0,Yes,None,3278.41,26227.28,223573.77,307203.23,Delivered
BOL002396,Hapag-Lloyd,Panalpina,IKEA Canada,Chemicals,20RF,8,Colombo,Halifax,CIF,2022-05-01,2022-06-14,2022-06-14,44,0,Yes,None,1115.95,8927.6,68818.47,379055.44,Delivered
BOL002397,ONE,Nippon Express,Mountain Equipment,Apparel,20GP,6,Colombo,Seattle,DAP,2024-04-26,2024-05-12,2024-05-12,16,0,Yes,None,3799.56,22797.36,155156.75,447898.35,Delivered
BOL002398,MSC,DB Schenker,Walmart Canada,Toys,20RF,9,Kaohsiung,Chicago,EXW,2022-03-02,2022-03-28,2022-03-28,26,0,Yes,None,2792.19,25129.71,209433.7,433224.83,Delivered
BOL002399,ONE,Panalpina,Reitmans,Chemicals,45HC,9,Colombo,Seattle,DDP,2023-07-27,2023-08-17,2023-08-21,21,4,No,Port Congestion,3113.51,28021.59,132601.76,328316.71,Delivered
BOL002400,Yang Ming,Sinotrans,Empire Company,Food Products,40HC,6,Ningbo,New York,CFR,2022-01-11,2022-02-15,2022-02-15,35,0,Yes,None,959.45,5756.7,115368.59,455278.58,Delivered
BOL002401,Hapag-Lloyd,DSV,Reitmans,Auto Parts,40HC,2,Ningbo,Toronto,DDP,2022-09-20,2022-11-01,2022-11-01,42,0,Yes,None,2798.65,5597.3,15742.64,385914.31,Delivered
BOL002402,HMM,Kuehne+Nagel,Empire Company,Auto Parts,45HC,3,Busan,Chicago,CFR,2023-10-26,2023-11-11,2023-11-22,16,11,No,Bad Weather,1192.37,3577.11,75495.18,137787.26,Delayed
BOL002403,COSCO,Nippon Express,Shoppers Drug Mart,Chemicals,20GP,8,Rotterdam,Halifax,CFR,2024-05-21,2024-06-28,2024-06-28,38,0,Yes,None,2856.88,22855.04,164896.33,339287.68,Delivered
BOL002404,ZIM,Nippon Express,Groupe Touchette,Steel Products,45HC,7,Shenzhen,Montreal,CIF,2023-07-09,2023-07-27,2023-07-27,18,0,Yes,None,2493.6,17455.2,59349.03,220107.82,Delivered
BOL002405,ONE,DSV,Loblaw Companies,Steel Products,20GP,3,Rotterdam,Chicago,CFR,2023-10-12,2023-11-08,2023-11-08,27,0,Yes,None,1831.34,5494.02,29680.52,423320.06,Delivered
BOL002406,MSC,Sinotrans,Mountain Equipment,Textiles,45HC,1,Rotterdam,Houston,DAP,2023-05-21,2023-07-02,2023-07-02,42,0,Yes,None,1883.08,1883.08,16096.88,298698.46,Delivered
BOL002407,ZIM,Kuehne+Nagel,Sobeys,Auto Parts,20RF,3,Busan,Los Angeles,EXW,2023-01-01,2023-02-11,2023-02-11,41,0,Yes,None,3600.35,10801.05,72523.88,388993.22,Delivered
BOL002408,COSCO,Kuehne+Nagel,Groupe Touchette,Steel Products,40GP,2,Hong Kong,Seattle,EXW,2022-10-16,2022-11-22,2022-11-22,37,0,Yes,None,1370.91,2741.82,21461.73,23163.33,Delivered
BOL002409,ONE,Sinotrans,Costco Canada,Toys,40GP,6,Colombo,Toronto,CFR,2024-01-23,2024-02-20,2024-02-20,28,0,Yes,None,3669.69,22018.14,82530.73,13384.53,Delivered
BOL002410,Evergreen,Panalpina,Metro Inc,Furniture,40HC,2,Rotterdam,Houston,CFR,2022-04-05,2022-05-02,2022-05-02,27,0,Yes,None,3838.27,7676.54,54874.72,412689.03,Delivered
BOL002411,Maersk,Nippon Express,Walmart Canada,Food Products,20RF,8,Shanghai,Seattle,FOB,2024-06-07,2024-07-08,2024-07-08,31,0,Yes,None,4003.25,32026.0,187697.01,410019.87,Delivered
BOL002412,MSC,Expeditors,Empire Company,Toys,40GP,4,Singapore,Halifax,EXW,2023-07-12,2023-08-19,2023-08-19,38,0,Yes,None,4025.95,16103.8,22887.59,34932.04,Delivered
BOL002413,ONE,DSV,Sobeys,Toys,40RF,7,Ningbo,Vancouver,DDP,2024-03-04,2024-04-15,2024-04-15,42,0,Yes,None,1681.94,11773.58,181578.45,234631.5,Delivered
BOL002414,MSC,Panalpina,Sobeys,Machinery,45HC,7,Hamburg,Chicago,CIF,2022-01-13,2022-02-16,2022-02-21,34,5,No,Documentation Error,1251.17,8758.19,59027.76,382553.34,Delivered
BOL002415,CMA CGM,DB Schenker,Hudson Bay,Apparel,40RF,10,Singapore,Halifax,DDP,2023-04-24,2023-05-12,2023-05-12,18,0,Yes,None,2661.52,26615.2,158128.97,214949.79,Delivered
BOL002416,Evergreen,DSV,Walmart Canada,Furniture,20RF,3,Hamburg,Vancouver,DDP,2023-02-24,2023-03-24,2023-03-24,28,0,Yes,None,1253.89,3761.67,53859.9,21667.1,Delivered
BOL002417,ZIM,DSV,Walmart Canada,Food Products,45HC,8,Singapore,Vancouver,DAP,2023-07-14,2023-08-13,2023-08-13,30,0,Yes,None,4217.55,33740.4,128867.88,188055.49,Delivered
BOL002418,ZIM,Sinotrans,Giant Tiger,Food Products,40GP,10,Singapore,Houston,DAP,2023-10-09,2023-11-18,2023-11-18,40,0,Yes,None,1112.72,11127.2,72708.03,345954.88,Delivered
BOL002419,COSCO,Sinotrans,Loblaw Companies,Chemicals,45HC,5,Ningbo,Toronto,DDP,2024-02-02,2024-03-17,2024-03-17,44,0,Yes,None,2578.43,12892.15,70315.62,285448.0,Delivered
BOL002420,ZIM,Nippon Express,Groupe Touchette,Textiles,40GP,2,Colombo,Montreal,CIF,2023-09-29,2023-11-03,2023-11-03,35,0,Yes,None,2616.74,5233.48,12853.06,290880.9,Delivered
BOL002421,Maersk,Nippon Express,Hudson Bay,Food Products,40HC,3,Colombo,Houston,CFR,2022-10-22,2022-12-04,2022-12-04,43,0,Yes,None,1416.46,4249.38,44747.6,346600.13,Delivered
BOL002422,HMM,Kuehne+Nagel,Hudson Bay,Electronics,20GP,1,Rotterdam,New York,CIF,2023-04-21,2023-06-01,2023-06-01,41,0,Yes,None,2205.64,2205.64,16015.91,159592.07,Delivered
BOL002423,MSC,CEVA Logistics,Loblaws,Apparel,20RF,4,Shanghai,Vancouver,CFR,2023-06-11,2023-07-10,2023-07-10,29,0,Yes,None,4499.35,17997.4,95510.02,127142.04,Delivered
BOL002424,CMA CGM,Panalpina,Best Buy Canada,Steel Products,40HC,6,Singapore,Houston,DAP,2024-03-31,2024-05-06,2024-05-06,36,0,Yes,None,2735.36,16412.16,74129.99,75380.57,Delivered
BOL002425,ZIM,Nippon Express,Costco Canada,Steel Products,45HC,5,Hong Kong,Vancouver,CFR,2022-06-03,2022-07-04,2022-07-04,31,0,Yes,None,2081.84,10409.2,106363.8,266408.4,Delivered
BOL002426,HMM,Sinotrans,Reitmans,Chemicals,45HC,7,Busan,Montreal,DDP,2022-07-02,2022-07-31,2022-07-31,29,0,Yes,None,4181.31,29269.17,104556.21,439616.31,Delivered
BOL002427,HMM,DB Schenker,Indigo Books,Steel Products,40GP,6,Shenzhen,Halifax,FOB,2023-05-28,2023-06-15,2023-06-15,18,0,Yes,None,4294.84,25769.04,83416.28,32496.02,Delivered
BOL002428,Hapag-Lloyd,Panalpina,Metro Inc,Furniture,40RF,8,Rotterdam,Montreal,DAP,2023-06-25,2023-08-05,2023-08-05,41,0,Yes,None,2357.35,18858.8,214611.93,300036.47,Delivered
BOL002429,Maersk,Kuehne+Nagel,Sobeys,Furniture,45HC,8,Shanghai,Vancouver,DDP,2022-08-28,2022-10-12,2022-10-12,45,0,Yes,None,2888.98,23111.84,194276.14,444358.25,Delivered
BOL002430,MSC,Kuehne+Nagel,Mountain Equipment,Furniture,40RF,3,Hamburg,Los Angeles,FOB,2022-04-30,2022-06-03,2022-06-03,34,0,Yes,None,3895.73,11687.19,27963.22,478002.68,Delivered
BOL002431,CMA CGM,Panalpina,Sport Chek,Electronics,45HC,3,Rotterdam,Los Angeles,FOB,2022-03-26,2022-04-26,2022-04-26,31,0,Yes,None,3857.16,11571.48,71270.15,364331.89,Delivered
BOL002432,Evergreen,Panalpina,Loblaw Companies,Furniture,40GP,10,Ningbo,Chicago,DAP,2024-05-20,2024-06-29,2024-06-29,40,0,Yes,None,1584.91,15849.1,205966.07,27870.08,Delivered
BOL002433,MSC,DB Schenker,Canadian Tire,Machinery,20GP,8,Colombo,Chicago,CIF,2023-05-08,2023-05-27,2023-05-27,19,0,Yes,None,1961.35,15690.8,213769.55,301697.1,Delivered
BOL002434,Evergreen,Nippon Express,Canadian Tire,Furniture,40HC,1,Kaohsiung,New York,CFR,2023-08-03,2023-09-05,2023-09-05,33,0,Yes,None,2605.08,2605.08,13488.67,382383.77,Delivered
BOL002435,COSCO,Expeditors,Shoppers Drug Mart,Furniture,40HC,4,Hamburg,Vancouver,CIF,2022-02-20,2022-03-14,2022-03-14,22,0,Yes,None,1118.34,4473.36,103471.48,15892.07,Delivered
BOL002436,CMA CGM,Expeditors,Sobeys,Toys,40GP,8,Shenzhen,Seattle,EXW,2022-09-22,2022-11-06,2022-11-06,45,0,Yes,None,2413.81,19310.48,103139.15,226009.65,Delivered
BOL002437,MSC,Expeditors,IKEA Canada,Chemicals,20GP,5,Rotterdam,Miami,DDP,2023-11-23,2023-12-27,2023-12-27,34,0,Yes,None,2532.17,12660.85,36192.27,455477.33,Delivered
BOL002438,Hapag-Lloyd,CEVA Logistics,IKEA Canada,Auto Parts,20GP,3,Shenzhen,New York,DDP,2022-09-19,2022-10-20,2022-10-20,31,0,Yes,None,4358.36,13075.08,38856.46,467531.36,Delivered
BOL002439,ZIM,Kuehne+Nagel,Costco Canada,Toys,40RF,9,Ningbo,Chicago,CIF,2024-06-13,2024-07-07,2024-07-07,24,0,Yes,None,4398.0,39582.0,178315.05,171975.59,Delivered
BOL002440,ONE,DSV,Home Depot Canada,Chemicals,20GP,10,Busan,Halifax,DAP,2022-09-27,2022-10-13,2022-10-13,16,0,Yes,None,1205.68,12056.8,276871.31,179852.33,Delivered
BOL002441,HMM,DSV,Walmart Canada,Apparel,45HC,3,Rotterdam,Houston,FOB,2023-01-06,2023-01-25,2023-01-25,19,0,Yes,None,4437.19,13311.57,17318.15,463808.11,Delivered
BOL002442,HMM,DB Schenker,Loblaw Companies,Apparel,40GP,7,Kaohsiung,Miami,EXW,2023-05-30,2023-06-25,2023-06-25,26,0,Yes,None,1788.07,12516.49,75407.79,413618.96,Delivered
BOL002443,Maersk,Panalpina,Reitmans,Textiles,40GP,8,Hamburg,Montreal,DAP,2022-01-16,2022-02-02,2022-02-02,17,0,Yes,None,2272.5,18180.0,132041.56,166378.66,Delivered
BOL002444,Maersk,Expeditors,Indigo Books,Electronics,40GP,4,Shanghai,Halifax,DDP,2024-09-14,2024-10-04,2024-10-04,20,0,Yes,None,2799.51,11198.04,54236.24,29351.22,Delivered
BOL002445,Yang Ming,DSV,Hudson Bay,Apparel,45HC,8,Hong Kong,Montreal,DAP,2022-10-15,2022-11-19,2022-11-19,35,0,Yes,None,4247.76,33982.08,202786.42,149006.28,Delivered
BOL002446,COSCO,DSV,Shoppers Drug Mart,Machinery,45HC,4,Hong Kong,Miami,FOB,2024-08-05,2024-08-20,2024-08-20,15,0,Yes,None,1614.81,6459.24,85479.88,411822.24,Delivered
BOL002447,MSC,Sinotrans,Groupe Touchette,Toys,40HC,8,Colombo,Houston,DAP,2024-04-21,2024-05-17,2024-05-17,26,0,Yes,None,1554.85,12438.8,219007.61,380585.8,Delivered
BOL002448,ZIM,Sinotrans,Hudson Bay,Chemicals,40HC,7,Busan,New York,CIF,2024-01-06,2024-02-12,2024-02-12,37,0,Yes,None,846.65,5926.55,161488.21,323877.16,Delivered
BOL002449,ONE,Panalpina,Groupe Touchette,Chemicals,20GP,10,Shenzhen,Chicago,DAP,2023-07-12,2023-08-11,2023-08-11,30,0,Yes,None,1391.1,13911.0,273275.25,72662.19,Delivered
BOL002450,Evergreen,Nippon Express,Aldo Group,Electronics,45HC,7,Rotterdam,Chicago,CIF,2023-02-10,2023-03-25,2023-03-25,43,0,Yes,None,2328.89,16302.23,78955.54,149522.69,Delivered
BOL002451,CMA CGM,DB Schenker,Costco Canada,Machinery,40GP,3,Busan,Houston,DDP,2022-04-05,2022-04-23,2022-04-23,18,0,Yes,None,2984.25,8952.75,24849.3,17909.08,Delivered
BOL002452,Yang Ming,CEVA Logistics,Costco Canada,Steel Products,40RF,5,Shanghai,Seattle,EXW,2022-12-07,2023-01-13,2023-01-13,37,0,Yes,None,2900.73,14503.65,128243.54,282926.04,Delivered
BOL002453,CMA CGM,Sinotrans,Sport Chek,Machinery,45HC,7,Hamburg,Montreal,EXW,2024-08-16,2024-09-12,2024-09-23,27,11,No,Bad Weather,2494.26,17459.82,135416.07,34645.74,Delayed
BOL002454,Evergreen,DB Schenker,Metro Inc,Textiles,20RF,4,Kaohsiung,Chicago,DAP,2024-03-14,2024-04-21,2024-04-21,38,0,Yes,None,2396.29,9585.16,82954.12,12388.16,Delivered
BOL002455,Yang Ming,Expeditors,Loblaw Companies,Food Products,20RF,3,Hamburg,Los Angeles,CFR,2023-12-31,2024-01-15,2024-01-15,15,0,Yes,None,2036.53,6109.59,58691.6,90932.01,Delivered
BOL002456,HMM,DSV,Canadian Tire,Furniture,40GP,8,Rotterdam,Montreal,DAP,2022-10-20,2022-11-23,2022-11-23,34,0,Yes,None,1706.68,13653.44,213968.18,361741.63,Delivered
BOL002457,Yang Ming,Kuehne+Nagel,Mountain Equipment,Apparel,40RF,4,Rotterdam,Miami,FOB,2024-08-15,2024-09-09,2024-09-09,25,0,Yes,None,1737.27,6949.08,43129.31,440122.85,Delivered
BOL002458,ZIM,DSV,Loblaws,Steel Products,45HC,9,Colombo,Montreal,CIF,2023-09-03,2023-10-11,2023-10-11,38,0,Yes,None,2264.67,20382.03,148945.77,278959.76,Delivered
BOL002459,MSC,DSV,Empire Company,Auto Parts,40RF,10,Hong Kong,Miami,DDP,2023-06-06,2023-06-21,2023-06-21,15,0,Yes,None,2132.84,21328.4,169632.54,219349.6,Delivered
BOL002460,ZIM,DB Schenker,Home Depot Canada,Food Products,20GP,9,Busan,Chicago,CFR,2022-04-07,2022-05-05,2022-05-05,28,0,Yes,None,1716.02,15444.18,50725.48,203570.59,Delivered
BOL002461,Maersk,Kuehne+Nagel,Costco Canada,Apparel,40GP,10,Ningbo,Los Angeles,DAP,2023-02-21,2023-04-07,2023-04-07,45,0,Yes,None,2838.83,28388.3,50542.46,390188.86,Delivered
BOL002462,Evergreen,Kuehne+Nagel,Costco Canada,Food Products,40RF,3,Shenzhen,New York,DDP,2024-10-23,2024-11-29,2024-11-29,37,0,Yes,None,1689.7,5069.1,21859.03,84432.23,Delivered
BOL002463,ZIM,DB Schenker,Best Buy Canada,Furniture,20GP,3,Kaohsiung,Miami,FOB,2023-08-20,2023-09-03,2023-09-03,14,0,Yes,None,2594.63,7783.89,27667.78,69874.67,Delivered
BOL002464,Maersk,Kuehne+Nagel,Walmart Canada,Electronics,40GP,2,Rotterdam,Halifax,DDP,2023-12-14,2023-12-29,2023-12-29,15,0,Yes,None,3253.42,6506.84,30998.98,321445.92,Delivered
BOL002465,COSCO,Kuehne+Nagel,Mountain Equipment,Toys,40GP,3,Singapore,New York,FOB,2022-06-12,2022-07-25,2022-07-25,43,0,Yes,None,4274.34,12823.02,73645.58,269503.6,Delivered
BOL002466,Maersk,DB Schenker,Loblaw Companies,Furniture,45HC,10,Colombo,Seattle,DAP,2023-10-03,2023-11-04,2023-11-04,32,0,Yes,None,1226.5,12265.0,156995.11,316914.5,Delivered
BOL002467,HMM,DB Schenker,Costco Canada,Apparel,40GP,9,Busan,Chicago,CIF,2022-03-09,2022-04-08,2022-04-08,30,0,Yes,None,835.78,7522.02,225001.02,467215.08,Delivered
BOL002468,COSCO,DB Schenker,Mountain Equipment,Auto Parts,20GP,6,Singapore,Vancouver,CIF,2022-08-20,2022-09-27,2022-09-27,38,0,Yes,None,3986.15,23916.9,150119.98,115200.54,Delivered
BOL002469,HMM,DB Schenker,Empire Company,Chemicals,40RF,1,Rotterdam,Seattle,DDP,2024-07-12,2024-08-19,2024-08-19,38,0,Yes,None,4071.01,4071.01,7029.93,64734.55,Delivered
BOL002470,MSC,Sinotrans,Reitmans,Food Products,45HC,1,Colombo,Vancouver,DAP,2024-12-19,2025-01-15,2025-01-15,27,0,Yes,None,1175.6,1175.6,22421.53,206436.76,In Transit
BOL002471,Evergreen,CEVA Logistics,Hudson Bay,Electronics,40HC,4,Rotterdam,Seattle,CIF,2022-10-05,2022-10-19,2022-10-19,14,0,Yes,None,2676.64,10706.56,100469.9,379466.08,Delivered
BOL002472,Evergreen,DSV,Metro Inc,Apparel,40HC,4,Shanghai,Houston,CFR,2023-09-05,2023-09-24,2023-09-24,19,0,Yes,None,3170.65,12682.6,22130.35,473257.68,Delivered
BOL002473,COSCO,Nippon Express,Sobeys,Machinery,45HC,6,Hong Kong,Los Angeles,DAP,2022-06-02,2022-06-19,2022-06-19,17,0,Yes,None,3742.85,22457.1,30362.77,137134.33,Delivered
BOL002474,Maersk,DSV,Loblaws,Toys,40HC,7,Colombo,New York,DAP,2022-05-08,2022-06-05,2022-06-05,28,0,Yes,None,2472.71,17308.97,114234.14,369579.91,Delivered
BOL002475,CMA CGM,Nippon Express,Aldo Group,Toys,40HC,6,Ningbo,Seattle,DDP,2022-03-24,2022-04-28,2022-04-28,35,0,Yes,None,3456.18,20737.08,31073.43,253799.8,Delivered
BOL002476,MSC,Expeditors,Home Depot Canada,Apparel,20GP,2,Shanghai,Houston,CIF,2023-05-12,2023-06-03,2023-06-03,22,0,Yes,None,3932.98,7865.96,35168.6,125766.49,Delivered
BOL002477,CMA CGM,Panalpina,Sport Chek,Machinery,45HC,9,Hong Kong,Toronto,FOB,2023-06-08,2023-06-23,2023-06-23,15,0,Yes,None,914.83,8233.47,228359.55,302303.58,Delivered
BOL002478,Maersk,Panalpina,Reitmans,Food Products,40RF,5,Shenzhen,Seattle,EXW,2022-05-12,2022-05-30,2022-05-30,18,0,Yes,None,3966.69,19833.45,79581.15,48043.55,Delivered
BOL002479,ZIM,DSV,Empire Company,Steel Products,45HC,4,Singapore,Toronto,FOB,2024-06-19,2024-07-30,2024-07-30,41,0,Yes,None,3133.79,12535.16,28239.97,448174.78,Delivered
BOL002480,Yang Ming,Nippon Express,Sport Chek,Toys,20GP,10,Singapore,Houston,DDP,2022-06-14,2022-07-13,2022-07-22,29,9,No,Documentation Error,1031.03,10310.3,78588.32,498429.24,Delayed
BOL002481,HMM,Sinotrans,Giant Tiger,Furniture,40HC,3,Hamburg,Toronto,FOB,2024-06-18,2024-07-28,2024-07-28,40,0,Yes,None,1791.51,5374.53,42538.31,24203.84,Delivered
BOL002482,ONE,DB Schenker,Giant Tiger,Auto Parts,45HC,1,Shanghai,Chicago,EXW,2023-09-20,2023-10-25,2023-10-27,35,2,No,Equipment Shortage,1277.06,1277.06,8509.12,110761.5,Delivered
BOL002483,Hapag-Lloyd,Nippon Express,Reitmans,Textiles,40GP,3,Ningbo,Montreal,CFR,2024-06-20,2024-08-02,2024-08-02,43,0,Yes,None,1019.48,3058.44,78301.02,321694.38,Delivered
BOL002484,ONE,DB Schenker,Walmart Canada,Toys,40GP,8,Busan,New York,DDP,2023-04-28,2023-06-04,2023-06-04,37,0,Yes,None,4342.07,34736.56,153969.44,439439.68,Delivered
BOL002485,Hapag-Lloyd,DSV,Reitmans,Food Products,40GP,10,Kaohsiung,Montreal,EXW,2023-06-07,2023-06-22,2023-06-22,15,0,Yes,None,2661.21,26612.1,203174.99,105769.62,Delivered
BOL002486,Evergreen,Sinotrans,Reitmans,Steel Products,20RF,9,Hong Kong,Los Angeles,FOB,2023-06-30,2023-07-22,2023-07-22,22,0,Yes,None,1660.32,14942.88,194627.15,202520.33,Delivered
BOL002487,Maersk,CEVA Logistics,Hudson Bay,Food Products,40GP,8,Busan,Chicago,DDP,2024-07-18,2024-08-26,2024-08-26,39,0,Yes,None,1721.03,13768.24,219088.96,434595.22,Delivered
BOL002488,Evergreen,DB Schenker,Shoppers Drug Mart,Machinery,40HC,1,Hong Kong,Miami,DDP,2022-08-02,2022-09-11,2022-09-11,40,0,Yes,None,1231.76,1231.76,20896.6,75264.35,Delivered
BOL002489,Hapag-Lloyd,Panalpina,Mountain Equipment,Machinery,20RF,9,Hamburg,Toronto,EXW,2024-05-01,2024-05-28,2024-05-28,27,0,Yes,None,2352.48,21172.32,228587.1,105529.55,Delivered
BOL002490,Hapag-Lloyd,DSV,Sobeys,Steel Products,40HC,3,Kaohsiung,Chicago,EXW,2022-08-29,2022-10-01,2022-10-01,33,0,Yes,None,1111.0,3333.0,22262.45,176371.64,Delivered
BOL002491,MSC,Kuehne+Nagel,Hudson Bay,Chemicals,40RF,5,Busan,Montreal,FOB,2022-12-08,2022-12-27,2022-12-27,19,0,Yes,None,1464.64,7323.2,96927.89,157124.87,Delivered
BOL002492,HMM,DSV,Hudson Bay,Textiles,40RF,10,Ningbo,Halifax,DAP,2022-09-09,2022-10-19,2022-10-19,40,0,Yes,None,1442.46,14424.6,107885.33,199823.64,Delivered
BOL002493,ONE,Nippon Express,Canadian Tire,Auto Parts,20RF,10,Kaohsiung,Vancouver,FOB,2024-06-22,2024-07-19,2024-07-19,27,0,Yes,None,2754.76,27547.6,164043.76,384690.06,Delivered
BOL002494,Evergreen,DB Schenker,Giant Tiger,Electronics,40RF,2,Kaohsiung,Los Angeles,EXW,2023-10-10,2023-10-31,2023-10-31,21,0,Yes,None,3748.67,7497.34,20131.1,146199.97,Delivered
BOL002495,ZIM,DB Schenker,Sport Chek,Textiles,20GP,1,Singapore,New York,DDP,2023-06-17,2023-07-21,2023-07-21,34,0,Yes,None,3479.61,3479.61,7111.17,132987.09,Delivered
BOL002496,Yang Ming,Sinotrans,Walmart Canada,Apparel,40RF,2,Rotterdam,Halifax,DDP,2023-09-24,2023-10-21,2023-10-21,27,0,Yes,None,4207.39,8414.78,39067.6,16490.68,Delivered
BOL002497,ZIM,Sinotrans,Canadian Tire,Steel Products,40HC,10,Shenzhen,Montreal,DDP,2024-04-26,2024-05-25,2024-05-25,29,0,Yes,None,1179.03,11790.3,236771.67,401500.02,Delivered
BOL002498,Maersk,Kuehne+Nagel,Costco Canada,Furniture,40HC,8,Ningbo,Houston,DDP,2023-11-24,2023-12-08,2023-12-08,14,0,Yes,None,1109.04,8872.32,146960.73,60163.87,Delivered
BOL002499,Evergreen,CEVA Logistics,Hudson Bay,Furniture,40GP,8,Rotterdam,Montreal,FOB,2024-04-30,2024-05-16,2024-05-17,16,1,No,Port Congestion,1410.71,11285.68,210817.48,314282.17,Delivered
BOL002500,Yang Ming,DSV,Giant Tiger,Steel Products,20RF,9,Kaohsiung,Miami,CFR,2024-03-11,2024-03-30,2024-03-30,19,0,Yes,None,1892.82,17035.38,121988.61,426728.81,Delivered
BOL002501,ZIM,Expeditors,Hudson Bay,Auto Parts,20GP,5,Rotterdam,Toronto,DAP,2022-12-02,2022-12-18,2022-12-18,16,0,Yes,None,1113.68,5568.4,121386.98,76843.32,Delivered
BOL002502,HMM,Nippon Express,Shoppers Drug Mart,Machinery,40HC,10,Hong Kong,Halifax,DAP,2024-12-28,2025-02-07,2025-02-07,41,0,Yes,None,2162.39,21623.9,169328.38,464037.41,In Transit
BOL002503,ZIM,Expeditors,Aldo Group,Steel Products,45HC,10,Hong Kong,Seattle,DAP,2024-06-13,2024-07-10,2024-07-10,27,0,Yes,None,2664.22,26642.2,186397.68,24070.23,Delivered
BOL002504,ONE,CEVA Logistics,IKEA Canada,Electronics,40HC,2,Colombo,Vancouver,EXW,2024-03-09,2024-04-20,2024-04-20,42,0,Yes,None,949.34,1898.68,36984.98,306569.65,Delivered
BOL002505,Yang Ming,Expeditors,Indigo Books,Electronics,20GP,3,Kaohsiung,Miami,CFR,2023-04-30,2023-06-04,2023-06-04,35,0,Yes,None,2763.73,8291.19,67957.41,320009.96,Delivered
BOL002506,Maersk,DB Schenker,Empire Company,Apparel,45HC,1,Ningbo,Vancouver,CFR,2024-01-02,2024-02-04,2024-02-04,33,0,Yes,None,4154.99,4154.99,12513.03,50124.92,Delivered
BOL002507,ONE,Panalpina,Canadian Tire,Steel Products,40HC,5,Ningbo,Chicago,EXW,2024-03-08,2024-04-01,2024-04-01,24,0,Yes,None,4185.04,20925.2,85535.65,439460.07,Delivered
BOL002508,ONE,Panalpina,Indigo Books,Electronics,40HC,3,Hamburg,Halifax,DAP,2023-04-25,2023-05-29,2023-05-29,34,0,Yes,None,3764.08,11292.24,59222.77,240608.45,Delivered
BOL002509,MSC,DSV,Shoppers Drug Mart,Furniture,40HC,9,Ningbo,Houston,CIF,2023-10-23,2023-12-05,2023-12-05,43,0,Yes,None,3805.95,34253.55,210372.87,182783.7,Delivered
BOL002510,ZIM,DSV,Hudson Bay,Steel Products,40RF,1,Ningbo,Los Angeles,DDP,2024-05-08,2024-06-20,2024-06-20,43,0,Yes,None,1104.48,1104.48,16310.8,169064.19,Delivered
BOL002511,Maersk,Panalpina,IKEA Canada,Furniture,20RF,7,Kaohsiung,Halifax,FOB,2024-05-26,2024-06-29,2024-06-29,34,0,Yes,None,2636.5,18455.5,144261.62,296552.37,Delivered
BOL002512,CMA CGM,Nippon Express,Shoppers Drug Mart,Food Products,20RF,5,Ningbo,Chicago,CFR,2023-07-06,2023-07-22,2023-07-22,16,0,Yes,None,3610.55,18052.75,64386.2,360104.35,Delivered
BOL002513,Evergreen,DSV,Aldo Group,Chemicals,40HC,2,Hamburg,Miami,CIF,2023-10-18,2023-11-15,2023-11-15,28,0,Yes,None,3416.51,6833.02,19278.95,471378.36,Delivered
BOL002514,Evergreen,Kuehne+Nagel,Indigo Books,Auto Parts,45HC,3,Shanghai,Miami,EXW,2024-05-04,2024-05-22,2024-05-22,18,0,Yes,None,880.53,2641.59,19109.0,183541.88,Delivered
BOL002515,Evergreen,Kuehne+Nagel,Empire Company,Textiles,45HC,3,Kaohsiung,New York,FOB,2022-05-22,2022-07-06,2022-07-06,45,0,Yes,None,2728.73,8186.19,59898.78,451947.69,Delivered
BOL002516,COSCO,Kuehne+Nagel,Empire Company,Chemicals,45HC,1,Busan,Toronto,EXW,2022-05-16,2022-06-29,2022-06-29,44,0,Yes,None,4471.82,4471.82,9653.65,415853.3,Delivered
BOL002517,Evergreen,CEVA Logistics,Reitmans,Toys,45HC,1,Busan,Vancouver,CFR,2024-12-19,2025-01-21,2025-01-21,33,0,Yes,None,3260.39,3260.39,20570.62,318925.97,In Transit
BOL002518,ZIM,Nippon Express,Shoppers Drug Mart,Auto Parts,45HC,8,Hamburg,Seattle,DAP,2022-11-21,2022-12-09,2022-12-09,18,0,Yes,None,3482.01,27856.08,173069.23,212465.81,Delivered
BOL002519,HMM,Expeditors,Loblaws,Chemicals,40HC,10,Colombo,Vancouver,DDP,2024-02-13,2024-03-17,2024-03-17,33,0,Yes,None,4076.81,40768.1,97846.28,450762.03,Delivered
BOL002520,HMM,Expeditors,IKEA Canada,Furniture,45HC,10,Shanghai,Montreal,CIF,2024-01-04,2024-01-25,2024-01-27,21,2,No,Customs Inspection,1555.98,15559.8,122480.85,110657.53,Delivered
BOL002521,Maersk,CEVA Logistics,Loblaws,Furniture,20GP,5,Shanghai,Seattle,DAP,2022-06-18,2022-07-15,2022-07-15,27,0,Yes,None,4403.08,22015.4,84802.47,174816.98,Delivered
BOL002522,Hapag-Lloyd,DB Schenker,Indigo Books,Textiles,20GP,7,Shenzhen,Chicago,DAP,2024-06-04,2024-06-26,2024-06-26,22,0,Yes,None,2428.06,16996.42,150485.52,166714.84,Delivered
BOL002523,Evergreen,DSV,Groupe Touchette,Electronics,40GP,5,Kaohsiung,Seattle,CIF,2022-08-08,2022-09-17,2022-09-17,40,0,Yes,None,3245.34,16226.7,77114.08,440587.63,Delivered
BOL002524,HMM,Kuehne+Nagel,Giant Tiger,Auto Parts,45HC,3,Hong Kong,Montreal,DAP,2022-04-20,2022-05-31,2022-05-31,41,0,Yes,None,2076.04,6228.12,61002.04,87264.73,Delivered
BOL002525,Hapag-Lloyd,Sinotrans,Home Depot Canada,Steel Products,40HC,9,Kaohsiung,Halifax,EXW,2022-11-26,2023-01-02,2023-01-02,37,0,Yes,None,4449.55,40045.95,160783.24,448065.72,Delivered
BOL002526,Yang Ming,Expeditors,Loblaw Companies,Machinery,20RF,5,Singapore,Chicago,EXW,2023-11-15,2023-12-03,2023-12-03,18,0,Yes,None,1960.2,9801.0,118897.46,331837.56,Delivered
BOL002527,ZIM,DSV,Shoppers Drug Mart,Textiles,40HC,3,Colombo,Miami,EXW,2022-01-13,2022-01-28,2022-01-28,15,0,Yes,None,1921.69,5765.07,25778.56,439262.66,Delivered
BOL002528,Hapag-Lloyd,Expeditors,Canadian Tire,Food Products,20RF,8,Shanghai,Vancouver,DAP,2024-10-08,2024-10-22,2024-10-22,14,0,Yes,None,3619.74,28957.92,150237.4,179858.45,Delivered
BOL002529,MSC,Nippon Express,Canadian Tire,Toys,40HC,1,Shanghai,Chicago,DAP,2024-05-17,2024-07-01,2024-07-01,45,0,Yes,None,3548.74,3548.74,25874.49,351862.61,Delivered
BOL002530,HMM,Sinotrans,Home Depot Canada,Steel Products,20GP,4,Shanghai,Seattle,CIF,2023-05-10,2023-06-10,2023-06-10,31,0,Yes,None,1191.63,4766.52,28992.46,335175.08,Delivered
BOL002531,COSCO,Panalpina,Metro Inc,Food Products,40GP,8,Busan,Los Angeles,DAP,2023-07-04,2023-08-09,2023-08-09,36,0,Yes,None,2077.65,16621.2,159157.85,361603.28,Delivered
BOL002532,ONE,Kuehne+Nagel,Indigo Books,Chemicals,45HC,9,Hamburg,Vancouver,DAP,2022-07-04,2022-08-09,2022-08-09,36,0,Yes,None,4261.49,38353.41,59538.93,185701.19,Delivered
BOL002533,Maersk,Panalpina,Mountain Equipment,Chemicals,20GP,10,Singapore,Miami,CFR,2024-05-12,2024-06-21,2024-06-30,40,9,No,Bad Weather,1686.2,16862.0,264871.09,127101.82,Delayed
BOL002534,Hapag-Lloyd,DB Schenker,Metro Inc,Chemicals,20GP,4,Ningbo,Los Angeles,FOB,2022-09-02,2022-10-12,2022-10-12,40,0,Yes,None,1566.09,6264.36,50748.35,492236.23,Delivered
BOL002535,Hapag-Lloyd,Nippon Express,Sport Chek,Textiles,20RF,3,Kaohsiung,Seattle,DDP,2024-02-04,2024-03-14,2024-03-14,39,0,Yes,None,1101.64,3304.92,25027.38,357421.13,Delivered
BOL002536,Maersk,CEVA Logistics,Sobeys,Chemicals,20RF,10,Rotterdam,New York,CIF,2023-09-15,2023-10-29,2023-10-29,44,0,Yes,None,4464.49,44644.9,220090.93,51784.57,Delivered
BOL002537,CMA CGM,DB Schenker,Best Buy Canada,Auto Parts,40GP,3,Rotterdam,Chicago,FOB,2023-06-17,2023-07-14,2023-07-14,27,0,Yes,None,3619.1,10857.3,71145.55,368569.6,Delivered
BOL002538,HMM,Nippon Express,IKEA Canada,Textiles,40RF,1,Kaohsiung,Vancouver,DAP,2024-09-15,2024-10-17,2024-10-17,32,0,Yes,None,1209.21,1209.21,13980.42,486783.03,Delivered
BOL002539,ONE,Panalpina,Costco Canada,Food Products,45HC,1,Rotterdam,New York,DAP,2022-02-04,2022-03-13,2022-03-13,37,0,Yes,None,2354.23,2354.23,8447.84,104397.6,Delivered
BOL002540,Hapag-Lloyd,Expeditors,Canadian Tire,Electronics,40RF,5,Shenzhen,Toronto,DDP,2024-10-01,2024-11-13,2024-11-13,43,0,Yes,None,1414.94,7074.7,94918.37,161600.13,Delivered
BOL002541,ONE,Panalpina,IKEA Canada,Furniture,40GP,5,Rotterdam,New York,DDP,2022-11-23,2023-01-06,2023-01-06,44,0,Yes,None,3637.86,18189.3,45023.19,227799.73,Delivered
BOL002542,HMM,DB Schenker,Indigo Books,Chemicals,40RF,3,Shanghai,Miami,CFR,2024-04-26,2024-05-15,2024-05-15,19,0,Yes,None,847.61,2542.83,31755.6,488041.71,Delivered
BOL002543,ZIM,Sinotrans,Costco Canada,Steel Products,40RF,2,Shenzhen,Seattle,FOB,2022-05-18,2022-06-22,2022-06-26,35,4,No,Port Congestion,1147.38,2294.76,52785.41,256233.13,Delivered
BOL002544,Yang Ming,DSV,Metro Inc,Chemicals,40RF,10,Busan,Los Angeles,CFR,2024-05-18,2024-06-25,2024-06-25,38,0,Yes,None,1923.76,19237.6,90292.98,46082.48,Delivered
BOL002545,Maersk,Expeditors,Mountain Equipment,Auto Parts,40RF,8,Kaohsiung,Chicago,DAP,2023-11-20,2023-12-04,2023-12-04,14,0,Yes,None,3061.11,24488.88,171951.08,337243.09,Delivered
BOL002546,Yang Ming,Panalpina,Groupe Touchette,Toys,40RF,4,Hamburg,Houston,FOB,2023-12-08,2024-01-03,2024-01-03,26,0,Yes,None,1374.61,5498.44,43085.88,178045.45,Delivered
BOL002547,CMA CGM,Kuehne+Nagel,Empire Company,Machinery,20RF,8,Rotterdam,Houston,CFR,2022-04-08,2022-05-07,2022-05-07,29,0,Yes,None,2855.16,22841.28,123918.96,42858.89,Delivered
BOL002548,ONE,Nippon Express,Groupe Touchette,Apparel,20RF,9,Shanghai,Vancouver,EXW,2024-10-22,2024-11-27,2024-11-27,36,0,Yes,None,1680.45,15124.05,149076.48,92931.67,Delivered
BOL002549,ONE,DB Schenker,Hudson Bay,Furniture,20GP,4,Hamburg,Miami,CFR,2024-06-23,2024-08-07,2024-08-07,45,0,Yes,None,2279.85,9119.4,27810.64,429988.02,Delivered
BOL002550,Hapag-Lloyd,DSV,Groupe Touchette,Textiles,40HC,5,Ningbo,Halifax,EXW,2024-03-03,2024-03-23,2024-03-23,20,0,Yes,None,3421.21,17106.05,89808.65,409156.41,Delivered
BOL002551,COSCO,Panalpina,Shoppers Drug Mart,Textiles,45HC,8,Shenzhen,New York,DAP,2023-01-24,2023-02-23,2023-02-23,30,0,Yes,None,3884.53,31076.24,221562.4,433086.2,Delivered
BOL002552,CMA CGM,Expeditors,Mountain Equipment,Auto Parts,20GP,6,Colombo,New York,CFR,2022-02-03,2022-02-19,2022-02-19,16,0,Yes,None,2999.05,17994.3,129396.29,374959.0,Delivered
BOL002553,ONE,Nippon Express,Canadian Tire,Auto Parts,40HC,2,Shenzhen,Montreal,DAP,2024-02-25,2024-03-10,2024-03-10,14,0,Yes,None,1370.67,2741.34,31145.03,213383.5,Delivered
BOL002554,COSCO,CEVA Logistics,Hudson Bay,Apparel,20GP,3,Busan,Montreal,FOB,2024-12-31,2025-01-16,2025-01-16,16,0,Yes,None,907.55,2722.65,74196.22,119512.39,In Transit
BOL002555,Hapag-Lloyd,Panalpina,Sport Chek,Textiles,40GP,8,Busan,Chicago,CIF,2024-05-24,2024-07-02,2024-07-02,39,0,Yes,None,1406.4,11251.2,43211.18,326965.35,Delivered
BOL002556,Hapag-Lloyd,Nippon Express,Indigo Books,Auto Parts,20GP,10,Hong Kong,Seattle,CFR,2024-05-11,2024-06-24,2024-06-24,44,0,Yes,None,3127.03,31270.3,50577.38,208759.62,Delivered
BOL002557,HMM,Nippon Express,Indigo Books,Chemicals,45HC,4,Kaohsiung,Toronto,EXW,2024-09-06,2024-09-22,2024-09-22,16,0,Yes,None,3023.84,12095.36,26982.31,133116.21,Delivered
BOL002558,CMA CGM,Sinotrans,Indigo Books,Steel Products,20RF,7,Busan,Vancouver,CIF,2023-05-09,2023-05-26,2023-05-26,17,0,Yes,None,2775.06,19425.42,44359.46,88805.71,Delivered
BOL002559,Yang Ming,Nippon Express,Aldo Group,Apparel,20GP,1,Shenzhen,Chicago,EXW,2022-09-19,2022-10-23,2022-10-28,34,5,No,Documentation Error,2885.14,2885.14,16860.65,159868.97,Delivered
BOL002560,ONE,Expeditors,Giant Tiger,Machinery,20RF,1,Colombo,Montreal,DAP,2022-01-27,2022-02-12,2022-02-12,16,0,Yes,None,4374.85,4374.85,26279.98,230864.9,Delivered
BOL002561,Hapag-Lloyd,Panalpina,Best Buy Canada,Apparel,45HC,10,Colombo,Halifax,CIF,2023-09-25,2023-11-09,2023-11-09,45,0,Yes,None,1658.32,16583.2,181959.62,485014.22,Delivered
BOL002562,CMA CGM,Kuehne+Nagel,Home Depot Canada,Chemicals,40GP,2,Colombo,Chicago,DDP,2024-02-14,2024-03-30,2024-03-30,45,0,Yes,None,1544.17,3088.34,10610.53,153958.59,Delivered
BOL002563,MSC,Nippon Express,Groupe Touchette,Furniture,20RF,5,Kaohsiung,Chicago,EXW,2022-06-27,2022-07-13,2022-07-13,16,0,Yes,None,3981.33,19906.65,26656.06,153965.36,Delivered
BOL002564,Yang Ming,DB Schenker,Sport Chek,Electronics,40GP,9,Hamburg,Miami,DDP,2022-03-16,2022-04-13,2022-04-13,28,0,Yes,None,2806.29,25256.61,137665.26,215181.47,Delivered
BOL002565,Evergreen,DSV,Empire Company,Textiles,40GP,5,Hamburg,Montreal,DAP,2024-12-08,2025-01-11,2025-01-26,34,15,No,Port Congestion,861.77,4308.85,49432.03,309828.09,Delayed
BOL002566,ZIM,Sinotrans,Sport Chek,Electronics,40GP,7,Busan,Halifax,CIF,2023-02-03,2023-02-18,2023-02-18,15,0,Yes,None,1683.63,11785.41,146183.54,288552.44,Delivered
BOL002567,Evergreen,Sinotrans,Sobeys,Apparel,20GP,6,Shenzhen,New York,FOB,2023-05-12,2023-06-05,2023-06-05,24,0,Yes,None,4253.6,25521.6,107175.18,279956.39,Delivered
BOL002568,HMM,CEVA Logistics,IKEA Canada,Furniture,45HC,8,Colombo,Montreal,FOB,2022-04-26,2022-05-31,2022-05-31,35,0,Yes,None,2625.18,21001.44,149096.48,493893.77,Delivered
BOL002569,Evergreen,Nippon Express,Sport Chek,Food Products,40HC,1,Busan,Toronto,FOB,2022-11-16,2022-12-28,2022-12-28,42,0,Yes,None,2122.83,2122.83,19357.65,454991.76,Delivered
BOL002570,ONE,Expeditors,Home Depot Canada,Chemicals,40RF,3,Ningbo,Miami,DAP,2024-09-28,2024-11-11,2024-11-11,44,0,Yes,None,1785.27,5355.81,56199.82,334571.22,Delivered
BOL002571,ZIM,Nippon Express,Mountain Equipment,Chemicals,45HC,5,Hong Kong,New York,CIF,2024-04-09,2024-05-11,2024-05-11,32,0,Yes,None,3382.65,16913.25,35895.64,375099.31,Delivered
BOL002572,HMM,Panalpina,Best Buy Canada,Electronics,20RF,9,Rotterdam,Halifax,DDP,2023-09-08,2023-10-11,2023-10-11,33,0,Yes,None,1341.0,12069.0,222206.31,78353.01,Delivered
BOL002573,ONE,Sinotrans,Empire Company,Toys,40RF,7,Hong Kong,Vancouver,DAP,2022-08-02,2022-08-22,2022-08-22,20,0,Yes,None,2562.4,17936.8,75194.59,123789.49,Delivered
BOL002574,Evergreen,Kuehne+Nagel,Costco Canada,Textiles,40RF,7,Kaohsiung,Montreal,DDP,2024-10-09,2024-10-25,2024-10-25,16,0,Yes,None,3578.35,25048.45,171273.74,270708.22,Delivered
BOL002575,Hapag-Lloyd,Expeditors,Costco Canada,Chemicals,20GP,3,Shanghai,New York,DAP,2023-04-03,2023-05-03,2023-05-03,30,0,Yes,None,3609.79,10829.37,37082.64,477004.77,Delivered
BOL002576,ONE,Sinotrans,Loblaw Companies,Toys,40HC,3,Shenzhen,Houston,CFR,2023-02-28,2023-03-23,2023-03-23,23,0,Yes,None,1831.92,5495.76,37150.61,36262.3,Delivered
BOL002577,Yang Ming,Sinotrans,Metro Inc,Apparel,40GP,5,Hamburg,Vancouver,DDP,2023-01-29,2023-02-12,2023-02-12,14,0,Yes,None,4482.87,22414.35,109983.35,454918.52,Delivered
BOL002578,Maersk,Panalpina,Reitmans,Auto Parts,45HC,7,Busan,Seattle,DDP,2022-11-26,2023-01-03,2023-01-13,38,10,No,Bad Weather,3476.35,24334.45,63957.98,447211.02,Delayed
BOL002579,HMM,DSV,Groupe Touchette,Furniture,40RF,3,Busan,Vancouver,CIF,2023-07-26,2023-09-08,2023-09-08,44,0,Yes,None,2328.87,6986.61,21622.81,495529.72,Delivered
BOL002580,ONE,DSV,Groupe Touchette,Auto Parts,40GP,9,Rotterdam,Los Angeles,DDP,2022-07-04,2022-07-29,2022-08-13,25,15,No,Customs Inspection,3588.57,32297.13,45202.11,470128.17,Delayed
BOL002581,MSC,Expeditors,Canadian Tire,Machinery,40HC,2,Colombo,New York,FOB,2022-07-14,2022-08-20,2022-08-20,37,0,Yes,None,3920.26,7840.52,38194.14,165965.82,Delivered
BOL002582,Maersk,Sinotrans,Groupe Touchette,Machinery,40GP,9,Singapore,Halifax,DAP,2023-12-12,2024-01-20,2024-01-20,39,0,Yes,None,1357.45,12217.05,143292.59,169927.91,Delivered
BOL002583,Maersk,Sinotrans,Hudson Bay,Textiles,20RF,10,Ningbo,Houston,DAP,2024-01-08,2024-02-19,2024-02-19,42,0,Yes,None,3441.03,34410.3,200476.22,55265.47,Delivered
BOL002584,Evergreen,Panalpina,Hudson Bay,Electronics,40HC,8,Colombo,Los Angeles,CFR,2023-10-05,2023-11-12,2023-11-17,38,5,No,Customs Inspection,2230.43,17843.44,166080.94,266687.26,Delivered
BOL002585,MSC,CEVA Logistics,IKEA Canada,Food Products,40RF,5,Rotterdam,New York,CIF,2024-06-18,2024-07-13,2024-07-13,25,0,Yes,None,2261.72,11308.6,132284.49,335546.04,Delivered
BOL002586,Yang Ming,DSV,Canadian Tire,Machinery,40GP,7,Busan,New York,CFR,2023-08-25,2023-10-02,2023-10-02,38,0,Yes,None,4379.56,30656.92,59512.07,387049.0,Delivered
BOL002587,Evergreen,Sinotrans,Best Buy Canada,Apparel,20GP,7,Busan,Toronto,FOB,2024-10-20,2024-11-21,2024-11-21,32,0,Yes,None,3785.95,26501.65,73566.31,428084.41,Delivered
BOL002588,Maersk,Nippon Express,Shoppers Drug Mart,Textiles,40GP,3,Shenzhen,Chicago,DDP,2024-04-23,2024-05-22,2024-05-22,29,0,Yes,None,2739.4,8218.2,40035.49,165895.35,Delivered
BOL002589,Yang Ming,Sinotrans,Sport Chek,Apparel,40HC,2,Singapore,Montreal,FOB,2024-02-14,2024-03-08,2024-03-08,23,0,Yes,None,3626.09,7252.18,14788.23,10898.09,Delivered
BOL002590,ONE,Kuehne+Nagel,Aldo Group,Auto Parts,20GP,5,Singapore,Halifax,CFR,2022-03-31,2022-04-17,2022-04-17,17,0,Yes,None,2349.7,11748.5,27022.56,60912.9,Delivered
BOL002591,ZIM,Sinotrans,Home Depot Canada,Auto Parts,20GP,1,Singapore,Houston,CIF,2024-02-17,2024-03-10,2024-03-10,22,0,Yes,None,2340.73,2340.73,19409.19,277387.57,Delivered
BOL002592,Hapag-Lloyd,Kuehne+Nagel,Giant Tiger,Machinery,40RF,5,Busan,Houston,FOB,2023-12-17,2024-01-03,2024-01-03,17,0,Yes,None,1365.64,6828.2,49317.83,267167.6,Delivered
BOL002593,Maersk,Kuehne+Nagel,Giant Tiger,Food Products,40GP,10,Shanghai,Houston,DAP,2022-05-19,2022-06-02,2022-06-02,14,0,Yes,None,2708.5,27085.0,55514.99,129502.61,Delivered
BOL002594,Hapag-Lloyd,DB Schenker,Groupe Touchette,Apparel,20GP,8,Hong Kong,Houston,CIF,2023-06-02,2023-07-07,2023-07-11,35,4,No,Customs Inspection,3626.65,29013.2,86869.3,291706.39,Delivered
BOL002595,COSCO,DB Schenker,Mountain Equipment,Steel Products,40GP,9,Ningbo,Toronto,DDP,2023-08-23,2023-09-17,2023-09-17,25,0,Yes,None,4345.37,39108.33,231396.61,45390.22,Delivered
BOL002596,Maersk,Expeditors,Sobeys,Chemicals,20GP,2,Ningbo,Houston,FOB,2022-08-15,2022-09-26,2022-09-26,42,0,Yes,None,4397.1,8794.2,17264.44,307565.89,Delivered
BOL002597,Maersk,Sinotrans,Loblaws,Furniture,40GP,10,Ningbo,Houston,DAP,2022-10-06,2022-11-06,2022-11-18,31,12,No,Port Congestion,1892.78,18927.8,62460.7,410984.52,Delayed
BOL002598,Yang Ming,DSV,Costco Canada,Chemicals,40HC,5,Busan,Seattle,EXW,2022-11-08,2022-12-07,2022-12-07,29,0,Yes,None,974.91,4874.55,129948.12,474916.02,Delivered
BOL002599,COSCO,DB Schenker,IKEA Canada,Food Products,40GP,4,Shenzhen,Chicago,DDP,2022-11-13,2022-12-19,2022-12-19,36,0,Yes,None,4445.76,17783.04,68091.79,323877.19,Delivered
BOL002600,HMM,DB Schenker,Best Buy Canada,Electronics,20GP,5,Shenzhen,Houston,EXW,2022-04-06,2022-05-10,2022-05-10,34,0,Yes,None,4268.21,21341.05,83783.12,252832.98,Delivered
BOL002601,HMM,Nippon Express,Home Depot Canada,Apparel,20GP,10,Kaohsiung,New York,DDP,2023-03-09,2023-04-21,2023-04-21,43,0,Yes,None,992.35,9923.5,108220.99,136006.24,Delivered
BOL002602,COSCO,Expeditors,Sobeys,Food Products,20GP,1,Colombo,Chicago,EXW,2022-09-13,2022-10-28,2022-10-28,45,0,Yes,None,1541.51,1541.51,10892.6,203297.46,Delivered
BOL002603,Maersk,Kuehne+Nagel,Loblaws,Machinery,45HC,7,Rotterdam,Miami,DAP,2024-09-07,2024-10-09,2024-10-09,32,0,Yes,None,2195.04,15365.28,35790.84,76199.25,Delivered
BOL002604,CMA CGM,DSV,Groupe Touchette,Textiles,20GP,4,Ningbo,Houston,DDP,2022-10-31,2022-11-14,2022-11-14,14,0,Yes,None,2414.52,9658.08,74667.51,255524.63,Delivered
BOL002605,ZIM,Sinotrans,Indigo Books,Chemicals,40HC,2,Hong Kong,Seattle,CIF,2022-01-10,2022-02-12,2022-02-12,33,0,Yes,None,2287.97,4575.94,16289.69,307773.2,Delivered
BOL002606,Hapag-Lloyd,Panalpina,IKEA Canada,Textiles,20GP,7,Hong Kong,Los Angeles,FOB,2023-08-17,2023-09-03,2023-09-03,17,0,Yes,None,1526.3,10684.1,110650.74,44053.79,Delivered
BOL002607,Maersk,Expeditors,Mountain Equipment,Auto Parts,40GP,10,Kaohsiung,New York,CFR,2023-05-15,2023-06-29,2023-06-29,45,0,Yes,None,3870.87,38708.7,267766.74,122718.36,Delivered
BOL002608,COSCO,CEVA Logistics,Empire Company,Toys,45HC,1,Ningbo,Halifax,CIF,2024-01-21,2024-02-12,2024-02-12,22,0,Yes,None,2731.1,2731.1,17357.88,179405.7,Delivered
BOL002609,Evergreen,DSV,Canadian Tire,Toys,20RF,8,Singapore,Seattle,DAP,2022-07-10,2022-07-29,2022-07-29,19,0,Yes,None,3892.34,31138.72,96042.79,489354.46,Delivered
BOL002610,ZIM,Sinotrans,Aldo Group,Toys,20RF,5,Hong Kong,Halifax,CIF,2022-03-23,2022-05-02,2022-05-02,40,0,Yes,None,2149.0,10745.0,116063.51,488564.58,Delivered
BOL002611,HMM,CEVA Logistics,Metro Inc,Apparel,40RF,5,Rotterdam,Montreal,FOB,2022-07-12,2022-07-28,2022-07-28,16,0,Yes,None,878.58,4392.9,79066.33,455176.6,Delivered
BOL002612,MSC,Nippon Express,Metro Inc,Textiles,40HC,7,Hamburg,Los Angeles,DDP,2023-08-24,2023-09-14,2023-09-14,21,0,Yes,None,3112.13,21784.91,79744.12,115142.73,Delivered
BOL002613,Evergreen,CEVA Logistics,Best Buy Canada,Machinery,20RF,10,Busan,Miami,FOB,2024-07-18,2024-08-05,2024-08-05,18,0,Yes,None,1173.21,11732.1,123663.18,236670.99,Delivered
BOL002614,MSC,Kuehne+Nagel,Groupe Touchette,Textiles,45HC,2,Ningbo,Montreal,CIF,2023-06-25,2023-07-30,2023-08-07,35,8,No,Equipment Shortage,4281.29,8562.58,27711.62,406516.28,Delayed
BOL002615,MSC,DSV,Walmart Canada,Steel Products,40RF,9,Kaohsiung,Halifax,DAP,2022-12-07,2023-01-21,2023-01-21,45,0,Yes,None,2682.9,24146.1,233741.82,90656.4,Delivered
BOL002616,ZIM,Panalpina,Best Buy Canada,Food Products,40HC,4,Singapore,New York,CIF,2022-07-24,2022-08-29,2022-09-09,36,11,No,Bad Weather,2521.24,10084.96,40875.69,356017.06,Delayed
BOL002617,Hapag-Lloyd,DSV,Canadian Tire,Electronics,20GP,7,Shenzhen,Chicago,FOB,2024-01-25,2024-03-04,2024-03-04,39,0,Yes,None,3580.09,25060.63,169372.08,135081.82,Delivered
BOL002618,Maersk,DB Schenker,Sobeys,Toys,40GP,4,Rotterdam,Chicago,CFR,2022-03-16,2022-04-27,2022-04-27,42,0,Yes,None,3664.63,14658.52,111526.48,34948.91,Delivered
BOL002619,Hapag-Lloyd,DB Schenker,Sobeys,Steel Products,20RF,6,Busan,Chicago,DDP,2024-04-21,2024-05-15,2024-05-15,24,0,Yes,None,3571.89,21431.34,72159.56,232191.54,Delivered
BOL002620,ZIM,Expeditors,Giant Tiger,Chemicals,20RF,8,Hong Kong,Chicago,CFR,2024-02-07,2024-02-28,2024-02-28,21,0,Yes,None,3351.72,26813.76,189490.39,209854.07,Delivered
BOL002621,Maersk,Nippon Express,Sobeys,Food Products,40RF,6,Hong Kong,Halifax,DDP,2024-09-18,2024-10-06,2024-10-06,18,0,Yes,None,1493.8,8962.8,111001.75,350970.4,Delivered
BOL002622,CMA CGM,CEVA Logistics,Canadian Tire,Chemicals,20GP,2,Singapore,Toronto,DAP,2022-09-04,2022-10-08,2022-10-08,34,0,Yes,None,2559.22,5118.44,52705.78,353313.61,Delivered
BOL002623,MSC,Nippon Express,Groupe Touchette,Furniture,40RF,7,Shanghai,Seattle,DAP,2023-08-25,2023-09-15,2023-09-19,21,4,No,Equipment Shortage,3932.87,27530.09,109840.56,82353.13,Delivered
BOL002624,HMM,Expeditors,Empire Company,Steel Products,40HC,1,Hamburg,Los Angeles,FOB,2022-07-30,2022-09-10,2022-09-10,42,0,Yes,None,2318.61,2318.61,23325.42,154858.38,Delivered
BOL002625,CMA CGM,Kuehne+Nagel,IKEA Canada,Chemicals,45HC,7,Hamburg,Toronto,EXW,2024-11-14,2024-12-04,2024-12-12,20,8,No,Equipment Shortage,1301.33,9109.31,174202.07,425611.21,Delayed
BOL002626,Maersk,DB Schenker,Giant Tiger,Machinery,20RF,5,Hong Kong,Miami,DAP,2024-03-22,2024-04-19,2024-04-19,28,0,Yes,None,4483.76,22418.8,56361.55,246421.19,Delivered
BOL002627,MSC,Nippon Express,Walmart Canada,Auto Parts,45HC,2,Ningbo,Miami,EXW,2022-04-02,2022-04-29,2022-04-29,27,0,Yes,None,1985.01,3970.02,46594.8,181951.35,Delivered
BOL002628,ONE,Panalpina,Walmart Canada,Machinery,40RF,1,Rotterdam,Miami,DDP,2023-04-09,2023-04-28,2023-04-28,19,0,Yes,None,3817.49,3817.49,21380.9,198100.21,Delivered
BOL002629,Evergreen,Kuehne+Nagel,Indigo Books,Furniture,40RF,2,Busan,Houston,CFR,2023-04-25,2023-05-20,2023-05-20,25,0,Yes,None,3358.94,6717.88,28946.19,286946.41,Delivered
BOL002630,CMA CGM,Nippon Express,Sport Chek,Apparel,20GP,4,Hamburg,New York,CIF,2024-08-13,2024-08-27,2024-08-27,14,0,Yes,None,4411.19,17644.76,67775.04,477249.95,Delivered
BOL002631,ONE,DB Schenker,Mountain Equipment,Toys,40HC,3,Shanghai,Houston,FOB,2024-02-28,2024-03-31,2024-03-31,32,0,Yes,None,2312.42,6937.26,36755.9,24784.46,Delivered
BOL002632,COSCO,Panalpina,Hudson Bay,Steel Products,45HC,5,Kaohsiung,Halifax,DAP,2024-02-04,2024-02-20,2024-02-20,16,0,Yes,None,1870.39,9351.95,39571.35,103566.37,Delivered
BOL002633,ONE,Nippon Express,Groupe Touchette,Apparel,40HC,7,Hong Kong,Vancouver,DAP,2024-03-24,2024-04-16,2024-04-16,23,0,Yes,None,892.34,6246.38,96642.98,101672.28,Delivered
BOL002634,Evergreen,CEVA Logistics,Shoppers Drug Mart,Machinery,45HC,9,Ningbo,Seattle,EXW,2024-01-14,2024-02-01,2024-02-01,18,0,Yes,None,1726.72,15540.48,114257.12,42789.34,Delivered
BOL002635,MSC,Panalpina,Indigo Books,Chemicals,20GP,4,Singapore,Miami,CIF,2022-05-16,2022-06-30,2022-06-30,45,0,Yes,None,4270.29,17081.16,58352.67,53698.03,Delivered
BOL002636,Maersk,Kuehne+Nagel,Metro Inc,Apparel,40RF,5,Colombo,Vancouver,EXW,2023-05-24,2023-06-16,2023-06-16,23,0,Yes,None,4140.91,20704.55,113984.76,29171.8,Delivered
BOL002637,ZIM,DB Schenker,Best Buy Canada,Machinery,20RF,5,Singapore,New York,CFR,2022-12-10,2023-01-21,2023-01-21,42,0,Yes,None,961.17,4805.85,121608.17,304534.47,Delivered
BOL002638,COSCO,Panalpina,Walmart Canada,Steel Products,20RF,4,Hong Kong,Montreal,CFR,2024-04-02,2024-04-23,2024-04-23,21,0,Yes,None,830.66,3322.64,21306.86,427321.88,Delivered
BOL002639,MSC,Expeditors,Sport Chek,Electronics,20GP,4,Shanghai,Montreal,EXW,2024-11-06,2024-11-22,2024-11-22,16,0,Yes,None,1601.53,6406.12,85540.65,22329.47,Delivered
BOL002640,Yang Ming,Sinotrans,Empire Company,Food Products,20RF,1,Shenzhen,Vancouver,CFR,2023-11-30,2024-01-10,2024-01-10,41,0,Yes,None,3148.63,3148.63,27112.9,391167.75,Delivered
BOL002641,MSC,Expeditors,Mountain Equipment,Furniture,40HC,7,Ningbo,Montreal,DDP,2022-02-15,2022-03-09,2022-03-09,22,0,Yes,None,4362.33,30536.31,168543.07,390132.06,Delivered
BOL002642,HMM,CEVA Logistics,Sport Chek,Apparel,40HC,10,Kaohsiung,Houston,CIF,2024-03-23,2024-04-16,2024-04-16,24,0,Yes,None,2684.22,26842.2,178799.89,421205.85,Delivered
BOL002643,MSC,Nippon Express,Mountain Equipment,Food Products,40RF,5,Hong Kong,Seattle,DAP,2022-11-01,2022-11-15,2022-11-15,14,0,Yes,None,3556.82,17784.1,67486.08,484622.99,Delivered
BOL002644,Yang Ming,Sinotrans,Best Buy Canada,Machinery,20RF,10,Colombo,Halifax,DDP,2024-11-15,2024-12-05,2024-12-05,20,0,Yes,None,2077.85,20778.5,63188.28,125209.24,Delivered
BOL002645,Maersk,Nippon Express,Loblaws,Toys,40GP,10,Ningbo,New York,CIF,2023-07-09,2023-08-14,2023-08-14,36,0,Yes,None,4046.78,40467.8,93706.96,444966.88,Delivered
BOL002646,Hapag-Lloyd,Kuehne+Nagel,Sport Chek,Chemicals,20GP,4,Hong Kong,Seattle,CFR,2024-02-29,2024-03-30,2024-04-01,30,2,No,Equipment Shortage,3277.15,13108.6,72302.96,409224.19,Delivered
BOL002647,ONE,DB Schenker,Loblaws,Machinery,20RF,4,Colombo,New York,DDP,2024-10-29,2024-11-12,2024-11-12,14,0,Yes,None,2933.45,11733.8,48730.87,482538.17,Delivered
BOL002648,HMM,Sinotrans,Mountain Equipment,Auto Parts,20RF,2,Hong Kong,Miami,CIF,2024-08-28,2024-10-03,2024-10-03,36,0,Yes,None,2981.19,5962.38,10698.17,309837.15,Delivered
BOL002649,Evergreen,Expeditors,Reitmans,Machinery,40GP,4,Hamburg,Houston,FOB,2022-10-18,2022-11-30,2022-11-30,43,0,Yes,None,2332.98,9331.92,41707.98,405038.24,Delivered
BOL002650,Maersk,Kuehne+Nagel,Sobeys,Apparel,40RF,1,Ningbo,Montreal,DAP,2023-12-07,2024-01-11,2024-01-22,35,11,No,Documentation Error,1395.7,1395.7,27123.7,464873.17,Delayed
BOL002651,ZIM,DSV,Costco Canada,Auto Parts,40HC,1,Singapore,Chicago,EXW,2022-02-24,2022-04-05,2022-04-05,40,0,Yes,None,1294.02,1294.02,13891.22,381616.24,Delivered
BOL002652,Yang Ming,CEVA Logistics,Groupe Touchette,Food Products,20GP,1,Shenzhen,Montreal,DAP,2022-07-15,2022-08-16,2022-08-16,32,0,Yes,None,3549.04,3549.04,9284.42,126783.35,Delivered
BOL002653,MSC,Expeditors,Walmart Canada,Electronics,40RF,5,Shanghai,Vancouver,EXW,2024-05-19,2024-06-29,2024-06-29,41,0,Yes,None,2541.57,12707.85,99278.46,76514.25,Delivered
BOL002654,ZIM,Expeditors,IKEA Canada,Steel Products,20RF,3,Hamburg,Seattle,EXW,2024-11-09,2024-12-09,2024-12-09,30,0,Yes,None,2258.84,6776.52,69672.52,324781.37,Delivered
BOL002655,ZIM,Nippon Express,Giant Tiger,Toys,20RF,4,Hong Kong,Seattle,CIF,2023-08-02,2023-08-25,2023-08-25,23,0,Yes,None,4282.35,17129.4,31929.8,139202.07,Delivered
BOL002656,MSC,DSV,Metro Inc,Apparel,20GP,3,Hong Kong,Los Angeles,EXW,2023-06-01,2023-07-08,2023-07-08,37,0,Yes,None,4481.96,13445.88,60427.48,265371.23,Delivered
BOL002657,COSCO,CEVA Logistics,Hudson Bay,Textiles,40GP,9,Colombo,Seattle,EXW,2024-06-03,2024-06-19,2024-06-19,16,0,Yes,None,1652.08,14868.72,216210.65,358637.01,Delivered
BOL002658,Maersk,DB Schenker,IKEA Canada,Food Products,20RF,4,Hamburg,Seattle,CFR,2023-08-08,2023-09-20,2023-09-26,43,6,No,Documentation Error,2163.47,8653.88,66273.11,301088.88,Delayed
BOL002659,Yang Ming,Sinotrans,Empire Company,Toys,40RF,1,Rotterdam,Vancouver,CFR,2024-12-13,2025-01-17,2025-01-17,35,0,Yes,None,1355.79,1355.79,27387.03,165443.92,In Transit
BOL002660,MSC,DSV,Shoppers Drug Mart,Auto Parts,20GP,9,Busan,Miami,CFR,2024-06-30,2024-08-11,2024-08-11,42,0,Yes,None,4476.56,40289.04,162887.88,395824.23,Delivered
BOL002661,MSC,Expeditors,Giant Tiger,Steel Products,40RF,9,Hong Kong,Toronto,EXW,2023-11-03,2023-11-25,2023-12-07,22,12,No,Port Congestion,2040.67,18366.03,135713.1,122531.62,Delayed
BOL002662,HMM,Kuehne+Nagel,Giant Tiger,Steel Products,45HC,4,Hong Kong,Chicago,DAP,2024-10-09,2024-11-23,2024-11-23,45,0,Yes,None,2669.17,10676.68,91938.27,195745.71,Delivered
BOL002663,Hapag-Lloyd,Sinotrans,Indigo Books,Furniture,40GP,1,Shanghai,Vancouver,CFR,2024-09-07,2024-09-30,2024-09-30,23,0,Yes,None,962.77,962.77,21516.28,70429.31,Delivered
BOL002664,HMM,CEVA Logistics,Best Buy Canada,Food Products,40HC,8,Kaohsiung,Toronto,DAP,2022-04-29,2022-06-07,2022-06-07,39,0,Yes,None,1996.44,15971.52,102595.84,134145.48,Delivered
BOL002665,ZIM,Sinotrans,Groupe Touchette,Machinery,40RF,6,Ningbo,Los Angeles,DDP,2024-11-13,2024-11-27,2024-11-27,14,0,Yes,None,2704.92,16229.52,96757.15,99862.44,Delivered
BOL002666,ZIM,DB Schenker,Giant Tiger,Apparel,20RF,5,Hong Kong,Vancouver,CFR,2024-05-17,2024-06-22,2024-06-22,36,0,Yes,None,3819.62,19098.1,47813.11,31988.14,Delivered
BOL002667,ONE,Nippon Express,Sobeys,Toys,40HC,4,Rotterdam,Seattle,DDP,2023-11-11,2023-11-29,2023-11-29,18,0,Yes,None,3607.81,14431.24,41621.43,123686.72,Delivered
BOL002668,Hapag-Lloyd,Kuehne+Nagel,Aldo Group,Steel Products,45HC,6,Shenzhen,Toronto,DAP,2024-06-28,2024-07-25,2024-07-30,27,5,No,Customs Inspection,2768.52,16611.12,96530.69,33563.2,Delivered
BOL002669,HMM,Sinotrans,Loblaws,Electronics,40RF,3,Shenzhen,Halifax,DAP,2023-06-10,2023-06-24,2023-07-02,14,8,No,Port Congestion,4009.57,12028.71,17059.38,396359.12,Delayed
BOL002670,MSC,Panalpina,IKEA Canada,Furniture,40RF,5,Shenzhen,Seattle,EXW,2024-03-15,2024-04-24,2024-04-24,40,0,Yes,None,2555.9,12779.5,116270.29,449982.49,Delivered
BOL002671,CMA CGM,Nippon Express,Reitmans,Chemicals,40GP,1,Kaohsiung,Houston,EXW,2024-03-09,2024-04-19,2024-04-19,41,0,Yes,None,1606.69,1606.69,13010.09,106640.55,Delivered
BOL002672,COSCO,DSV,Aldo Group,Auto Parts,20GP,8,Hamburg,Los Angeles,DDP,2024-02-17,2024-04-02,2024-04-02,45,0,Yes,None,4387.47,35099.76,179705.76,375597.66,Delivered
BOL002673,Yang Ming,Sinotrans,Groupe Touchette,Auto Parts,40RF,2,Kaohsiung,New York,FOB,2024-08-02,2024-09-09,2024-09-14,38,5,No,Equipment Shortage,1478.63,2957.26,27428.37,137550.96,Delivered
BOL002674,HMM,Expeditors,Sport Chek,Chemicals,40HC,5,Hong Kong,Vancouver,DAP,2022-12-27,2023-02-07,2023-02-07,42,0,Yes,None,1624.97,8124.85,124761.18,28742.43,Delivered
BOL002675,Yang Ming,Nippon Express,Giant Tiger,Machinery,45HC,3,Hong Kong,Vancouver,FOB,2022-02-03,2022-02-20,2022-02-20,17,0,Yes,None,3430.72,10292.16,23150.3,495390.07,Delivered
BOL002676,Evergreen,DB Schenker,Mountain Equipment,Steel Products,20GP,4,Busan,Seattle,DAP,2022-04-24,2022-05-27,2022-06-10,33,14,No,Port Congestion,3541.31,14165.24,53483.0,433141.16,Delayed
BOL002677,ONE,CEVA Logistics,Groupe Touchette,Machinery,40HC,10,Shanghai,Houston,CFR,2024-09-15,2024-10-09,2024-10-09,24,0,Yes,None,3572.41,35724.1,140290.41,235797.34,Delivered
BOL002678,CMA CGM,DB Schenker,Canadian Tire,Toys,20RF,7,Singapore,Montreal,FOB,2024-08-29,2024-09-17,2024-09-17,19,0,Yes,None,3053.24,21372.68,131812.74,57088.55,Delivered
BOL002679,Yang Ming,Expeditors,Home Depot Canada,Electronics,20GP,4,Hamburg,Chicago,CIF,2023-05-22,2023-06-18,2023-06-18,27,0,Yes,None,4428.25,17713.0,55980.73,290244.94,Delivered
BOL002680,CMA CGM,Panalpina,Groupe Touchette,Chemicals,45HC,2,Colombo,Chicago,FOB,2024-06-08,2024-07-10,2024-07-10,32,0,Yes,None,3364.8,6729.6,44125.08,495504.61,Delivered
BOL002681,CMA CGM,Nippon Express,Reitmans,Textiles,40HC,6,Hong Kong,Houston,EXW,2024-04-27,2024-05-16,2024-05-16,19,0,Yes,None,2864.51,17187.06,51598.52,117856.12,Delivered
BOL002682,Evergreen,Nippon Express,Loblaw Companies,Auto Parts,40RF,3,Ningbo,Halifax,EXW,2022-02-22,2022-04-04,2022-04-04,41,0,Yes,None,3640.78,10922.34,52738.72,436186.87,Delivered
BOL002683,Yang Ming,Nippon Express,Empire Company,Textiles,40GP,6,Hamburg,Los Angeles,DDP,2024-12-15,2025-01-29,2025-01-29,45,0,Yes,None,3770.47,22622.82,112610.5,210870.96,In Transit
BOL002684,MSC,CEVA Logistics,Canadian Tire,Textiles,40HC,1,Shenzhen,Toronto,EXW,2023-06-29,2023-08-08,2023-08-08,40,0,Yes,None,2482.96,2482.96,8470.48,264761.19,Delivered
BOL002685,COSCO,Sinotrans,Walmart Canada,Electronics,40HC,1,Shanghai,Houston,FOB,2024-09-10,2024-10-14,2024-10-14,34,0,Yes,None,3564.54,3564.54,12783.62,64446.06,Delivered
BOL002686,Yang Ming,Sinotrans,Empire Company,Auto Parts,45HC,7,Colombo,Miami,DAP,2024-09-23,2024-11-07,2024-11-20,45,13,No,Bad Weather,1093.7,7655.9,69155.41,270381.38,Delayed
BOL002687,ZIM,Sinotrans,Loblaw Companies,Steel Products,40HC,8,Busan,New York,CIF,2023-11-08,2023-12-07,2023-12-07,29,0,Yes,None,2437.94,19503.52,176850.58,210127.69,Delivered
BOL002688,Hapag-Lloyd,DB Schenker,Shoppers Drug Mart,Chemicals,20GP,3,Hamburg,New York,FOB,2022-12-15,2023-01-05,2023-01-15,21,10,No,Bad Weather,1608.73,4826.19,35021.72,279213.44,Delayed
BOL002689,HMM,Kuehne+Nagel,Aldo Group,Food Products,40RF,1,Kaohsiung,Seattle,CIF,2022-08-25,2022-09-26,2022-09-26,32,0,Yes,None,1734.24,1734.24,8002.98,214187.29,Delivered
BOL002690,MSC,Nippon Express,Home Depot Canada,Steel Products,40GP,7,Hong Kong,Halifax,CFR,2023-07-07,2023-08-12,2023-08-12,36,0,Yes,None,2197.3,15381.1,127114.61,378026.59,Delivered
BOL002691,ZIM,Panalpina,Aldo Group,Machinery,45HC,6,Hong Kong,Montreal,CFR,2023-09-03,2023-10-18,2023-10-18,45,0,Yes,None,1558.45,9350.7,90888.41,269072.59,Delivered
BOL002692,MSC,Panalpina,Groupe Touchette,Food Products,40RF,10,Kaohsiung,Miami,CIF,2024-01-12,2024-02-23,2024-02-23,42,0,Yes,None,2780.31,27803.1,270613.64,139333.56,Delivered
BOL002693,COSCO,Nippon Express,Giant Tiger,Machinery,45HC,8,Ningbo,New York,CFR,2023-01-06,2023-02-10,2023-02-10,35,0,Yes,None,1827.37,14618.96,120700.24,87327.36,Delivered
BOL002694,ONE,Expeditors,Reitmans,Toys,20RF,2,Hamburg,Houston,CFR,2024-01-27,2024-03-05,2024-03-05,38,0,Yes,None,4232.76,8465.52,44773.88,417977.13,Delivered
BOL002695,MSC,Panalpina,Sport Chek,Toys,40RF,1,Singapore,Houston,CIF,2022-09-17,2022-10-12,2022-10-12,25,0,Yes,None,4197.14,4197.14,12444.81,16024.69,Delivered
BOL002696,CMA CGM,Expeditors,Loblaw Companies,Toys,20RF,2,Singapore,Miami,FOB,2024-01-17,2024-02-18,2024-02-18,32,0,Yes,None,2915.11,5830.22,22753.46,463523.58,Delivered
BOL002697,ZIM,CEVA Logistics,Reitmans,Chemicals,40HC,4,Hong Kong,Halifax,CFR,2023-04-25,2023-05-24,2023-06-08,29,15,No,Equipment Shortage,1548.06,6192.24,100709.94,105427.06,Delayed
BOL002698,ONE,DB Schenker,Reitmans,Toys,40RF,2,Colombo,Seattle,CFR,2024-03-21,2024-04-14,2024-04-14,24,0,Yes,None,2999.32,5998.64,52146.44,267420.16,Delivered
BOL002699,Evergreen,CEVA Logistics,Indigo Books,Food Products,45HC,4,Kaohsiung,Montreal,DAP,2024-09-02,2024-09-28,2024-09-28,26,0,Yes,None,975.39,3901.56,105741.0,233271.66,Delivered
BOL002700,ONE,Sinotrans,Loblaw Companies,Electronics,40HC,1,Singapore,Chicago,DAP,2024-10-20,2024-12-04,2024-12-04,45,0,Yes,None,3726.56,3726.56,22343.85,346197.8,Delivered
BOL002701,CMA CGM,Panalpina,Hudson Bay,Toys,45HC,10,Rotterdam,Houston,CFR,2022-11-18,2022-12-03,2022-12-03,15,0,Yes,None,1655.89,16558.9,91852.25,475290.43,Delivered
BOL002702,ZIM,Nippon Express,Costco Canada,Toys,20RF,5,Shenzhen,Vancouver,EXW,2023-08-17,2023-09-24,2023-09-24,38,0,Yes,None,3281.63,16408.15,109851.15,218423.97,Delivered
BOL002703,Maersk,DSV,Metro Inc,Textiles,20RF,2,Colombo,Seattle,DDP,2022-12-04,2023-01-04,2023-01-04,31,0,Yes,None,3451.71,6903.42,37154.28,424700.44,Delivered
BOL002704,ZIM,Expeditors,Metro Inc,Furniture,40GP,9,Hong Kong,Halifax,DAP,2022-01-15,2022-03-01,2022-03-01,45,0,Yes,None,3783.73,34053.57,120465.23,373410.59,Delivered
BOL002705,Yang Ming,DB Schenker,Home Depot Canada,Toys,40RF,1,Rotterdam,Halifax,CIF,2024-01-30,2024-02-15,2024-02-15,16,0,Yes,None,2092.04,2092.04,23342.6,427507.16,Delivered
BOL002706,ONE,DB Schenker,Groupe Touchette,Auto Parts,40GP,9,Hamburg,Montreal,DAP,2024-12-31,2025-01-20,2025-01-20,20,0,Yes,None,2464.64,22181.76,50815.37,466304.73,In Transit
BOL002707,HMM,Expeditors,Mountain Equipment,Electronics,40HC,2,Rotterdam,New York,CFR,2022-08-17,2022-09-18,2022-09-18,32,0,Yes,None,1623.97,3247.94,14757.55,128253.58,Delivered
BOL002708,Yang Ming,Sinotrans,Costco Canada,Toys,20RF,4,Colombo,Vancouver,CIF,2022-03-10,2022-04-19,2022-04-19,40,0,Yes,None,4417.78,17671.12,59104.76,467370.2,Delivered
BOL002709,Evergreen,CEVA Logistics,Best Buy Canada,Chemicals,45HC,8,Hong Kong,Seattle,EXW,2024-05-21,2024-06-25,2024-06-25,35,0,Yes,None,2578.77,20630.16,223205.54,181449.06,Delivered
BOL002710,COSCO,Panalpina,Walmart Canada,Textiles,40HC,1,Colombo,Halifax,FOB,2023-10-15,2023-11-26,2023-12-04,42,8,No,Customs Inspection,1886.56,1886.56,9113.22,347338.42,Delayed
BOL002711,COSCO,Kuehne+Nagel,Empire Company,Electronics,45HC,9,Ningbo,Toronto,CIF,2023-10-29,2023-12-10,2023-12-10,42,0,Yes,None,1880.26,16922.34,119476.3,241589.13,Delivered
BOL002712,Yang Ming,Panalpina,Shoppers Drug Mart,Apparel,45HC,5,Colombo,Vancouver,FOB,2022-02-03,2022-03-07,2022-03-07,32,0,Yes,None,2945.46,14727.3,38448.42,195697.8,Delivered
BOL002713,Maersk,DSV,Reitmans,Machinery,40HC,1,Shanghai,Toronto,EXW,2024-02-23,2024-04-04,2024-04-04,41,0,Yes,None,3407.12,3407.12,15130.36,330658.36,Delivered
BOL002714,HMM,Panalpina,IKEA Canada,Machinery,20GP,7,Rotterdam,Chicago,CFR,2022-03-11,2022-04-02,2022-04-02,22,0,Yes,None,4034.32,28240.24,126879.37,344067.81,Delivered
BOL002715,COSCO,Nippon Express,Empire Company,Auto Parts,40RF,9,Rotterdam,New York,DAP,2024-06-14,2024-07-20,2024-07-20,36,0,Yes,None,4298.1,38682.9,235505.07,120379.5,Delivered
BOL002716,Hapag-Lloyd,Sinotrans,Loblaws,Furniture,20RF,2,Hong Kong,Vancouver,EXW,2022-10-14,2022-11-07,2022-11-07,24,0,Yes,None,2592.7,5185.4,34102.97,118256.26,Delivered
BOL002717,Hapag-Lloyd,Nippon Express,Indigo Books,Textiles,20GP,1,Colombo,Toronto,CFR,2024-04-02,2024-05-01,2024-05-01,29,0,Yes,None,1761.44,1761.44,9869.53,454519.0,Delivered
BOL002718,ZIM,CEVA Logistics,Sobeys,Auto Parts,40RF,10,Kaohsiung,Montreal,FOB,2022-12-06,2023-01-09,2023-01-09,34,0,Yes,None,2192.97,21929.7,219910.29,34955.54,Delivered
BOL002719,Hapag-Lloyd,DB Schenker,Best Buy Canada,Food Products,45HC,9,Busan,Montreal,CFR,2024-10-23,2024-11-13,2024-11-13,21,0,Yes,None,4170.81,37537.29,66247.99,447725.71,Delivered
BOL002720,Evergreen,Expeditors,Mountain Equipment,Apparel,40HC,6,Hong Kong,Seattle,CIF,2022-07-16,2022-08-22,2022-08-22,37,0,Yes,None,1766.1,10596.6,86421.83,497710.73,Delivered
BOL002721,ZIM,DSV,Sobeys,Steel Products,20RF,9,Kaohsiung,Houston,EXW,2024-05-13,2024-06-02,2024-06-02,20,0,Yes,None,2473.98,22265.82,80648.57,434796.01,Delivered
BOL002722,MSC,Sinotrans,Best Buy Canada,Chemicals,20RF,9,Busan,New York,DAP,2024-01-16,2024-02-01,2024-02-01,16,0,Yes,None,3082.51,27742.59,138429.96,238461.18,Delivered
BOL002723,Maersk,Panalpina,Best Buy Canada,Machinery,20GP,5,Rotterdam,Houston,EXW,2022-03-17,2022-04-17,2022-04-17,31,0,Yes,None,3886.83,19434.15,113549.7,229420.68,Delivered
BOL002724,Hapag-Lloyd,Kuehne+Nagel,Home Depot Canada,Chemicals,40HC,9,Rotterdam,Halifax,EXW,2023-01-15,2023-02-25,2023-02-25,41,0,Yes,None,3537.47,31837.23,74690.91,452433.76,Delivered
BOL002725,Evergreen,Sinotrans,Aldo Group,Toys,20RF,9,Busan,Montreal,CIF,2023-03-25,2023-05-07,2023-05-07,43,0,Yes,None,2594.89,23354.01,133714.31,20249.81,Delivered
BOL002726,Yang Ming,DB Schenker,Walmart Canada,Machinery,45HC,7,Shenzhen,Chicago,EXW,2023-10-29,2023-11-22,2023-11-22,24,0,Yes,None,808.99,5662.93,164065.28,147845.78,Delivered
BOL002727,Yang Ming,DSV,Costco Canada,Furniture,40HC,3,Busan,Los Angeles,FOB,2024-06-10,2024-07-01,2024-07-01,21,0,Yes,None,2004.54,6013.62,38562.57,52293.52,Delivered
BOL002728,ZIM,Sinotrans,Mountain Equipment,Chemicals,20GP,10,Hong Kong,Los Angeles,FOB,2022-09-09,2022-10-16,2022-10-16,37,0,Yes,None,3267.95,32679.5,112829.2,74936.77,Delivered
BOL002729,Hapag-Lloyd,Expeditors,Hudson Bay,Electronics,40GP,1,Busan,New York,DDP,2024-10-27,2024-11-13,2024-11-22,17,9,No,Documentation Error,2422.83,2422.83,15828.7,84135.53,Delayed
BOL002730,ZIM,Nippon Express,Indigo Books,Toys,40GP,7,Rotterdam,Los Angeles,DDP,2024-09-27,2024-10-17,2024-10-17,20,0,Yes,None,2538.49,17769.43,107659.62,129482.96,Delivered
BOL002731,ZIM,DB Schenker,Groupe Touchette,Toys,20RF,9,Rotterdam,Montreal,EXW,2023-08-20,2023-09-30,2023-09-30,41,0,Yes,None,3981.7,35835.3,165191.26,423816.6,Delivered
BOL002732,Yang Ming,CEVA Logistics,Aldo Group,Textiles,20GP,4,Ningbo,Miami,EXW,2023-08-16,2023-09-16,2023-09-16,31,0,Yes,None,2343.2,9372.8,51885.18,443564.59,Delivered
BOL002733,Evergreen,CEVA Logistics,Giant Tiger,Apparel,45HC,9,Rotterdam,Vancouver,DAP,2023-11-08,2023-12-06,2023-12-06,28,0,Yes,None,1574.18,14167.62,83652.19,103780.92,Delivered
BOL002734,COSCO,Sinotrans,Sport Chek,Electronics,40GP,9,Hong Kong,Vancouver,FOB,2023-12-01,2023-12-30,2023-12-30,29,0,Yes,None,3318.18,29863.62,90872.89,107855.74,Delivered
BOL002735,HMM,Kuehne+Nagel,Home Depot Canada,Chemicals,40GP,9,Colombo,Montreal,CIF,2023-07-27,2023-08-10,2023-08-10,14,0,Yes,None,1015.79,9142.11,69681.44,302525.88,Delivered
BOL002736,MSC,CEVA Logistics,Home Depot Canada,Chemicals,40GP,10,Busan,Chicago,CFR,2023-12-26,2024-01-26,2024-01-26,31,0,Yes,None,2590.89,25908.9,259090.37,186144.94,Delivered
BOL002737,Yang Ming,Nippon Express,Empire Company,Furniture,40GP,4,Shanghai,Los Angeles,CIF,2024-02-13,2024-03-25,2024-03-25,41,0,Yes,None,3448.18,13792.72,52495.9,151954.84,Delivered
BOL002738,Evergreen,DB Schenker,Indigo Books,Chemicals,20GP,9,Rotterdam,Vancouver,FOB,2022-09-27,2022-10-20,2022-11-04,23,15,No,Bad Weather,4474.58,40271.22,75308.28,479560.81,Delayed
BOL002739,Yang Ming,Kuehne+Nagel,Aldo Group,Furniture,20GP,6,Hamburg,Toronto,DDP,2022-05-14,2022-05-31,2022-05-31,17,0,Yes,None,4005.86,24035.16,146520.57,446104.06,Delivered
BOL002740,Yang Ming,DB Schenker,Sport Chek,Textiles,45HC,9,Colombo,New York,FOB,2022-03-18,2022-05-01,2022-05-01,44,0,Yes,None,2263.94,20375.46,238085.17,34312.61,Delivered
BOL002741,Hapag-Lloyd,Expeditors,Walmart Canada,Auto Parts,40GP,8,Hamburg,Vancouver,CFR,2022-08-21,2022-09-22,2022-09-22,32,0,Yes,None,4446.86,35574.88,49920.71,346092.78,Delivered
BOL002742,ZIM,Nippon Express,Shoppers Drug Mart,Machinery,40RF,7,Ningbo,Chicago,CFR,2022-01-21,2022-02-13,2022-02-14,23,1,No,Bad Weather,1455.2,10186.4,163170.71,246364.15,Delivered
BOL002743,Evergreen,Nippon Express,Groupe Touchette,Furniture,45HC,4,Ningbo,Halifax,CIF,2024-12-07,2024-12-31,2024-12-31,24,0,Yes,None,2771.91,11087.64,101857.73,470249.67,Delivered
BOL002744,ONE,Sinotrans,Home Depot Canada,Machinery,40HC,10,Singapore,Seattle,CIF,2022-12-24,2023-01-27,2023-01-27,34,0,Yes,None,3281.84,32818.4,205473.54,279827.08,Delivered
BOL002745,Hapag-Lloyd,Sinotrans,Sport Chek,Food Products,20RF,1,Kaohsiung,Los Angeles,CIF,2023-09-30,2023-11-06,2023-11-06,37,0,Yes,None,1012.49,1012.49,23721.79,417266.16,Delivered
BOL002746,COSCO,CEVA Logistics,Canadian Tire,Toys,40HC,6,Colombo,New York,EXW,2024-12-07,2025-01-05,2025-01-05,29,0,Yes,None,3198.8,19192.8,68659.7,459875.77,In Transit
BOL002747,ONE,CEVA Logistics,Metro Inc,Steel Products,20GP,4,Shenzhen,New York,DDP,2024-10-20,2024-12-02,2024-12-02,43,0,Yes,None,1227.61,4910.44,92638.05,56545.01,Delivered
BOL002748,Yang Ming,Expeditors,Aldo Group,Electronics,40HC,7,Shenzhen,Chicago,FOB,2023-08-03,2023-08-29,2023-08-29,26,0,Yes,None,2948.54,20639.78,77607.37,66610.59,Delivered
BOL002749,MSC,DB Schenker,Loblaws,Food Products,45HC,3,Kaohsiung,New York,DDP,2023-03-04,2023-04-07,2023-04-07,34,0,Yes,None,4449.0,13347.0,70852.21,197776.28,Delivered
BOL002750,MSC,Kuehne+Nagel,Sobeys,Electronics,20GP,7,Ningbo,New York,FOB,2024-03-02,2024-04-10,2024-04-24,39,14,No,Customs Inspection,1149.62,8047.34,43450.07,279369.92,Delayed
BOL002751,HMM,Kuehne+Nagel,Reitmans,Chemicals,40HC,6,Shenzhen,Halifax,FOB,2024-07-08,2024-07-29,2024-07-29,21,0,Yes,None,2520.91,15125.46,131909.08,32638.57,Delivered
BOL002752,Yang Ming,Panalpina,Aldo Group,Auto Parts,40HC,7,Hong Kong,Los Angeles,EXW,2022-01-24,2022-02-07,2022-02-07,14,0,Yes,None,3654.01,25578.07,163465.9,124047.66,Delivered
BOL002753,COSCO,CEVA Logistics,Best Buy Canada,Food Products,40HC,3,Ningbo,Los Angeles,DAP,2022-06-28,2022-08-11,2022-08-11,44,0,Yes,None,1775.81,5327.43,31546.76,473164.06,Delivered
BOL002754,ZIM,CEVA Logistics,Empire Company,Machinery,20GP,3,Hamburg,Seattle,FOB,2024-03-23,2024-05-02,2024-05-02,40,0,Yes,None,1890.96,5672.88,26565.06,104702.08,Delivered
BOL002755,ONE,Panalpina,Best Buy Canada,Furniture,40GP,3,Kaohsiung,Seattle,DAP,2024-01-23,2024-03-07,2024-03-07,44,0,Yes,None,1275.47,3826.41,49223.32,344312.08,Delivered
BOL002756,MSC,Kuehne+Nagel,Shoppers Drug Mart,Toys,40RF,9,Colombo,New York,FOB,2024-12-15,2025-01-27,2025-01-27,43,0,Yes,None,3000.67,27006.03,192839.9,206511.66,In Transit
BOL002757,Yang Ming,Expeditors,Home Depot Canada,Toys,40HC,2,Hong Kong,Chicago,CIF,2022-07-11,2022-07-29,2022-07-29,18,0,Yes,None,1381.69,2763.38,42279.07,255368.04,Delivered
BOL002758,HMM,CEVA Logistics,Shoppers Drug Mart,Chemicals,40RF,5,Rotterdam,Miami,EXW,2024-06-27,2024-07-15,2024-07-15,18,0,Yes,None,1141.91,5709.55,127505.85,10267.65,Delivered
BOL002759,Yang Ming,Sinotrans,Walmart Canada,Apparel,40GP,5,Shenzhen,Seattle,DAP,2023-12-22,2024-02-04,2024-02-04,44,0,Yes,None,827.53,4137.65,39058.29,490432.59,Delivered
BOL002760,MSC,Expeditors,Walmart Canada,Toys,20GP,2,Shenzhen,Montreal,CIF,2022-08-02,2022-08-29,2022-08-29,27,0,Yes,None,3286.78,6573.56,30789.0,270806.32,Delivered
BOL002761,CMA CGM,Nippon Express,Canadian Tire,Food Products,45HC,5,Hong Kong,Chicago,DDP,2023-10-14,2023-11-27,2023-11-27,44,0,Yes,None,845.2,4226.0,32319.91,41274.26,Delivered
BOL002762,Hapag-Lloyd,Sinotrans,Empire Company,Toys,40HC,4,Shenzhen,Vancouver,EXW,2022-11-01,2022-12-03,2022-12-03,32,0,Yes,None,1803.57,7214.28,83341.99,158448.86,Delivered
BOL002763,MSC,DSV,Metro Inc,Apparel,40GP,3,Singapore,Los Angeles,DAP,2024-06-12,2024-07-05,2024-07-10,23,5,No,Documentation Error,1646.65,4939.95,73164.16,325668.19,Delivered
BOL002764,Yang Ming,Kuehne+Nagel,Loblaw Companies,Food Products,20RF,6,Busan,Chicago,EXW,2024-03-30,2024-04-16,2024-04-16,17,0,Yes,None,1161.85,6971.1,126833.67,310556.99,Delivered
BOL002765,Maersk,DSV,Shoppers Drug Mart,Food Products,40GP,4,Kaohsiung,Houston,FOB,2024-10-11,2024-11-12,2024-11-12,32,0,Yes,None,1164.63,4658.52,59850.27,434435.51,Delivered
BOL002766,MSC,CEVA Logistics,Reitmans,Electronics,45HC,2,Rotterdam,New York,DAP,2022-07-31,2022-08-20,2022-08-20,20,0,Yes,None,4245.99,8491.98,39525.59,152394.36,Delivered
BOL002767,Maersk,DSV,Shoppers Drug Mart,Machinery,40RF,6,Colombo,New York,FOB,2024-09-17,2024-10-28,2024-10-28,41,0,Yes,None,2475.62,14853.72,81852.24,64623.18,Delivered
BOL002768,Evergreen,CEVA Logistics,Sobeys,Food Products,40GP,4,Kaohsiung,Seattle,CFR,2023-08-04,2023-09-18,2023-09-18,45,0,Yes,None,1789.62,7158.48,40506.48,493007.47,Delivered
BOL002769,Maersk,Expeditors,Groupe Touchette,Machinery,40GP,6,Hamburg,Houston,FOB,2022-07-12,2022-08-22,2022-08-22,41,0,Yes,None,3895.73,23374.38,40557.44,406238.8,Delivered
BOL002770,HMM,CEVA Logistics,Groupe Touchette,Chemicals,20RF,6,Singapore,Toronto,CIF,2024-08-28,2024-09-12,2024-09-14,15,2,No,Port Congestion,3099.1,18594.6,106867.22,351300.34,Delivered
BOL002771,Yang Ming,Expeditors,Sport Chek,Textiles,45HC,10,Ningbo,Miami,FOB,2023-11-02,2023-12-08,2023-12-08,36,0,Yes,None,1366.7,13667.0,65506.81,140781.63,Delivered
BOL002772,ZIM,CEVA Logistics,Aldo Group,Textiles,40RF,2,Rotterdam,Los Angeles,DDP,2022-12-19,2023-01-20,2023-01-20,32,0,Yes,None,1134.43,2268.86,25931.15,142010.15,Delivered
BOL002773,HMM,DB Schenker,Loblaw Companies,Chemicals,40GP,2,Shenzhen,Seattle,CFR,2024-11-11,2024-11-28,2024-11-28,17,0,Yes,None,3619.91,7239.82,16904.28,337193.71,Delivered
BOL002774,ONE,DB Schenker,Indigo Books,Food Products,40HC,7,Busan,Montreal,FOB,2022-11-25,2022-12-22,2022-12-26,27,4,No,Customs Inspection,2598.37,18188.59,57057.54,11131.49,Delivered
BOL002775,ZIM,DSV,Sobeys,Auto Parts,40HC,3,Busan,Houston,DDP,2024-08-01,2024-08-22,2024-08-22,21,0,Yes,None,2638.18,7914.54,63879.06,102428.19,Delivered
BOL002776,ZIM,Nippon Express,Mountain Equipment,Machinery,40RF,3,Kaohsiung,New York,FOB,2023-01-04,2023-01-24,2023-01-24,20,0,Yes,None,843.9,2531.7,32431.52,26996.2,Delivered
BOL002777,Maersk,Nippon Express,Mountain Equipment,Steel Products,40RF,6,Hong Kong,New York,EXW,2022-05-15,2022-06-16,2022-06-16,32,0,Yes,None,4486.59,26919.54,48759.94,480035.01,Delivered
BOL002778,MSC,DB Schenker,Home Depot Canada,Food Products,40GP,8,Busan,Montreal,DDP,2024-10-09,2024-11-06,2024-11-06,28,0,Yes,None,1580.17,12641.36,147634.7,232377.45,Delivered
BOL002779,Evergreen,DB Schenker,Canadian Tire,Chemicals,20GP,2,Hamburg,Houston,DDP,2022-11-01,2022-11-20,2022-11-20,19,0,Yes,None,1685.71,3371.42,19543.95,62383.32,Delivered
BOL002780,CMA CGM,Nippon Express,Canadian Tire,Auto Parts,20RF,5,Ningbo,Los Angeles,CIF,2023-06-17,2023-07-26,2023-07-26,39,0,Yes,None,3432.42,17162.1,125838.53,93560.0,Delivered
BOL002781,HMM,CEVA Logistics,Sobeys,Apparel,45HC,1,Singapore,New York,CIF,2023-05-26,2023-06-29,2023-06-29,34,0,Yes,None,4282.18,4282.18,22408.55,362574.14,Delivered
BOL002782,COSCO,CEVA Logistics,Sport Chek,Furniture,20RF,4,Shenzhen,Miami,CIF,2024-12-14,2025-01-19,2025-01-19,36,0,Yes,None,2574.98,10299.92,35589.95,120343.66,In Transit
BOL002783,Hapag-Lloyd,Expeditors,Aldo Group,Machinery,40GP,8,Hamburg,Montreal,DDP,2024-11-22,2024-12-06,2024-12-16,14,10,No,Documentation Error,1050.14,8401.12,59634.54,123623.71,Delayed
BOL002784,Evergreen,DSV,Loblaws,Toys,40RF,8,Shenzhen,New York,FOB,2022-01-07,2022-02-02,2022-02-02,26,0,Yes,None,4085.22,32681.76,187926.66,276427.55,Delivered
BOL002785,ONE,DB Schenker,Shoppers Drug Mart,Auto Parts,40HC,5,Shanghai,Toronto,EXW,2024-03-21,2024-04-14,2024-04-14,24,0,Yes,None,915.34,4576.7,123477.01,442342.65,Delivered
BOL002786,Evergreen,DB Schenker,Canadian Tire,Textiles,40RF,2,Ningbo,Halifax,EXW,2023-02-23,2023-03-25,2023-03-25,30,0,Yes,None,3682.5,7365.0,11261.94,282148.96,Delivered
BOL002787,MSC,Kuehne+Nagel,Empire Company,Chemicals,20RF,3,Busan,Seattle,DAP,2024-12-31,2025-01-31,2025-01-31,31,0,Yes,None,4357.66,13072.98,50565.72,370797.34,In Transit
BOL002788,Evergreen,Kuehne+Nagel,Best Buy Canada,Auto Parts,45HC,1,Shanghai,Miami,FOB,2023-10-20,2023-11-18,2023-11-18,29,0,Yes,None,2210.9,2210.9,14570.13,446933.86,Delivered
BOL002789,Evergreen,Expeditors,Canadian Tire,Machinery,40HC,6,Busan,Vancouver,DDP,2024-06-01,2024-06-20,2024-06-22,19,2,No,Documentation Error,3551.18,21307.08,33527.52,130002.42,Delivered
BOL002790,Yang Ming,DB Schenker,Groupe Touchette,Apparel,45HC,1,Busan,Toronto,CFR,2024-09-25,2024-11-09,2024-11-09,45,0,Yes,None,3663.64,3663.64,9942.92,290395.87,Delivered
BOL002791,ZIM,Sinotrans,Empire Company,Machinery,20RF,3,Ningbo,Chicago,CIF,2022-04-15,2022-04-29,2022-05-04,14,5,No,Bad Weather,966.81,2900.43,24927.75,57285.18,Delivered
BOL002792,Maersk,Sinotrans,IKEA Canada,Chemicals,40HC,1,Kaohsiung,Halifax,DDP,2023-07-07,2023-08-20,2023-08-20,44,0,Yes,None,3640.75,3640.75,26735.57,418894.22,Delivered
BOL002793,COSCO,Panalpina,IKEA Canada,Steel Products,45HC,3,Hong Kong,Seattle,FOB,2024-06-22,2024-07-13,2024-07-13,21,0,Yes,None,4154.14,12462.42,66614.62,26760.95,Delivered
BOL002794,Hapag-Lloyd,Nippon Express,Shoppers Drug Mart,Chemicals,20RF,10,Colombo,Chicago,DAP,2023-10-20,2023-11-03,2023-11-18,14,15,No,Port Congestion,3588.06,35880.6,231614.04,426418.51,Delayed
BOL002795,ONE,DSV,Sobeys,Chemicals,40GP,1,Hong Kong,Vancouver,DAP,2022-06-12,2022-07-24,2022-07-24,42,0,Yes,None,4388.01,4388.01,10986.9,464008.12,Delivered
BOL002796,Maersk,Kuehne+Nagel,Loblaws,Apparel,45HC,8,Busan,Toronto,CIF,2022-01-20,2022-02-14,2022-02-14,25,0,Yes,None,3755.9,30047.2,150660.97,302408.77,Delivered
BOL002797,Yang Ming,DSV,Metro Inc,Chemicals,20RF,1,Singapore,Chicago,EXW,2023-09-13,2023-09-29,2023-09-29,16,0,Yes,None,2234.11,2234.11,16011.37,289746.46,Delivered
BOL002798,HMM,Expeditors,Metro Inc,Toys,40HC,1,Hong Kong,Chicago,DAP,2022-01-12,2022-01-29,2022-01-29,17,0,Yes,None,883.24,883.24,21403.84,134886.31,Delivered
BOL002799,Yang Ming,Nippon Express,Shoppers Drug Mart,Food Products,45HC,1,Ningbo,Chicago,CIF,2023-08-29,2023-10-10,2023-10-10,42,0,Yes,None,1843.6,1843.6,25589.14,294671.42,Delivered
BOL002800,CMA CGM,DB Schenker,Mountain Equipment,Apparel,20GP,8,Colombo,Vancouver,DAP,2024-05-14,2024-05-31,2024-06-02,17,2,No,Documentation Error,3029.02,24232.16,175880.15,53696.68,Delivered
BOL002801,ZIM,Kuehne+Nagel,Loblaws,Apparel,40HC,10,Hong Kong,Toronto,DAP,2024-02-03,2024-02-20,2024-02-20,17,0,Yes,None,2020.63,20206.3,55174.0,127729.64,Delivered
BOL002802,Evergreen,Kuehne+Nagel,IKEA Canada,Furniture,40RF,7,Shenzhen,Toronto,DDP,2024-06-05,2024-07-06,2024-07-14,31,8,No,Equipment Shortage,4048.95,28342.65,166787.92,418244.4,Delayed
BOL002803,Yang Ming,Panalpina,Empire Company,Steel Products,40HC,5,Singapore,Chicago,DAP,2024-07-28,2024-09-05,2024-09-05,39,0,Yes,None,4364.61,21823.05,36458.62,259848.92,Delivered
BOL002804,ZIM,Nippon Express,Loblaws,Furniture,20GP,9,Shenzhen,New York,EXW,2024-10-31,2024-11-25,2024-11-25,25,0,Yes,None,1643.34,14790.06,150257.12,388596.0,Delivered
BOL002805,Hapag-Lloyd,DSV,Groupe Touchette,Electronics,20RF,2,Colombo,Halifax,FOB,2022-11-18,2022-12-31,2022-12-31,43,0,Yes,None,3455.07,6910.14,22243.12,418867.15,Delivered
BOL002806,Hapag-Lloyd,Nippon Express,Metro Inc,Textiles,20RF,5,Kaohsiung,Los Angeles,DDP,2024-02-27,2024-04-02,2024-04-02,35,0,Yes,None,4119.05,20595.25,51982.17,485538.42,Delivered
BOL002807,COSCO,DSV,IKEA Canada,Electronics,45HC,8,Busan,Seattle,EXW,2022-02-07,2022-03-23,2022-03-23,44,0,Yes,None,2346.83,18774.64,86854.38,290362.87,Delivered
BOL002808,ZIM,Sinotrans,Indigo Books,Food Products,20RF,8,Hamburg,Chicago,DAP,2022-10-31,2022-12-06,2022-12-06,36,0,Yes,None,1253.69,10029.52,63330.59,273732.12,Delivered
BOL002809,ONE,Expeditors,Aldo Group,Steel Products,20RF,2,Singapore,Los Angeles,DDP,2024-03-30,2024-04-16,2024-04-16,17,0,Yes,None,3025.14,6050.28,51129.88,90204.1,Delivered
BOL002810,HMM,Sinotrans,Mountain Equipment,Apparel,45HC,1,Hamburg,Houston,FOB,2022-08-20,2022-10-01,2022-10-01,42,0,Yes,None,2764.51,2764.51,13165.85,378492.15,Delivered
BOL002811,Maersk,CEVA Logistics,Giant Tiger,Chemicals,40HC,5,Shenzhen,Chicago,DAP,2023-03-12,2023-04-21,2023-04-21,40,0,Yes,None,3704.86,18524.3,79908.86,245846.01,Delivered
BOL002812,HMM,Panalpina,Giant Tiger,Textiles,20GP,6,Shanghai,Halifax,EXW,2022-10-04,2022-11-10,2022-11-10,37,0,Yes,None,2163.55,12981.3,68929.64,312674.0,Delivered
BOL002813,ONE,Sinotrans,Sobeys,Chemicals,45HC,5,Singapore,Houston,DDP,2022-09-28,2022-11-04,2022-11-11,37,7,No,Customs Inspection,4314.18,21570.9,55718.4,375694.87,Delayed
BOL002814,HMM,Nippon Express,Walmart Canada,Chemicals,40RF,5,Hong Kong,Toronto,CIF,2024-04-19,2024-05-16,2024-05-16,27,0,Yes,None,4394.77,21973.85,25370.77,453294.29,Delivered
BOL002815,ONE,CEVA Logistics,Sobeys,Textiles,40GP,9,Rotterdam,Halifax,CFR,2022-11-25,2023-01-08,2023-01-08,44,0,Yes,None,3112.6,28013.4,188972.88,80026.07,Delivered
BOL002816,Maersk,DSV,Indigo Books,Furniture,45HC,7,Kaohsiung,Montreal,DAP,2023-07-13,2023-08-06,2023-08-06,24,0,Yes,None,884.55,6191.85,100969.48,217597.86,Delivered
BOL002817,MSC,Nippon Express,IKEA Canada,Food Products,40HC,4,Kaohsiung,Miami,EXW,2023-06-26,2023-07-21,2023-08-01,25,11,No,Documentation Error,3360.27,13441.08,24248.86,480647.73,Delayed
BOL002818,MSC,Panalpina,Indigo Books,Food Products,40GP,5,Shenzhen,Halifax,CIF,2024-10-12,2024-11-24,2024-11-24,43,0,Yes,None,2616.6,13083.0,73308.63,151084.05,Delivered
BOL002819,HMM,Nippon Express,Canadian Tire,Toys,20RF,3,Hong Kong,Miami,CFR,2022-02-14,2022-03-30,2022-03-30,44,0,Yes,None,2073.79,6221.37,21838.49,307154.62,Delivered
BOL002820,Maersk,DSV,Sobeys,Furniture,40RF,1,Singapore,Halifax,CIF,2024-11-09,2024-12-02,2024-12-02,23,0,Yes,None,878.2,878.2,6456.18,115721.86,Delivered
BOL002821,MSC,Panalpina,Groupe Touchette,Food Products,40RF,3,Colombo,Toronto,DDP,2023-04-20,2023-05-15,2023-05-29,25,14,No,Documentation Error,3604.21,10812.63,34230.87,147889.26,Delayed
BOL002822,CMA CGM,Kuehne+Nagel,Aldo Group,Textiles,20RF,5,Shenzhen,Montreal,DAP,2022-08-30,2022-09-20,2022-09-20,21,0,Yes,None,2355.96,11779.8,55226.88,131165.86,Delivered
BOL002823,HMM,Sinotrans,Aldo Group,Electronics,40HC,2,Busan,New York,EXW,2023-06-23,2023-08-03,2023-08-03,41,0,Yes,None,4415.95,8831.9,40062.12,23472.36,Delivered
BOL002824,ZIM,DB Schenker,Empire Company,Chemicals,40GP,4,Colombo,New York,DDP,2024-06-04,2024-07-15,2024-07-15,41,0,Yes,None,2923.65,11694.6,105300.75,415275.06,Delivered
BOL002825,Evergreen,Nippon Express,Hudson Bay,Electronics,40RF,8,Hong Kong,Toronto,DDP,2024-12-21,2025-01-23,2025-01-23,33,0,Yes,None,1692.89,13543.12,155516.73,318659.47,In Transit
BOL002826,ONE,Nippon Express,Indigo Books,Auto Parts,45HC,10,Shanghai,Houston,CIF,2024-08-30,2024-09-21,2024-09-21,22,0,Yes,None,1556.09,15560.9,67162.59,87607.93,Delivered
BOL002827,Yang Ming,Nippon Express,Giant Tiger,Textiles,40RF,5,Hamburg,Los Angeles,DDP,2022-10-26,2022-11-26,2022-11-26,31,0,Yes,None,3299.62,16498.1,105839.62,130579.81,Delivered
BOL002828,ZIM,Kuehne+Nagel,Aldo Group,Textiles,40GP,9,Hamburg,Chicago,DAP,2023-05-08,2023-06-08,2023-06-08,31,0,Yes,None,4379.84,39418.56,136585.77,258148.47,Delivered
BOL002829,CMA CGM,Nippon Express,Shoppers Drug Mart,Machinery,40RF,3,Rotterdam,Houston,FOB,2022-04-17,2022-05-19,2022-05-19,32,0,Yes,None,3008.19,9024.57,74767.81,479026.88,Delivered
BOL002830,MSC,DSV,Loblaw Companies,Steel Products,40GP,1,Shanghai,Seattle,FOB,2023-03-28,2023-04-15,2023-04-15,18,0,Yes,None,1856.95,1856.95,11069.07,355138.98,Delivered
BOL002831,Evergreen,Kuehne+Nagel,Walmart Canada,Chemicals,40GP,7,Kaohsiung,Miami,EXW,2023-05-26,2023-06-24,2023-06-24,29,0,Yes,None,2148.33,15038.31,120186.54,58848.34,Delivered
BOL002832,MSC,CEVA Logistics,Canadian Tire,Auto Parts,20GP,2,Hamburg,New York,DAP,2023-03-06,2023-04-12,2023-04-16,37,4,No,Port Congestion,3461.32,6922.64,33513.24,190995.47,Delivered
BOL002833,CMA CGM,Expeditors,Giant Tiger,Apparel,20GP,8,Busan,Toronto,DDP,2022-05-15,2022-06-27,2022-06-27,43,0,Yes,None,2130.0,17040.0,215089.76,402935.74,Delivered
BOL002834,CMA CGM,DB Schenker,Home Depot Canada,Food Products,45HC,1,Singapore,Halifax,CIF,2024-07-17,2024-08-13,2024-08-13,27,0,Yes,None,1108.68,1108.68,25369.8,12789.25,Delivered
BOL002835,Yang Ming,Kuehne+Nagel,Shoppers Drug Mart,Electronics,20GP,4,Kaohsiung,Miami,CIF,2022-11-23,2022-12-23,2022-12-24,30,1,No,Equipment Shortage,2739.61,10958.44,50786.83,424773.18,Delivered
BOL002836,Hapag-Lloyd,Panalpina,Home Depot Canada,Chemicals,20GP,5,Shanghai,Toronto,FOB,2023-07-09,2023-08-07,2023-08-07,29,0,Yes,None,3866.08,19330.4,34597.95,416724.65,Delivered
BOL002837,CMA CGM,Expeditors,Aldo Group,Toys,40HC,10,Rotterdam,Toronto,DAP,2023-05-12,2023-05-30,2023-05-30,18,0,Yes,None,4377.92,43779.2,255679.16,461290.6,Delivered
BOL002838,CMA CGM,CEVA Logistics,Mountain Equipment,Chemicals,45HC,1,Hong Kong,Miami,DAP,2023-07-16,2023-08-30,2023-08-30,45,0,Yes,None,3935.18,3935.18,10903.38,256188.27,Delivered
BOL002839,MSC,Kuehne+Nagel,Loblaws,Toys,40HC,1,Colombo,Miami,EXW,2023-07-14,2023-08-07,2023-08-07,24,0,Yes,None,2231.12,2231.12,25164.73,334833.16,Delivered
BOL002840,ONE,Nippon Express,Home Depot Canada,Textiles,20GP,2,Rotterdam,Toronto,FOB,2024-11-27,2024-12-21,2024-12-21,24,0,Yes,None,1910.4,3820.8,35671.46,396480.87,Delivered
BOL002841,Hapag-Lloyd,Kuehne+Nagel,Empire Company,Machinery,20RF,3,Hong Kong,Toronto,DDP,2023-11-08,2023-12-14,2023-12-14,36,0,Yes,None,2285.53,6856.59,65923.17,196894.04,Delivered
BOL002842,Maersk,Panalpina,Home Depot Canada,Chemicals,40HC,3,Colombo,Montreal,FOB,2023-09-05,2023-10-06,2023-10-06,31,0,Yes,None,3570.26,10710.78,49064.28,318286.43,Delivered
BOL002843,ZIM,DSV,Loblaw Companies,Electronics,40RF,7,Singapore,Halifax,EXW,2022-09-11,2022-10-09,2022-10-09,28,0,Yes,None,4423.96,30967.72,176999.8,211246.45,Delivered
BOL002844,COSCO,CEVA Logistics,Walmart Canada,Apparel,20RF,2,Hamburg,Miami,DAP,2022-05-09,2022-06-18,2022-06-18,40,0,Yes,None,1890.81,3781.62,50208.49,464185.17,Delivered
BOL002845,Yang Ming,CEVA Logistics,Best Buy Canada,Food Products,45HC,6,Kaohsiung,Seattle,DDP,2024-05-28,2024-06-15,2024-06-15,18,0,Yes,None,2934.09,17604.54,51274.28,466624.04,Delivered
BOL002846,ONE,CEVA Logistics,Reitmans,Apparel,20GP,6,Shenzhen,Seattle,DDP,2023-10-03,2023-11-02,2023-11-02,30,0,Yes,None,939.71,5638.26,139921.66,221885.6,Delivered
BOL002847,COSCO,CEVA Logistics,Sobeys,Food Products,40HC,3,Rotterdam,Vancouver,DAP,2022-01-12,2022-02-23,2022-02-23,42,0,Yes,None,2675.54,8026.62,82200.39,187668.9,Delivered
BOL002848,HMM,CEVA Logistics,Costco Canada,Apparel,20GP,10,Busan,Chicago,EXW,2024-06-06,2024-07-17,2024-07-17,41,0,Yes,None,3486.67,34866.7,233627.55,96669.52,Delivered
BOL002849,Maersk,Kuehne+Nagel,Groupe Touchette,Textiles,40GP,6,Hamburg,Chicago,DDP,2022-11-06,2022-11-27,2022-11-27,21,0,Yes,None,3101.99,18611.94,103793.6,106176.72,Delivered
BOL002850,COSCO,DB Schenker,Hudson Bay,Electronics,40HC,5,Kaohsiung,Montreal,FOB,2022-12-16,2023-01-01,2023-01-01,16,0,Yes,None,3345.87,16729.35,97225.76,388893.87,Delivered
BOL002851,CMA CGM,Kuehne+Nagel,Canadian Tire,Chemicals,20RF,4,Colombo,Toronto,DAP,2023-12-02,2024-01-10,2024-01-10,39,0,Yes,None,2335.28,9341.12,88354.91,431251.34,Delivered
BOL002852,HMM,Panalpina,Best Buy Canada,Chemicals,40RF,7,Hong Kong,Houston,CFR,2024-04-06,2024-04-30,2024-04-30,24,0,Yes,None,3457.6,24203.2,108686.32,120977.59,Delivered
BOL002853,Yang Ming,DB Schenker,Canadian Tire,Auto Parts,20GP,7,Hong Kong,Montreal,DAP,2022-09-10,2022-10-19,2022-10-19,39,0,Yes,None,3409.54,23866.78,59419.43,290544.9,Delivered
BOL002854,Hapag-Lloyd,CEVA Logistics,Reitmans,Chemicals,45HC,4,Ningbo,Houston,FOB,2024-01-07,2024-02-05,2024-02-05,29,0,Yes,None,4226.68,16906.72,94463.4,313226.4,Delivered
BOL002855,MSC,Kuehne+Nagel,Empire Company,Textiles,20RF,8,Colombo,Seattle,CIF,2024-03-04,2024-04-04,2024-04-04,31,0,Yes,None,3831.71,30653.68,191313.66,453945.27,Delivered
BOL002856,Evergreen,Sinotrans,Loblaws,Electronics,45HC,6,Busan,Halifax,FOB,2022-04-25,2022-05-12,2022-05-12,17,0,Yes,None,2797.68,16786.08,101107.84,496227.78,Delivered
BOL002857,Yang Ming,Nippon Express,IKEA Canada,Machinery,40RF,7,Hamburg,Toronto,CFR,2022-05-07,2022-06-04,2022-06-04,28,0,Yes,None,804.85,5633.95,120922.8,351193.26,Delivered
BOL002858,Hapag-Lloyd,Nippon Express,Loblaw Companies,Toys,20RF,1,Busan,Toronto,FOB,2024-02-03,2024-02-17,2024-02-17,14,0,Yes,None,3151.17,3151.17,26785.87,376312.52,Delivered
BOL002859,Maersk,Panalpina,Reitmans,Apparel,45HC,5,Shanghai,Houston,CFR,2024-12-20,2025-01-04,2025-01-04,15,0,Yes,None,2162.82,10814.1,139745.55,12147.7,In Transit
BOL002860,Yang Ming,Panalpina,Hudson Bay,Furniture,20RF,9,Singapore,Toronto,CFR,2024-10-02,2024-11-06,2024-11-06,35,0,Yes,None,3666.76,33000.84,157181.43,98175.32,Delivered
BOL002861,ONE,Expeditors,Best Buy Canada,Chemicals,40GP,3,Hong Kong,Vancouver,FOB,2022-01-06,2022-02-17,2022-02-17,42,0,Yes,None,848.65,2545.95,62849.31,481407.53,Delivered
BOL002862,ONE,Kuehne+Nagel,Aldo Group,Apparel,20GP,8,Hong Kong,Toronto,CIF,2023-11-06,2023-11-30,2023-11-30,24,0,Yes,None,2845.57,22764.56,127212.94,382776.95,Delivered
BOL002863,Hapag-Lloyd,Kuehne+Nagel,Mountain Equipment,Electronics,40HC,2,Shanghai,Seattle,EXW,2024-12-22,2025-01-22,2025-01-22,31,0,Yes,None,3840.36,7680.72,14684.11,20812.22,In Transit
BOL002864,Yang Ming,DSV,Groupe Touchette,Textiles,40GP,4,Kaohsiung,Los Angeles,CFR,2023-11-10,2023-12-21,2023-12-21,41,0,Yes,None,3768.21,15072.84,34170.28,209511.26,Delivered
BOL002865,HMM,Panalpina,Canadian Tire,Electronics,20RF,4,Ningbo,New York,DAP,2024-07-06,2024-08-03,2024-08-03,28,0,Yes,None,955.56,3822.24,106081.92,340448.75,Delivered
BOL002866,Evergreen,Kuehne+Nagel,Aldo Group,Steel Products,45HC,2,Busan,Seattle,EXW,2024-04-25,2024-05-21,2024-05-21,26,0,Yes,None,1350.23,2700.46,48154.14,425351.48,Delivered
BOL002867,Hapag-Lloyd,Expeditors,Mountain Equipment,Auto Parts,20RF,4,Busan,Miami,DAP,2022-10-08,2022-11-11,2022-11-20,34,9,No,Port Congestion,4106.27,16425.08,55822.15,150710.65,Delayed
BOL002868,ONE,Panalpina,Groupe Touchette,Electronics,40HC,10,Colombo,Vancouver,CFR,2022-06-22,2022-07-25,2022-07-25,33,0,Yes,None,4407.32,44073.2,114388.15,476639.56,Delivered
BOL002869,Evergreen,CEVA Logistics,Costco Canada,Electronics,40RF,2,Rotterdam,New York,CIF,2022-08-11,2022-09-12,2022-09-12,32,0,Yes,None,2776.21,5552.42,38398.99,293679.59,Delivered
BOL002870,Yang Ming,CEVA Logistics,Shoppers Drug Mart,Electronics,40GP,4,Shenzhen,Halifax,CIF,2023-07-30,2023-08-22,2023-08-22,23,0,Yes,None,3358.56,13434.24,68314.14,381861.33,Delivered
BOL002871,COSCO,Nippon Express,Canadian Tire,Machinery,20GP,5,Rotterdam,Miami,DAP,2022-11-11,2022-12-26,2022-12-26,45,0,Yes,None,1707.09,8535.45,121029.81,459284.35,Delivered
BOL002872,Yang Ming,Expeditors,Mountain Equipment,Textiles,45HC,6,Rotterdam,New York,FOB,2022-11-09,2022-12-17,2022-12-17,38,0,Yes,None,2563.54,15381.24,99861.05,215047.82,Delivered
BOL002873,ZIM,DB Schenker,Aldo Group,Electronics,20RF,9,Shanghai,Halifax,FOB,2024-09-21,2024-10-17,2024-10-17,26,0,Yes,None,4411.57,39704.13,75477.42,103054.56,Delivered
BOL002874,Maersk,Expeditors,Indigo Books,Steel Products,40RF,8,Ningbo,Vancouver,CFR,2023-08-27,2023-10-09,2023-10-09,43,0,Yes,None,2139.17,17113.36,136349.41,461874.06,Delivered
BOL002875,Yang Ming,Kuehne+Nagel,Metro Inc,Food Products,20RF,2,Shanghai,Toronto,CFR,2024-04-06,2024-05-19,2024-05-28,43,9,No,Customs Inspection,4053.63,8107.26,35044.38,291250.31,Delayed
BOL002876,Maersk,Nippon Express,Home Depot Canada,Food Products,40RF,3,Hong Kong,Montreal,CFR,2022-11-23,2023-01-07,2023-01-07,45,0,Yes,None,2167.1,6501.3,52556.59,140467.04,Delivered
BOL002877,MSC,Expeditors,Canadian Tire,Electronics,40RF,10,Shanghai,New York,CFR,2022-10-02,2022-10-26,2022-10-26,24,0,Yes,None,3055.68,30556.8,154958.35,306207.08,Delivered
BOL002878,Hapag-Lloyd,DSV,Costco Canada,Textiles,40HC,5,Kaohsiung,Toronto,CIF,2023-06-26,2023-07-10,2023-07-10,14,0,Yes,None,1752.42,8762.1,86031.36,233466.44,Delivered
BOL002879,Evergreen,CEVA Logistics,Metro Inc,Apparel,40RF,8,Ningbo,Vancouver,DDP,2024-05-02,2024-06-05,2024-06-05,34,0,Yes,None,4189.15,33513.2,156729.89,199575.97,Delivered
BOL002880,Evergreen,CEVA Logistics,Sobeys,Electronics,40HC,1,Hamburg,Chicago,CFR,2024-05-14,2024-06-24,2024-06-24,41,0,Yes,None,1984.65,1984.65,19719.28,443229.75,Delivered
BOL002881,COSCO,DSV,Walmart Canada,Textiles,40RF,6,Ningbo,Miami,DAP,2023-03-10,2023-04-21,2023-04-21,42,0,Yes,None,3412.34,20474.04,146051.68,225019.43,Delivered
BOL002882,CMA CGM,Sinotrans,Shoppers Drug Mart,Apparel,20RF,2,Shenzhen,Chicago,DAP,2022-06-14,2022-07-19,2022-08-01,35,13,No,Equipment Shortage,1669.26,3338.52,43763.89,108140.39,Delayed
BOL002883,ZIM,Panalpina,Canadian Tire,Auto Parts,40HC,5,Colombo,Los Angeles,DDP,2022-10-09,2022-11-09,2022-11-09,31,0,Yes,None,1711.13,8555.65,121032.7,253422.47,Delivered
BOL002884,Hapag-Lloyd,Nippon Express,Shoppers Drug Mart,Electronics,20RF,5,Singapore,Miami,FOB,2024-09-05,2024-10-15,2024-10-15,40,0,Yes,None,3852.18,19260.9,130982.57,225860.26,Delivered
BOL002885,CMA CGM,DB Schenker,Empire Company,Chemicals,20GP,10,Rotterdam,Houston,EXW,2024-07-08,2024-08-09,2024-08-16,32,7,No,Customs Inspection,3073.5,30735.0,161729.16,334479.98,Delayed
BOL002886,CMA CGM,DSV,Aldo Group,Food Products,45HC,8,Hamburg,Los Angeles,DAP,2023-06-23,2023-07-28,2023-07-28,35,0,Yes,None,1445.74,11565.92,72872.63,307479.71,Delivered
BOL002887,Yang Ming,Expeditors,Costco Canada,Textiles,40HC,5,Busan,Montreal,CFR,2022-03-31,2022-05-11,2022-05-11,41,0,Yes,None,1185.59,5927.95,84427.86,224763.58,Delivered
BOL002888,COSCO,Sinotrans,Groupe Touchette,Food Products,20RF,9,Singapore,Miami,CIF,2022-10-04,2022-10-30,2022-10-30,26,0,Yes,None,2244.02,20196.18,77113.01,326980.54,Delivered
BOL002889,ZIM,DB Schenker,Empire Company,Apparel,45HC,6,Singapore,New York,DDP,2024-06-01,2024-06-20,2024-06-20,19,0,Yes,None,2639.78,15838.68,118516.66,35384.81,Delivered
BOL002890,Yang Ming,Sinotrans,Canadian Tire,Machinery,40HC,1,Ningbo,Miami,DAP,2024-04-20,2024-05-13,2024-05-13,23,0,Yes,None,3195.85,3195.85,5723.46,367575.18,Delivered
BOL002891,ONE,Expeditors,Empire Company,Machinery,20RF,2,Hong Kong,Halifax,EXW,2022-06-04,2022-07-06,2022-07-06,32,0,Yes,None,823.51,1647.02,37475.42,220547.88,Delivered
BOL002892,CMA CGM,DB Schenker,Shoppers Drug Mart,Electronics,20RF,5,Hamburg,Chicago,DDP,2022-03-21,2022-04-07,2022-04-07,17,0,Yes,None,3960.58,19802.9,39983.7,370244.62,Delivered
BOL002893,ZIM,Sinotrans,Best Buy Canada,Auto Parts,20RF,9,Busan,Toronto,CIF,2022-09-25,2022-10-30,2022-10-30,35,0,Yes,None,4255.56,38300.04,139754.09,466018.54,Delivered
BOL002894,MSC,Expeditors,Home Depot Canada,Apparel,45HC,10,Colombo,Miami,DAP,2024-03-23,2024-04-29,2024-04-29,37,0,Yes,None,4080.53,40805.3,60545.27,229242.89,Delivered
BOL002895,Evergreen,Sinotrans,Empire Company,Machinery,20GP,1,Rotterdam,Chicago,CFR,2023-06-02,2023-06-16,2023-06-16,14,0,Yes,None,2306.44,2306.44,9051.3,489585.38,Delivered
BOL002896,Hapag-Lloyd,CEVA Logistics,Indigo Books,Apparel,40RF,6,Hamburg,Seattle,FOB,2023-11-25,2023-12-17,2023-12-17,22,0,Yes,None,1025.23,6151.38,74143.55,104307.21,Delivered
BOL002897,ONE,Nippon Express,Reitmans,Chemicals,40HC,4,Colombo,Seattle,CFR,2022-11-18,2022-12-25,2022-12-25,37,0,Yes,None,3453.08,13812.32,110372.2,477421.61,Delivered
BOL002898,Evergreen,DSV,Sport Chek,Electronics,20GP,6,Colombo,Los Angeles,FOB,2023-10-11,2023-11-05,2023-11-05,25,0,Yes,None,4061.93,24371.58,52583.8,396788.26,Delivered
BOL002899,Evergreen,DSV,Loblaw Companies,Auto Parts,40RF,3,Singapore,Chicago,DDP,2023-04-19,2023-05-04,2023-05-04,15,0,Yes,None,3031.45,9094.35,49155.52,355404.69,Delivered
BOL002900,CMA CGM,DSV,Sport Chek,Machinery,45HC,5,Hamburg,Seattle,DDP,2023-12-08,2024-01-20,2024-01-20,43,0,Yes,None,4049.17,20245.85,31186.14,498587.13,Delivered
BOL002901,ZIM,Nippon Express,Canadian Tire,Apparel,40RF,9,Shanghai,Miami,FOB,2024-09-11,2024-10-04,2024-10-04,23,0,Yes,None,1581.03,14229.27,205125.62,60359.5,Delivered
BOL002902,CMA CGM,Panalpina,Indigo Books,Textiles,40GP,10,Ningbo,Vancouver,CIF,2023-08-21,2023-09-22,2023-09-22,32,0,Yes,None,2908.7,29087.0,65186.44,321666.83,Delivered
BOL002903,HMM,Panalpina,Home Depot Canada,Steel Products,20GP,3,Hong Kong,Seattle,CFR,2024-11-02,2024-12-08,2024-12-08,36,0,Yes,None,1851.49,5554.47,55857.63,10864.81,Delivered
BOL002904,Evergreen,Nippon Express,Canadian Tire,Machinery,40HC,7,Busan,Chicago,EXW,2024-12-18,2025-01-17,2025-01-17,30,0,Yes,None,2096.03,14672.21,53833.2,82219.62,In Transit
BOL002905,ONE,Panalpina,Loblaws,Toys,40GP,2,Singapore,New York,CFR,2022-02-24,2022-03-11,2022-03-11,15,0,Yes,None,4277.96,8555.92,21009.65,171101.59,Delivered
BOL002906,Hapag-Lloyd,Kuehne+Nagel,Metro Inc,Furniture,40GP,9,Ningbo,Miami,FOB,2022-02-12,2022-03-28,2022-04-01,44,4,No,Port Congestion,1405.09,12645.81,176895.22,399132.57,Delivered
BOL002907,ZIM,Nippon Express,Walmart Canada,Electronics,20RF,9,Hamburg,Toronto,EXW,2023-10-17,2023-11-16,2023-11-16,30,0,Yes,None,2959.41,26634.69,203813.47,321467.05,Delivered
BOL002908,CMA CGM,DB Schenker,Costco Canada,Machinery,40RF,7,Hamburg,Miami,DDP,2022-02-21,2022-03-30,2022-03-30,37,0,Yes,None,4250.78,29755.46,96957.63,116483.31,Delivered
BOL002909,HMM,Nippon Express,Aldo Group,Auto Parts,45HC,10,Hamburg,Montreal,DAP,2024-05-25,2024-06-29,2024-06-29,35,0,Yes,None,2743.52,27435.2,108726.9,250633.43,Delivered
BOL002910,HMM,Panalpina,Empire Company,Apparel,40RF,4,Busan,Miami,CFR,2024-10-10,2024-11-14,2024-11-14,35,0,Yes,None,3095.17,12380.68,77197.83,419543.35,Delivered
BOL002911,CMA CGM,DB Schenker,Sport Chek,Textiles,20RF,9,Hamburg,Halifax,CIF,2023-07-22,2023-08-22,2023-08-22,31,0,Yes,None,3292.42,29631.78,248232.68,458095.43,Delivered
BOL002912,ZIM,Kuehne+Nagel,Sobeys,Textiles,40HC,2,Hamburg,Chicago,DDP,2022-02-06,2022-02-26,2022-02-26,20,0,Yes,None,1968.01,3936.02,43280.96,163692.11,Delivered
BOL002913,Evergreen,Sinotrans,Shoppers Drug Mart,Machinery,40GP,2,Busan,Vancouver,DAP,2024-01-10,2024-02-14,2024-02-14,35,0,Yes,None,4411.27,8822.54,30514.65,470982.45,Delivered
BOL002914,Maersk,Sinotrans,Metro Inc,Furniture,45HC,7,Shanghai,Toronto,DAP,2022-05-11,2022-06-21,2022-06-21,41,0,Yes,None,2134.87,14944.09,43144.6,65154.15,Delivered
BOL002915,Evergreen,Sinotrans,Canadian Tire,Textiles,20RF,8,Ningbo,Houston,DDP,2023-09-23,2023-10-29,2023-10-29,36,0,Yes,None,1008.68,8069.44,40919.75,69106.04,Delivered
BOL002916,CMA CGM,DB Schenker,Groupe Touchette,Textiles,40HC,4,Kaohsiung,New York,DAP,2023-01-31,2023-02-20,2023-02-20,20,0,Yes,None,4082.35,16329.4,96791.02,197707.42,Delivered
BOL002917,Evergreen,DB Schenker,Mountain Equipment,Apparel,45HC,3,Hamburg,Houston,FOB,2024-10-16,2024-11-17,2024-11-17,32,0,Yes,None,1462.25,4386.75,77847.13,341398.86,Delivered
BOL002918,Hapag-Lloyd,DSV,Aldo Group,Machinery,40RF,1,Shenzhen,Chicago,DDP,2023-06-17,2023-07-14,2023-07-14,27,0,Yes,None,2444.55,2444.55,15259.52,104479.46,Delivered
BOL002919,Evergreen,DB Schenker,Walmart Canada,Textiles,40RF,10,Ningbo,Chicago,EXW,2022-08-24,2022-10-01,2022-10-01,38,0,Yes,None,4393.43,43934.3,224742.75,329308.4,Delivered
BOL002920,Maersk,Kuehne+Nagel,Shoppers Drug Mart,Toys,40HC,8,Colombo,Houston,FOB,2024-10-06,2024-11-17,2024-11-17,42,0,Yes,None,3958.77,31670.16,82047.38,321721.51,Delivered
BOL002921,Maersk,Kuehne+Nagel,Groupe Touchette,Toys,20GP,1,Hamburg,Los Angeles,EXW,2022-11-16,2022-12-22,2022-12-22,36,0,Yes,None,4269.49,4269.49,7061.88,270314.07,Delivered
BOL002922,Yang Ming,CEVA Logistics,Shoppers Drug Mart,Electronics,45HC,7,Rotterdam,Seattle,FOB,2023-07-15,2023-08-15,2023-08-15,31,0,Yes,None,4319.68,30237.76,47424.71,210009.22,Delivered
BOL002923,ONE,Panalpina,Sport Chek,Food Products,20GP,3,Singapore,Seattle,DDP,2023-07-08,2023-08-06,2023-08-11,29,5,No,Port Congestion,2251.18,6753.54,40670.72,232264.91,Delivered
BOL002924,Yang Ming,CEVA Logistics,Aldo Group,Textiles,40RF,8,Hong Kong,Toronto,EXW,2024-07-26,2024-08-21,2024-08-21,26,0,Yes,None,2574.87,20598.96,95358.34,384611.97,Delivered
BOL002925,Yang Ming,Expeditors,Shoppers Drug Mart,Apparel,40HC,7,Hamburg,Toronto,DAP,2022-11-08,2022-12-07,2022-12-07,29,0,Yes,None,3614.8,25303.6,64916.86,162203.17,Delivered
BOL002926,Maersk,Kuehne+Nagel,Metro Inc,Toys,20GP,6,Colombo,Halifax,DDP,2024-08-05,2024-09-02,2024-09-02,28,0,Yes,None,1554.21,9325.26,150777.28,155205.54,Delivered
BOL002927,Yang Ming,CEVA Logistics,Aldo Group,Apparel,20RF,7,Shanghai,Miami,DAP,2024-05-05,2024-05-28,2024-05-28,23,0,Yes,None,1212.3,8486.1,174692.57,244711.41,Delivered
BOL002928,ZIM,Kuehne+Nagel,Costco Canada,Steel Products,20GP,6,Kaohsiung,Seattle,DAP,2023-03-28,2023-05-08,2023-05-08,41,0,Yes,None,2931.87,17591.22,67148.8,68616.19,Delivered
BOL002929,CMA CGM,Expeditors,Metro Inc,Furniture,20RF,7,Rotterdam,Vancouver,CFR,2023-08-07,2023-09-16,2023-09-16,40,0,Yes,None,3290.47,23033.29,123470.17,142861.09,Delivered
BOL002930,Hapag-Lloyd,Sinotrans,Mountain Equipment,Auto Parts,40RF,8,Colombo,Los Angeles,DAP,2022-02-07,2022-03-24,2022-03-24,45,0,Yes,None,2473.58,19788.64,143626.08,259135.89,Delivered
BOL002931,Maersk,Kuehne+Nagel,Giant Tiger,Steel Products,40GP,8,Busan,Toronto,DDP,2024-12-23,2025-01-31,2025-01-31,39,0,Yes,None,4450.1,35600.8,209389.8,101824.07,In Transit
BOL002932,ZIM,Kuehne+Nagel,Home Depot Canada,Furniture,20RF,6,Busan,Miami,DDP,2023-10-27,2023-11-26,2023-11-26,30,0,Yes,None,859.03,5154.18,142112.93,105255.61,Delivered
BOL002933,Yang Ming,Expeditors,Best Buy Canada,Machinery,20RF,2,Ningbo,Chicago,CFR,2023-11-02,2023-12-10,2023-12-10,38,0,Yes,None,1824.99,3649.98,34642.27,454084.07,Delivered
BOL002934,ONE,Nippon Express,IKEA Canada,Steel Products,20GP,10,Busan,Vancouver,DAP,2024-07-09,2024-07-28,2024-07-28,19,0,Yes,None,1830.65,18306.5,197171.26,335316.03,Delivered
BOL002935,HMM,Nippon Express,Loblaws,Electronics,20RF,2,Busan,Miami,FOB,2022-06-25,2022-07-23,2022-07-23,28,0,Yes,None,2148.94,4297.88,33582.24,46534.83,Delivered
BOL002936,ONE,DSV,IKEA Canada,Apparel,40HC,10,Colombo,Vancouver,CFR,2022-04-09,2022-05-12,2022-05-12,33,0,Yes,None,1768.36,17683.6,227097.09,344353.42,Delivered
BOL002937,Maersk,Sinotrans,Metro Inc,Electronics,20GP,2,Colombo,Halifax,CFR,2022-11-15,2022-12-30,2022-12-30,45,0,Yes,None,3102.32,6204.64,41541.45,222667.34,Delivered
BOL002938,MSC,DSV,Loblaw Companies,Toys,40HC,5,Rotterdam,Vancouver,DAP,2022-04-13,2022-05-24,2022-06-07,41,14,No,Port Congestion,3982.5,19912.5,74323.42,322956.27,Delayed
BOL002939,CMA CGM,DSV,Walmart Canada,Machinery,45HC,1,Hong Kong,Montreal,DDP,2022-12-01,2022-12-15,2022-12-15,14,0,Yes,None,2861.34,2861.34,5685.38,372785.89,Delivered
BOL002940,Maersk,Kuehne+Nagel,Mountain Equipment,Auto Parts,40RF,6,Shanghai,New York,FOB,2024-09-09,2024-10-24,2024-10-24,45,0,Yes,None,3396.16,20376.96,54376.25,499247.94,Delivered
BOL002941,Hapag-Lloyd,Kuehne+Nagel,Loblaws,Toys,20RF,9,Singapore,Halifax,DAP,2024-11-30,2025-01-09,2025-01-09,40,0,Yes,None,3052.79,27475.11,81861.17,84642.15,In Transit
BOL002942,CMA CGM,DSV,Costco Canada,Food Products,40GP,3,Shenzhen,Toronto,CIF,2023-07-08,2023-08-13,2023-08-13,36,0,Yes,None,4483.0,13449.0,20194.55,290568.52,Delivered
BOL002943,COSCO,Panalpina,Aldo Group,Furniture,40RF,8,Ningbo,Miami,CIF,2022-10-02,2022-10-25,2022-11-02,23,8,No,Equipment Shortage,1003.0,8024.0,100236.79,159912.51,Delayed
BOL002944,MSC,Nippon Express,Shoppers Drug Mart,Chemicals,40HC,9,Shanghai,Vancouver,DDP,2024-01-30,2024-02-29,2024-02-29,30,0,Yes,None,3715.01,33435.09,63920.49,266067.92,Delivered
BOL002945,CMA CGM,CEVA Logistics,Mountain Equipment,Auto Parts,40HC,2,Hong Kong,New York,DAP,2024-04-10,2024-05-11,2024-05-11,31,0,Yes,None,1579.67,3159.34,35100.67,447527.94,Delivered
BOL002946,Hapag-Lloyd,Kuehne+Nagel,Loblaw Companies,Auto Parts,20GP,8,Busan,Los Angeles,EXW,2024-10-29,2024-11-25,2024-11-25,27,0,Yes,None,1982.58,15860.64,70697.68,166691.23,Delivered
BOL002947,Evergreen,Sinotrans,Walmart Canada,Chemicals,20RF,7,Hamburg,New York,FOB,2023-02-23,2023-03-31,2023-03-31,36,0,Yes,None,2005.82,14040.74,105385.18,280336.85,Delivered
BOL002948,Maersk,DB Schenker,Reitmans,Toys,20RF,1,Kaohsiung,Chicago,DDP,2023-06-15,2023-07-19,2023-07-19,34,0,Yes,None,4496.36,4496.36,12010.85,264076.82,Delivered
BOL002949,Yang Ming,Nippon Express,Mountain Equipment,Furniture,40HC,9,Hamburg,Toronto,DDP,2024-11-29,2025-01-06,2025-01-06,38,0,Yes,None,2430.54,21874.86,82197.85,102744.54,In Transit
BOL002950,MSC,CEVA Logistics,Mountain Equipment,Food Products,40HC,6,Ningbo,New York,DAP,2023-03-22,2023-04-29,2023-04-29,38,0,Yes,None,2792.42,16754.52,144045.96,76582.64,Delivered
BOL002951,Hapag-Lloyd,Sinotrans,Shoppers Drug Mart,Toys,40GP,8,Singapore,Vancouver,DAP,2022-05-11,2022-05-30,2022-05-30,19,0,Yes,None,3564.88,28519.04,221829.75,115363.43,Delivered
BOL002952,COSCO,Expeditors,Shoppers Drug Mart,Electronics,20GP,4,Hamburg,Toronto,DDP,2024-11-09,2024-12-19,2024-12-19,40,0,Yes,None,4452.81,17811.24,110859.18,298046.87,Delivered
BOL002953,Yang Ming,Expeditors,Mountain Equipment,Chemicals,40RF,2,Busan,Halifax,DAP,2024-11-02,2024-11-27,2024-12-06,25,9,No,Documentation Error,3752.95,7505.9,42404.91,330811.26,Delayed
BOL002954,Maersk,DSV,Costco Canada,Textiles,40HC,2,Ningbo,Los Angeles,DDP,2024-09-23,2024-10-31,2024-10-31,38,0,Yes,None,1386.57,2773.14,25073.83,197890.12,Delivered
BOL002955,ZIM,CEVA Logistics,Sport Chek,Apparel,40GP,10,Colombo,Toronto,CFR,2024-04-15,2024-05-15,2024-05-15,30,0,Yes,None,2893.38,28933.8,218773.49,69791.71,Delivered
BOL002956,CMA CGM,Sinotrans,Home Depot Canada,Steel Products,40HC,2,Busan,Montreal,CIF,2024-06-04,2024-06-30,2024-06-30,26,0,Yes,None,936.67,1873.34,27679.4,425966.24,Delivered
BOL002957,Evergreen,CEVA Logistics,Costco Canada,Food Products,40GP,8,Shenzhen,Toronto,DDP,2022-10-26,2022-12-03,2022-12-03,38,0,Yes,None,2675.34,21402.72,169002.15,399546.35,Delivered
BOL002958,HMM,Expeditors,Loblaw Companies,Machinery,40RF,7,Kaohsiung,Miami,FOB,2024-01-08,2024-02-15,2024-02-15,38,0,Yes,None,4177.79,29244.53,85872.53,26935.37,Delivered
BOL002959,COSCO,Kuehne+Nagel,Metro Inc,Food Products,20RF,10,Colombo,Montreal,FOB,2023-10-16,2023-11-09,2023-11-09,24,0,Yes,None,3297.91,32979.1,239277.21,341906.87,Delivered
BOL002960,COSCO,DSV,Shoppers Drug Mart,Electronics,20RF,3,Busan,Miami,CFR,2022-07-07,2022-07-21,2022-07-21,14,0,Yes,None,4182.12,12546.36,29099.29,206124.46,Delivered
BOL002961,Yang Ming,Kuehne+Nagel,IKEA Canada,Auto Parts,45HC,3,Hamburg,Seattle,CFR,2023-06-19,2023-07-20,2023-07-20,31,0,Yes,None,3684.41,11053.23,72988.51,95155.12,Delivered
BOL002962,ZIM,DSV,Metro Inc,Chemicals,20RF,5,Hamburg,Halifax,DAP,2022-06-05,2022-06-22,2022-06-22,17,0,Yes,None,3384.19,16920.95,30365.57,299723.72,Delivered
BOL002963,HMM,Kuehne+Nagel,IKEA Canada,Apparel,20GP,2,Hamburg,Los Angeles,DDP,2022-12-28,2023-01-18,2023-01-18,21,0,Yes,None,3799.72,7599.44,49018.51,241536.81,Delivered
BOL002964,CMA CGM,Kuehne+Nagel,Metro Inc,Apparel,40RF,8,Busan,Vancouver,DAP,2022-09-09,2022-10-03,2022-10-03,24,0,Yes,None,1943.93,15551.44,41356.1,38058.31,Delivered
BOL002965,COSCO,CEVA Logistics,Hudson Bay,Chemicals,40GP,3,Shenzhen,Vancouver,CFR,2024-07-06,2024-07-21,2024-07-21,15,0,Yes,None,2627.54,7882.62,36715.3,276777.45,Delivered
BOL002966,COSCO,Panalpina,Walmart Canada,Steel Products,20GP,7,Rotterdam,Vancouver,FOB,2024-04-28,2024-05-25,2024-05-25,27,0,Yes,None,2073.06,14511.42,174344.32,92057.61,Delivered
BOL002967,Yang Ming,CEVA Logistics,Costco Canada,Furniture,20GP,8,Shenzhen,New York,CIF,2023-04-07,2023-04-27,2023-04-27,20,0,Yes,None,3027.28,24218.24,194359.75,381291.38,Delivered
BOL002968,Hapag-Lloyd,Sinotrans,Loblaws,Electronics,20GP,3,Shenzhen,Halifax,FOB,2022-06-03,2022-06-30,2022-06-30,27,0,Yes,None,910.63,2731.89,54032.28,444796.48,Delivered
BOL002969,Hapag-Lloyd,CEVA Logistics,Groupe Touchette,Chemicals,45HC,1,Ningbo,Toronto,FOB,2024-03-04,2024-03-23,2024-03-23,19,0,Yes,None,4261.98,4261.98,16392.62,448296.77,Delivered
BOL002970,Yang Ming,CEVA Logistics,Home Depot Canada,Furniture,40HC,4,Rotterdam,Los Angeles,EXW,2024-06-07,2024-07-04,2024-07-04,27,0,Yes,None,1691.62,6766.48,39026.45,23338.98,Delivered
BOL002971,Evergreen,CEVA Logistics,Loblaw Companies,Auto Parts,40GP,1,Hong Kong,Vancouver,DDP,2023-10-02,2023-11-02,2023-11-09,31,7,No,Equipment Shortage,4050.4,4050.4,13353.28,46562.93,Delayed
BOL002972,HMM,Expeditors,Shoppers Drug Mart,Food Products,20RF,3,Busan,Houston,DAP,2024-03-21,2024-05-02,2024-05-02,42,0,Yes,None,1885.64,5656.92,15008.32,161605.72,Delivered
BOL002973,MSC,CEVA Logistics,Metro Inc,Steel Products,40GP,9,Busan,Halifax,EXW,2023-04-30,2023-05-17,2023-05-17,17,0,Yes,None,4336.97,39032.73,119914.03,146195.7,Delivered
BOL002974,Yang Ming,DSV,Best Buy Canada,Textiles,20GP,7,Shenzhen,Chicago,CIF,2022-01-24,2022-02-08,2022-02-08,15,0,Yes,None,1323.97,9267.79,95728.21,186684.09,Delivered
BOL002975,Hapag-Lloyd,DB Schenker,Empire Company,Food Products,40GP,10,Hong Kong,Montreal,DDP,2024-03-12,2024-04-18,2024-04-19,37,1,No,Port Congestion,1746.0,17460.0,195618.76,492842.15,Delivered
BOL002976,MSC,CEVA Logistics,Reitmans,Steel Products,40RF,10,Rotterdam,Houston,CFR,2022-05-01,2022-05-21,2022-05-21,20,0,Yes,None,878.65,8786.5,99130.04,11073.41,Delivered
BOL002977,Yang Ming,CEVA Logistics,Mountain Equipment,Toys,45HC,6,Kaohsiung,Los Angeles,DAP,2024-04-11,2024-04-26,2024-04-26,15,0,Yes,None,919.67,5518.02,163726.93,68792.32,Delivered
BOL002978,HMM,Nippon Express,Indigo Books,Food Products,40RF,3,Singapore,New York,EXW,2023-07-29,2023-09-06,2023-09-06,39,0,Yes,None,3248.94,9746.82,61481.12,454663.68,Delivered
BOL002979,ONE,Sinotrans,Sobeys,Auto Parts,40HC,9,Busan,Miami,EXW,2022-12-04,2022-12-18,2022-12-18,14,0,Yes,None,4422.59,39803.31,61628.88,24639.4,Delivered
BOL002980,Evergreen,Panalpina,Mountain Equipment,Apparel,40GP,8,Singapore,Houston,EXW,2023-08-28,2023-09-16,2023-09-16,19,0,Yes,None,1225.49,9803.92,206865.74,468447.25,Delivered
BOL002981,ZIM,DSV,Indigo Books,Auto Parts,40GP,10,Hong Kong,Chicago,EXW,2023-12-29,2024-01-12,2024-01-21,14,9,No,Port Congestion,4121.61,41216.1,275414.45,362260.57,Delayed
BOL002982,HMM,Panalpina,Loblaws,Textiles,40HC,4,Kaohsiung,Toronto,CIF,2022-10-04,2022-11-15,2022-11-15,42,0,Yes,None,2327.48,9309.92,28540.91,477428.1,Delivered
BOL002983,Hapag-Lloyd,Sinotrans,Canadian Tire,Apparel,40RF,5,Shanghai,Seattle,DAP,2022-04-27,2022-05-18,2022-05-18,21,0,Yes,None,2435.23,12176.15,42349.89,107074.15,Delivered
BOL002984,MSC,DB Schenker,Hudson Bay,Toys,40HC,6,Busan,Chicago,DAP,2022-01-27,2022-02-20,2022-02-20,24,0,Yes,None,4159.85,24959.1,57897.23,332625.35,Delivered
BOL002985,Maersk,DB Schenker,Loblaws,Chemicals,40HC,5,Hamburg,Halifax,CFR,2022-02-27,2022-04-04,2022-04-09,36,5,No,Equipment Shortage,3312.18,16560.9,36064.68,131188.84,Delivered
BOL002986,CMA CGM,Sinotrans,Mountain Equipment,Steel Products,40GP,10,Shanghai,Montreal,DAP,2022-08-21,2022-10-02,2022-10-02,42,0,Yes,None,3548.71,35487.1,192240.52,452864.58,Delivered
BOL002987,Hapag-Lloyd,Sinotrans,Mountain Equipment,Toys,45HC,5,Hamburg,Miami,CFR,2022-08-12,2022-09-03,2022-09-03,22,0,Yes,None,2229.92,11149.6,107898.05,419991.86,Delivered
BOL002988,HMM,Panalpina,Loblaw Companies,Steel Products,40HC,6,Singapore,New York,CFR,2022-12-14,2023-01-18,2023-01-18,35,0,Yes,None,1014.48,6086.88,123909.03,327897.89,Delivered
BOL002989,Hapag-Lloyd,Panalpina,Loblaw Companies,Auto Parts,40GP,9,Hong Kong,Vancouver,CFR,2024-08-17,2024-08-31,2024-08-31,14,0,Yes,None,2398.14,21583.26,46714.94,265273.85,Delivered
BOL002990,HMM,DB Schenker,Mountain Equipment,Textiles,40RF,9,Colombo,Vancouver,FOB,2023-11-15,2023-12-08,2023-12-08,23,0,Yes,None,3616.56,32549.04,114830.94,286565.38,Delivered
BOL002991,Evergreen,DSV,Reitmans,Electronics,20GP,6,Shanghai,Montreal,CIF,2024-12-21,2025-01-17,2025-01-17,27,0,Yes,None,1520.62,9123.72,163964.68,249603.25,In Transit
BOL002992,MSC,Nippon Express,Walmart Canada,Electronics,45HC,8,Shenzhen,Halifax,EXW,2022-02-08,2022-02-28,2022-02-28,20,0,Yes,None,3729.47,29835.76,149014.61,351065.83,Delivered
BOL002993,Yang Ming,Expeditors,Empire Company,Steel Products,45HC,5,Singapore,Toronto,FOB,2022-07-27,2022-09-08,2022-09-08,43,0,Yes,None,4394.76,21973.8,112344.26,180691.36,Delivered
BOL002994,Yang Ming,Panalpina,Aldo Group,Toys,40GP,9,Hong Kong,Houston,DAP,2024-11-10,2024-12-23,2024-12-23,43,0,Yes,None,3181.01,28629.09,95856.42,388136.5,Delivered
BOL002995,ZIM,Kuehne+Nagel,Aldo Group,Electronics,40RF,7,Singapore,New York,CIF,2024-08-03,2024-08-27,2024-08-27,24,0,Yes,None,1638.35,11468.45,150275.46,117035.64,Delivered
BOL002996,Maersk,Expeditors,Metro Inc,Toys,40HC,2,Singapore,New York,DAP,2022-03-24,2022-04-27,2022-04-27,34,0,Yes,None,4218.5,8437.0,22215.74,345761.69,Delivered
BOL002997,HMM,DB Schenker,Walmart Canada,Apparel,20RF,2,Hong Kong,Vancouver,DAP,2022-11-04,2022-12-16,2022-12-16,42,0,Yes,None,3171.48,6342.96,44432.72,26362.74,Delivered
BOL002998,Maersk,DSV,Home Depot Canada,Apparel,40RF,4,Busan,Montreal,CIF,2023-07-03,2023-07-28,2023-07-28,25,0,Yes,None,2433.32,9733.28,87057.54,115360.21,Delivered
BOL002999,MSC,Nippon Express,Empire Company,Apparel,40RF,8,Ningbo,Miami,FOB,2023-01-30,2023-03-03,2023-03-03,32,0,Yes,None,3448.26,27586.08,188081.88,377309.65,Delivered
BOL003000,MSC,Sinotrans,Mountain Equipment,Machinery,40HC,8,Hong Kong,Chicago,EXW,2024-02-21,2024-03-16,2024-03-16,24,0,Yes,None,2793.11,22344.88,202992.0,377554.96,Delivered
BOL003001,Yang Ming,CEVA Logistics,Walmart Canada,Auto Parts,20GP,2,Ningbo,Miami,DAP,2023-09-18,2023-10-30,2023-11-14,42,15,No,Customs Inspection,3680.23,7360.46,33545.37,170139.78,Delayed
BOL003002,ONE,CEVA Logistics,Metro Inc,Food Products,20GP,2,Shenzhen,Miami,FOB,2024-12-06,2025-01-06,2025-01-06,31,0,Yes,None,1903.39,3806.78,40723.2,242222.02,In Transit
BOL003003,COSCO,Nippon Express,Home Depot Canada,Furniture,20GP,3,Ningbo,Montreal,DAP,2023-06-26,2023-07-14,2023-07-14,18,0,Yes,None,1840.82,5522.46,80412.27,405150.24,Delivered
BOL003004,HMM,Kuehne+Nagel,Home Depot Canada,Auto Parts,20RF,8,Shenzhen,Chicago,DDP,2023-02-25,2023-03-27,2023-03-27,30,0,Yes,None,1604.86,12838.88,188738.15,418904.39,Delivered
BOL003005,Maersk,Expeditors,Metro Inc,Auto Parts,40GP,10,Singapore,Houston,FOB,2023-01-25,2023-03-08,2023-03-08,42,0,Yes,None,3531.1,35311.0,169622.54,497858.52,Delivered
BOL003006,Yang Ming,Expeditors,Costco Canada,Textiles,40HC,8,Busan,Montreal,FOB,2023-07-22,2023-08-12,2023-08-12,21,0,Yes,None,2325.95,18607.6,146836.1,365423.79,Delivered
BOL003007,ONE,DB Schenker,Groupe Touchette,Auto Parts,40RF,8,Shenzhen,Houston,DDP,2024-08-30,2024-09-21,2024-09-21,22,0,Yes,None,3796.37,30370.96,183694.65,60599.89,Delivered
BOL003008,Hapag-Lloyd,Nippon Express,Sobeys,Apparel,40GP,7,Busan,Montreal,DDP,2024-01-18,2024-02-16,2024-02-17,29,1,No,Port Congestion,2600.72,18205.04,100702.33,329315.13,Delivered
BOL003009,COSCO,CEVA Logistics,Shoppers Drug Mart,Apparel,40HC,10,Singapore,Montreal,FOB,2024-04-06,2024-04-20,2024-04-20,14,0,Yes,None,4478.16,44781.6,158577.69,212682.28,Delivered
BOL003010,COSCO,Expeditors,Groupe Touchette,Chemicals,20GP,3,Busan,Halifax,DDP,2023-05-24,2023-06-12,2023-06-12,19,0,Yes,None,2765.02,8295.06,61174.8,227672.48,Delivered
BOL003011,Evergreen,DB Schenker,Metro Inc,Food Products,45HC,9,Kaohsiung,Houston,CFR,2022-04-29,2022-05-22,2022-05-22,23,0,Yes,None,1156.7,10410.3,133119.63,180702.27,Delivered
BOL003012,Yang Ming,Sinotrans,Canadian Tire,Furniture,40RF,5,Shenzhen,Houston,CIF,2023-05-13,2023-06-07,2023-06-07,25,0,Yes,None,3812.61,19063.05,72647.25,431308.27,Delivered
BOL003013,COSCO,Nippon Express,Empire Company,Electronics,40HC,7,Shenzhen,Los Angeles,EXW,2024-10-17,2024-11-01,2024-11-01,15,0,Yes,None,2617.49,18322.43,195190.61,145705.75,Delivered
BOL003014,Evergreen,Sinotrans,Reitmans,Toys,45HC,3,Rotterdam,Los Angeles,CFR,2022-08-04,2022-08-28,2022-08-29,24,1,No,Customs Inspection,1854.38,5563.14,45804.02,256857.54,Delivered
BOL003015,ONE,Sinotrans,IKEA Canada,Apparel,40GP,8,Busan,Halifax,DDP,2022-05-24,2022-07-07,2022-07-07,44,0,Yes,None,2499.01,19992.08,114929.88,354713.67,Delivered
BOL003016,Yang Ming,Nippon Express,IKEA Canada,Auto Parts,40HC,2,Busan,Miami,DDP,2022-04-11,2022-05-22,2022-05-22,41,0,Yes,None,3382.74,6765.48,37308.52,132993.83,Delivered
BOL003017,ONE,DSV,Aldo Group,Steel Products,20RF,5,Hamburg,Montreal,CIF,2024-01-31,2024-03-11,2024-03-11,40,0,Yes,None,2108.12,10540.6,64405.19,231914.47,Delivered
BOL003018,CMA CGM,CEVA Logistics,Sport Chek,Auto Parts,40RF,9,Colombo,Halifax,CFR,2023-11-26,2023-12-24,2023-12-24,28,0,Yes,None,4174.36,37569.24,84713.23,152902.19,Delivered
BOL003019,MSC,Panalpina,Hudson Bay,Toys,20GP,3,Shanghai,Los Angeles,CFR,2023-08-01,2023-08-23,2023-08-23,22,0,Yes,None,2100.21,6300.63,73459.27,253300.62,Delivered
BOL003020,Maersk,DSV,Walmart Canada,Auto Parts,20GP,4,Kaohsiung,Chicago,CFR,2022-05-27,2022-07-05,2022-07-05,39,0,Yes,None,2421.19,9684.76,57815.2,384387.73,Delivered
BOL003021,ONE,Sinotrans,Walmart Canada,Chemicals,40GP,7,Colombo,Miami,FOB,2023-03-15,2023-04-29,2023-04-29,45,0,Yes,None,3060.5,21423.5,167339.81,469529.1,Delivered
BOL003022,HMM,Nippon Express,Hudson Bay,Machinery,40RF,9,Busan,Los Angeles,FOB,2022-07-28,2022-09-09,2022-09-24,43,15,No,Equipment Shortage,1565.82,14092.38,208675.49,342424.41,Delayed
BOL003023,ZIM,Expeditors,Sport Chek,Machinery,20GP,2,Hong Kong,Houston,CFR,2024-01-22,2024-02-23,2024-02-23,32,0,Yes,None,4083.2,8166.4,28562.56,229671.61,Delivered
BOL003024,ONE,DSV,Costco Canada,Chemicals,40RF,8,Rotterdam,Toronto,DAP,2022-11-01,2022-11-19,2022-11-19,18,0,Yes,None,3277.66,26221.28,178823.65,394265.99,Delivered
BOL003025,Evergreen,Sinotrans,Sport Chek,Apparel,20GP,7,Shenzhen,Houston,DAP,2022-08-26,2022-09-12,2022-09-12,17,0,Yes,None,4234.0,29638.0,168315.73,209929.92,Delivered
BOL003026,Evergreen,Nippon Express,Sport Chek,Auto Parts,40HC,7,Shenzhen,Chicago,DDP,2022-02-12,2022-03-08,2022-03-08,24,0,Yes,None,3023.06,21161.42,148083.24,54787.43,Delivered
BOL003027,Yang Ming,Expeditors,Costco Canada,Electronics,40HC,5,Singapore,Los Angeles,EXW,2023-11-04,2023-12-17,2023-12-17,43,0,Yes,None,2254.84,11274.2,26920.8,282731.24,Delivered
BOL003028,MSC,CEVA Logistics,Shoppers Drug Mart,Textiles,20RF,10,Shanghai,Montreal,DAP,2024-12-10,2025-01-03,2025-01-03,24,0,Yes,None,4324.62,43246.2,185328.68,194811.66,In Transit
BOL003029,MSC,Kuehne+Nagel,Sport Chek,Furniture,40GP,7,Singapore,Houston,DDP,2023-08-14,2023-09-03,2023-09-03,20,0,Yes,None,4430.18,31011.26,185966.03,267956.96,Delivered
BOL003030,Hapag-Lloyd,DB Schenker,Home Depot Canada,Machinery,40GP,3,Shanghai,Halifax,CIF,2023-05-09,2023-06-20,2023-06-20,42,0,Yes,None,3223.33,9669.99,76675.38,112061.09,Delivered
BOL003031,ONE,Nippon Express,Reitmans,Food Products,40HC,8,Hamburg,Los Angeles,DAP,2022-06-23,2022-07-19,2022-07-24,26,5,No,Bad Weather,3044.64,24357.12,149768.35,460650.74,Delivered
BOL003032,ONE,Kuehne+Nagel,Empire Company,Apparel,40GP,7,Hamburg,Vancouver,FOB,2022-09-26,2022-10-25,2022-10-25,29,0,Yes,None,2089.29,14625.03,174026.46,487851.13,Delivered
BOL003033,CMA CGM,Nippon Express,Sport Chek,Machinery,45HC,8,Busan,Los Angeles,CFR,2023-04-29,2023-06-07,2023-06-07,39,0,Yes,None,3042.96,24343.68,188035.81,331649.61,Delivered
BOL003034,HMM,CEVA Logistics,Loblaws,Machinery,45HC,6,Ningbo,Toronto,EXW,2023-03-23,2023-05-05,2023-05-05,43,0,Yes,None,2015.21,12091.26,92314.11,491084.76,Delivered
BOL003035,MSC,Sinotrans,Sport Chek,Auto Parts,20RF,9,Kaohsiung,Chicago,DDP,2022-12-01,2023-01-01,2023-01-01,31,0,Yes,None,1311.51,11803.59,218974.19,228967.21,Delivered
BOL003036,ZIM,Kuehne+Nagel,IKEA Canada,Textiles,45HC,9,Shanghai,Montreal,DAP,2024-09-24,2024-10-25,2024-10-25,31,0,Yes,None,3036.04,27324.36,165706.62,305236.6,Delivered
BOL003037,Hapag-Lloyd,DSV,Giant Tiger,Machinery,40HC,10,Kaohsiung,Toronto,EXW,2023-09-01,2023-09-22,2023-09-22,21,0,Yes,None,941.23,9412.3,216711.73,315379.55,Delivered
BOL003038,Maersk,Nippon Express,Loblaws,Steel Products,40HC,5,Rotterdam,Vancouver,EXW,2023-01-17,2023-03-01,2023-03-01,43,0,Yes,None,1808.97,9044.85,108529.37,245407.17,Delivered
BOL003039,Maersk,DB Schenker,Reitmans,Auto Parts,40HC,2,Singapore,Miami,DAP,2022-12-01,2023-01-14,2023-01-19,44,5,No,Equipment Shortage,4026.71,8053.42,21301.65,70714.21,Delivered
BOL003040,ZIM,Nippon Express,Walmart Canada,Toys,20RF,10,Hong Kong,Montreal,DAP,2022-03-05,2022-04-02,2022-04-02,28,0,Yes,None,3350.18,33501.8,205471.85,19115.51,Delivered
BOL003041,ZIM,Sinotrans,Empire Company,Steel Products,40RF,10,Hong Kong,Miami,DAP,2024-01-04,2024-01-19,2024-01-19,15,0,Yes,None,1597.32,15973.2,234612.62,317682.2,Delivered
BOL003042,MSC,Sinotrans,IKEA Canada,Food Products,20GP,9,Colombo,Miami,CIF,2023-05-17,2023-06-05,2023-06-18,19,13,No,Equipment Shortage,2292.04,20628.36,129110.62,368248.06,Delayed
BOL003043,Yang Ming,DSV,Aldo Group,Machinery,40GP,3,Kaohsiung,Montreal,FOB,2023-03-02,2023-03-23,2023-03-23,21,0,Yes,None,3553.62,10660.86,43295.15,158492.66,Delivered
BOL003044,Hapag-Lloyd,Panalpina,Groupe Touchette,Auto Parts,40HC,10,Rotterdam,Chicago,EXW,2024-04-04,2024-05-13,2024-05-13,39,0,Yes,None,2600.09,26000.9,56972.48,163272.92,Delivered
BOL003045,COSCO,DB Schenker,Loblaws,Steel Products,45HC,7,Shenzhen,Los Angeles,CIF,2023-08-12,2023-09-01,2023-09-01,20,0,Yes,None,1430.43,10013.01,180713.74,329553.23,Delivered
BOL003046,Maersk,Sinotrans,Mountain Equipment,Machinery,40RF,10,Rotterdam,Houston,DDP,2024-12-26,2025-01-09,2025-01-09,14,0,Yes,None,1402.73,14027.3,54319.25,130586.68,In Transit
BOL003047,ONE,DSV,Walmart Canada,Furniture,20GP,1,Busan,Vancouver,EXW,2024-12-10,2025-01-20,2025-01-20,41,0,Yes,None,4231.33,4231.33,18825.52,439511.73,In Transit
BOL003048,CMA CGM,Expeditors,Groupe Touchette,Toys,20RF,5,Rotterdam,Vancouver,DAP,2022-09-09,2022-10-13,2022-10-13,34,0,Yes,None,3372.21,16861.05,41720.01,217345.89,Delivered
BOL003049,ONE,Kuehne+Nagel,Sport Chek,Toys,45HC,10,Singapore,Chicago,DAP,2023-05-10,2023-06-07,2023-06-07,28,0,Yes,None,1949.64,19496.4,85578.28,55902.77,Delivered
BOL003050,COSCO,Expeditors,Sobeys,Machinery,40RF,6,Busan,Vancouver,FOB,2024-04-28,2024-05-23,2024-05-23,25,0,Yes,None,996.28,5977.68,87189.69,42011.26,Delivered
BOL003051,Yang Ming,Expeditors,Canadian Tire,Apparel,40GP,5,Hong Kong,Chicago,CIF,2023-01-05,2023-02-14,2023-02-14,40,0,Yes,None,3147.79,15738.95,74223.06,353558.67,Delivered
BOL003052,CMA CGM,DSV,Best Buy Canada,Textiles,45HC,5,Colombo,Halifax,CFR,2023-07-29,2023-09-07,2023-09-07,40,0,Yes,None,1920.05,9600.25,30956.96,437617.84,Delivered
BOL003053,COSCO,Nippon Express,Walmart Canada,Food Products,40RF,5,Rotterdam,Los Angeles,DDP,2023-03-07,2023-04-11,2023-04-11,35,0,Yes,None,3854.54,19272.7,64427.93,360390.15,Delivered
BOL003054,Hapag-Lloyd,Kuehne+Nagel,Loblaws,Electronics,20RF,5,Shenzhen,New York,DAP,2024-11-12,2024-12-01,2024-12-01,19,0,Yes,None,4384.69,21923.45,77281.32,173215.35,Delivered
BOL003055,Yang Ming,CEVA Logistics,Loblaw Companies,Chemicals,20RF,3,Hong Kong,Chicago,FOB,2024-10-27,2024-11-30,2024-11-30,34,0,Yes,None,3278.54,9835.62,18573.56,179426.06,Delivered
BOL003056,Evergreen,Expeditors,Shoppers Drug Mart,Toys,45HC,2,Kaohsiung,Seattle,CIF,2024-04-02,2024-04-17,2024-04-17,15,0,Yes,None,1154.13,2308.26,53552.51,363789.27,Delivered
BOL003057,CMA CGM,DSV,Shoppers Drug Mart,Textiles,40HC,7,Singapore,Chicago,FOB,2022-01-03,2022-01-31,2022-01-31,28,0,Yes,None,1944.69,13612.83,190513.21,302007.36,Delivered
BOL003058,Evergreen,CEVA Logistics,Costco Canada,Electronics,20GP,10,Colombo,Seattle,EXW,2022-02-04,2022-02-21,2022-03-03,17,10,No,Customs Inspection,2113.21,21132.1,262719.42,478360.46,Delayed
BOL003059,Maersk,Panalpina,Mountain Equipment,Chemicals,40RF,4,Rotterdam,Los Angeles,DDP,2022-03-19,2022-04-17,2022-04-17,29,0,Yes,None,4298.7,17194.8,88632.85,87938.67,Delivered
BOL003060,Evergreen,DSV,IKEA Canada,Auto Parts,20RF,5,Hamburg,Montreal,CFR,2023-12-11,2024-01-18,2024-01-18,38,0,Yes,None,3045.9,15229.5,67718.77,400362.37,Delivered
BOL003061,ZIM,CEVA Logistics,Metro Inc,Textiles,40HC,2,Hamburg,Montreal,CIF,2023-03-02,2023-03-20,2023-03-20,18,0,Yes,None,4393.04,8786.08,33210.87,183210.0,Delivered
BOL003062,HMM,DSV,Mountain Equipment,Textiles,20RF,4,Shenzhen,Montreal,DAP,2023-11-28,2024-01-11,2024-01-11,44,0,Yes,None,3034.8,12139.2,67695.77,15937.39,Delivered
BOL003063,Maersk,Kuehne+Nagel,Giant Tiger,Auto Parts,40HC,6,Rotterdam,Seattle,CIF,2024-04-07,2024-04-22,2024-04-22,15,0,Yes,None,4015.69,24094.14,51716.38,166497.07,Delivered
BOL003064,ZIM,CEVA Logistics,Loblaw Companies,Chemicals,40HC,1,Ningbo,Toronto,DDP,2024-12-30,2025-02-10,2025-02-10,42,0,Yes,None,3740.28,3740.28,17699.83,25613.52,In Transit
BOL003065,COSCO,Expeditors,Sobeys,Machinery,20GP,8,Rotterdam,Chicago,DAP,2023-06-01,2023-07-10,2023-07-10,39,0,Yes,None,4429.23,35433.84,78300.91,20226.15,Delivered
BOL003066,MSC,CEVA Logistics,Aldo Group,Textiles,40HC,5,Kaohsiung,Seattle,DDP,2022-12-10,2022-12-26,2022-12-26,16,0,Yes,None,848.21,4241.05,79931.48,321370.94,Delivered
BOL003067,HMM,Kuehne+Nagel,Indigo Books,Machinery,40GP,7,Shenzhen,Miami,CIF,2022-09-05,2022-09-23,2022-09-23,18,0,Yes,None,2606.7,18246.9,63948.31,343753.71,Delivered
BOL003068,ZIM,DB Schenker,Mountain Equipment,Chemicals,45HC,2,Hong Kong,Los Angeles,DAP,2024-03-14,2024-04-23,2024-04-23,40,0,Yes,None,4466.74,8933.48,32480.84,290838.5,Delivered
BOL003069,CMA CGM,CEVA Logistics,Hudson Bay,Apparel,20GP,1,Colombo,New York,EXW,2022-02-21,2022-03-22,2022-03-24,29,2,No,Customs Inspection,1078.37,1078.37,13883.89,321414.19,Delivered
BOL003070,Yang Ming,Expeditors,Loblaw Companies,Electronics,40RF,7,Shanghai,Montreal,EXW,2022-05-02,2022-06-16,2022-06-16,45,0,Yes,None,4042.24,28295.68,149526.06,141218.14,Delivered
BOL003071,Maersk,CEVA Logistics,Sport Chek,Food Products,40GP,5,Hamburg,Vancouver,FOB,2022-07-17,2022-08-25,2022-08-25,39,0,Yes,None,2213.34,11066.7,110040.78,492891.14,Delivered
BOL003072,MSC,DB Schenker,Giant Tiger,Electronics,45HC,9,Shenzhen,Montreal,FOB,2024-05-30,2024-07-12,2024-07-12,43,0,Yes,None,2767.05,24903.45,173041.64,45475.87,Delivered
BOL003073,Hapag-Lloyd,Panalpina,Indigo Books,Toys,20RF,1,Hong Kong,Miami,DDP,2022-02-22,2022-03-24,2022-03-24,30,0,Yes,None,3487.74,3487.74,20071.95,233489.09,Delivered
BOL003074,HMM,Kuehne+Nagel,Aldo Group,Machinery,20RF,1,Hamburg,Houston,DAP,2024-01-29,2024-03-12,2024-03-12,43,0,Yes,None,4079.68,4079.68,23527.79,120210.21,Delivered
BOL003075,Maersk,Panalpina,Empire Company,Textiles,45HC,9,Ningbo,New York,FOB,2022-02-12,2022-03-11,2022-03-11,27,0,Yes,None,1844.71,16602.39,193259.91,207085.5,Delivered
BOL003076,Maersk,Nippon Express,Sport Chek,Electronics,20GP,5,Hamburg,Toronto,CIF,2023-03-15,2023-04-10,2023-04-10,26,0,Yes,None,3063.92,15319.6,87625.51,22759.86,Delivered
BOL003077,COSCO,Kuehne+Nagel,Home Depot Canada,Furniture,40GP,10,Rotterdam,New York,EXW,2023-12-17,2024-01-21,2024-01-21,35,0,Yes,None,2406.41,24064.1,116841.27,358596.27,Delivered
BOL003078,Yang Ming,CEVA Logistics,IKEA Canada,Auto Parts,20GP,4,Hamburg,Los Angeles,DDP,2024-08-22,2024-09-14,2024-09-28,23,14,No,Customs Inspection,3917.94,15671.76,52104.14,90288.44,Delayed
BOL003079,COSCO,Expeditors,Empire Company,Electronics,20RF,9,Ningbo,Houston,EXW,2022-04-19,2022-05-19,2022-05-28,30,9,No,Port Congestion,3439.88,30958.92,227272.36,48746.47,Delayed
BOL003080,MSC,Kuehne+Nagel,Metro Inc,Electronics,45HC,8,Rotterdam,Montreal,CFR,2022-05-04,2022-06-12,2022-06-12,39,0,Yes,None,1269.42,10155.36,58385.95,228158.85,Delivered
BOL003081,ZIM,Nippon Express,Walmart Canada,Apparel,40GP,6,Hamburg,New York,FOB,2024-07-18,2024-08-27,2024-08-27,40,0,Yes,None,1276.17,7657.02,76067.96,466734.29,Delivered
BOL003082,ZIM,DSV,Aldo Group,Auto Parts,40RF,7,Shenzhen,Chicago,EXW,2022-01-14,2022-02-22,2022-02-22,39,0,Yes,None,1814.14,12698.98,194727.87,417419.33,Delivered
BOL003083,HMM,Nippon Express,Sobeys,Steel Products,40HC,3,Rotterdam,Montreal,DDP,2024-05-25,2024-06-29,2024-06-29,35,0,Yes,None,2068.33,6204.99,36908.08,227686.37,Delivered
BOL003084,Maersk,Panalpina,Walmart Canada,Apparel,45HC,1,Busan,Seattle,EXW,2023-03-29,2023-05-05,2023-05-05,37,0,Yes,None,1630.85,1630.85,8704.97,337355.26,Delivered
BOL003085,CMA CGM,Nippon Express,Empire Company,Auto Parts,20GP,6,Rotterdam,New York,FOB,2022-05-07,2022-06-18,2022-06-18,42,0,Yes,None,3183.29,19099.74,135933.47,314282.65,Delivered
BOL003086,Evergreen,Kuehne+Nagel,Empire Company,Auto Parts,45HC,2,Kaohsiung,Houston,CFR,2024-10-03,2024-10-26,2024-10-26,23,0,Yes,None,3397.47,6794.94,26624.31,482605.54,Delivered
BOL003087,COSCO,Sinotrans,Shoppers Drug Mart,Textiles,40RF,10,Rotterdam,Los Angeles,FOB,2024-03-16,2024-04-07,2024-04-07,22,0,Yes,None,3328.9,33289.0,258992.91,389414.87,Delivered
BOL003088,Evergreen,Expeditors,Loblaws,Machinery,40GP,1,Shenzhen,Montreal,CIF,2024-03-25,2024-04-11,2024-04-11,17,0,Yes,None,4390.41,4390.41,18240.82,38412.69,Delivered
BOL003089,ZIM,Kuehne+Nagel,Loblaws,Furniture,20GP,9,Busan,Chicago,EXW,2024-04-14,2024-05-13,2024-05-13,29,0,Yes,None,2645.47,23809.23,172417.01,460377.93,Delivered
BOL003090,Hapag-Lloyd,DB Schenker,Costco Canada,Furniture,20RF,8,Singapore,Seattle,CFR,2024-05-19,2024-07-01,2024-07-01,43,0,Yes,None,3557.2,28457.6,84420.02,312444.74,Delivered
BOL003091,Yang Ming,CEVA Logistics,Groupe Touchette,Furniture,45HC,1,Hong Kong,Vancouver,CFR,2024-03-11,2024-04-09,2024-04-09,29,0,Yes,None,3034.93,3034.93,26847.02,94401.57,Delivered
BOL003092,ONE,Nippon Express,Loblaw Companies,Textiles,40GP,7,Shenzhen,Los Angeles,FOB,2023-10-02,2023-11-07,2023-11-07,36,0,Yes,None,1317.47,9222.29,111761.03,110808.96,Delivered
BOL003093,Yang Ming,DB Schenker,Hudson Bay,Chemicals,40HC,2,Singapore,Seattle,DDP,2024-03-16,2024-04-24,2024-04-24,39,0,Yes,None,3104.64,6209.28,54837.57,373719.83,Delivered
BOL003094,ONE,Expeditors,Best Buy Canada,Apparel,20RF,6,Shenzhen,Seattle,DAP,2023-09-14,2023-10-23,2023-10-23,39,0,Yes,None,4278.3,25669.8,45845.7,300431.94,Delivered
BOL003095,Maersk,Panalpina,Loblaws,Chemicals,40HC,5,Hong Kong,Toronto,DAP,2024-01-31,2024-02-23,2024-02-23,23,0,Yes,None,3176.87,15884.35,28354.0,316828.0,Delivered
BOL003096,CMA CGM,Nippon Express,Canadian Tire,Toys,40HC,9,Busan,Vancouver,DAP,2024-12-14,2024-12-30,2024-12-30,16,0,Yes,None,2500.63,22505.67,106710.23,120663.99,Delivered
BOL003097,CMA CGM,Kuehne+Nagel,Reitmans,Machinery,20RF,3,Singapore,Houston,CFR,2023-04-27,2023-05-23,2023-05-23,26,0,Yes,None,3157.66,9472.98,75284.62,72498.44,Delivered
BOL003098,Yang Ming,Kuehne+Nagel,Best Buy Canada,Apparel,40HC,4,Hong Kong,Chicago,EXW,2024-03-03,2024-03-17,2024-03-17,14,0,Yes,None,1944.1,7776.4,64822.66,353081.92,Delivered
BOL003099,HMM,Panalpina,IKEA Canada,Textiles,40RF,8,Shenzhen,Los Angeles,DDP,2022-08-12,2022-08-28,2022-08-28,16,0,Yes,None,3998.16,31985.28,144543.74,333623.56,Delivered
BOL003100,ZIM,Panalpina,Sport Chek,Apparel,40RF,1,Ningbo,Seattle,EXW,2024-11-30,2024-12-30,2024-12-30,30,0,Yes,None,3294.54,3294.54,8097.38,242664.68,Delivered
BOL003101,COSCO,CEVA Logistics,Costco Canada,Electronics,40RF,8,Singapore,Toronto,DDP,2023-02-03,2023-02-17,2023-02-17,14,0,Yes,None,1842.6,14740.8,129691.42,455926.3,Delivered
BOL003102,Hapag-Lloyd,Expeditors,Groupe Touchette,Electronics,45HC,5,Hong Kong,Montreal,CIF,2022-11-24,2022-12-18,2022-12-18,24,0,Yes,None,3864.03,19320.15,94577.52,384283.71,Delivered
BOL003103,COSCO,DB Schenker,Indigo Books,Food Products,45HC,6,Ningbo,New York,EXW,2024-08-09,2024-09-18,2024-09-18,40,0,Yes,None,2853.86,17123.16,163331.76,267092.76,Delivered
BOL003104,COSCO,CEVA Logistics,IKEA Canada,Electronics,40HC,10,Colombo,Montreal,FOB,2024-04-27,2024-05-13,2024-05-13,16,0,Yes,None,2811.87,28118.7,203899.3,68860.91,Delivered
BOL003105,CMA CGM,Nippon Express,Walmart Canada,Electronics,20RF,3,Hamburg,Los Angeles,CIF,2022-01-01,2022-02-05,2022-02-05,35,0,Yes,None,2820.77,8462.31,42413.22,266706.88,Delivered
BOL003106,Yang Ming,Panalpina,Best Buy Canada,Food Products,45HC,10,Kaohsiung,Seattle,CIF,2022-05-25,2022-06-11,2022-06-11,17,0,Yes,None,3530.38,35303.8,266093.72,110483.56,Delivered
BOL003107,ZIM,DSV,Hudson Bay,Furniture,40RF,2,Shanghai,Los Angeles,CFR,2023-07-06,2023-07-24,2023-07-24,18,0,Yes,None,4409.49,8818.98,55638.18,39159.47,Delivered
BOL003108,COSCO,Panalpina,Loblaws,Toys,40GP,5,Colombo,Halifax,DDP,2022-11-13,2022-12-23,2022-12-23,40,0,Yes,None,2959.88,14799.4,105901.2,201316.97,Delivered
BOL003109,ZIM,DSV,IKEA Canada,Furniture,40RF,4,Colombo,Houston,CFR,2023-12-21,2024-01-09,2024-01-09,19,0,Yes,None,4278.54,17114.16,53070.0,426098.48,Delivered
BOL003110,COSCO,CEVA Logistics,Costco Canada,Toys,20RF,2,Hong Kong,Houston,EXW,2024-03-30,2024-04-26,2024-04-26,27,0,Yes,None,4083.7,8167.4,13755.65,303936.33,Delivered
BOL003111,MSC,Panalpina,Groupe Touchette,Food Products,20RF,10,Kaohsiung,Chicago,DAP,2022-11-03,2022-12-13,2022-12-13,40,0,Yes,None,3276.2,32762.0,63132.77,396851.73,Delivered
BOL003112,MSC,Kuehne+Nagel,Aldo Group,Apparel,20RF,10,Singapore,Montreal,CFR,2022-11-18,2022-12-04,2022-12-04,16,0,Yes,None,3324.25,33242.5,208636.36,144670.88,Delivered
BOL003113,HMM,Sinotrans,Hudson Bay,Furniture,20RF,5,Shanghai,Toronto,DAP,2024-08-27,2024-09-20,2024-09-20,24,0,Yes,None,2783.33,13916.65,80619.29,297583.35,Delivered
BOL003114,Maersk,DSV,Sobeys,Apparel,40GP,1,Hong Kong,Seattle,CFR,2023-12-11,2023-12-26,2023-12-26,15,0,Yes,None,3864.46,3864.46,17821.29,334381.53,Delivered
BOL003115,COSCO,DSV,Reitmans,Electronics,40GP,10,Hong Kong,Miami,DDP,2023-03-07,2023-04-10,2023-04-10,34,0,Yes,None,1276.74,12767.4,129083.98,411447.69,Delivered
BOL003116,CMA CGM,Nippon Express,Empire Company,Machinery,40RF,9,Ningbo,Chicago,CFR,2024-05-19,2024-06-02,2024-06-02,14,0,Yes,None,1211.51,10903.59,206542.24,196288.31,Delivered
BOL003117,Hapag-Lloyd,Panalpina,Aldo Group,Food Products,20GP,10,Ningbo,Chicago,FOB,2022-03-18,2022-04-01,2022-04-04,14,3,No,Bad Weather,3362.69,33626.9,140423.69,328929.51,Delivered
BOL003118,Evergreen,CEVA Logistics,Loblaw Companies,Chemicals,40HC,9,Shanghai,Montreal,DAP,2024-08-26,2024-10-10,2024-10-10,45,0,Yes,None,2573.06,23157.54,104790.94,199306.02,Delivered
BOL003119,Maersk,DB Schenker,Canadian Tire,Machinery,45HC,4,Shenzhen,Montreal,CIF,2022-07-13,2022-07-30,2022-07-30,17,0,Yes,None,1788.03,7152.12,62338.74,317501.37,Delivered
BOL003120,CMA CGM,Panalpina,Sport Chek,Textiles,20RF,8,Rotterdam,Montreal,DAP,2022-11-18,2022-12-14,2022-12-14,26,0,Yes,None,4039.84,32318.72,124030.49,115251.28,Delivered
BOL003121,Maersk,Nippon Express,Loblaws,Food Products,40GP,6,Colombo,Houston,DAP,2024-07-09,2024-08-15,2024-08-15,37,0,Yes,None,2683.02,16098.12,106927.93,470956.76,Delivered
BOL003122,Hapag-Lloyd,Panalpina,Loblaws,Food Products,20RF,8,Hong Kong,Houston,DDP,2024-12-11,2025-01-04,2025-01-04,24,0,Yes,None,1212.8,9702.4,48273.03,36337.88,In Transit
BOL003123,Hapag-Lloyd,Kuehne+Nagel,Empire Company,Toys,20RF,6,Colombo,Chicago,FOB,2023-05-26,2023-06-24,2023-06-24,29,0,Yes,None,1304.06,7824.36,66639.73,317071.83,Delivered
BOL003124,MSC,Sinotrans,Best Buy Canada,Apparel,40RF,7,Kaohsiung,Houston,CFR,2023-09-30,2023-11-06,2023-11-06,37,0,Yes,None,1584.43,11091.01,66527.93,29782.24,Delivered
BOL003125,MSC,DSV,Loblaw Companies,Auto Parts,40HC,10,Kaohsiung,Montreal,CIF,2022-09-05,2022-10-01,2022-10-01,26,0,Yes,None,2088.55,20885.5,179685.04,90130.7,Delivered
BOL003126,ZIM,CEVA Logistics,Sport Chek,Machinery,40RF,2,Rotterdam,Seattle,CIF,2022-06-06,2022-07-19,2022-08-02,43,14,No,Equipment Shortage,1099.63,2199.26,10267.2,62892.83,Delayed
BOL003127,Hapag-Lloyd,Expeditors,Aldo Group,Toys,40HC,10,Rotterdam,Halifax,EXW,2023-06-25,2023-07-09,2023-07-09,14,0,Yes,None,1374.43,13744.3,72853.17,136563.93,Delivered
BOL003128,COSCO,DSV,Sport Chek,Toys,20RF,9,Rotterdam,Vancouver,DAP,2023-09-19,2023-11-02,2023-11-02,44,0,Yes,None,2954.52,26590.68,193073.15,214776.84,Delivered
BOL003129,Maersk,Kuehne+Nagel,Costco Canada,Electronics,20GP,10,Hamburg,Halifax,EXW,2023-10-10,2023-10-27,2023-10-27,17,0,Yes,None,2332.76,23327.6,123155.45,365560.66,Delivered
BOL003130,ONE,Nippon Express,Reitmans,Steel Products,40RF,8,Colombo,Chicago,EXW,2022-10-02,2022-11-11,2022-11-11,40,0,Yes,None,1907.01,15256.08,65749.27,317826.51,Delivered
BOL003131,ZIM,Expeditors,Metro Inc,Auto Parts,20GP,3,Colombo,New York,FOB,2024-05-17,2024-06-20,2024-06-20,34,0,Yes,None,2338.31,7014.93,21242.26,27024.07,Delivered
BOL003132,Maersk,Panalpina,Mountain Equipment,Furniture,40GP,5,Hong Kong,Montreal,EXW,2023-12-15,2024-01-17,2024-01-17,33,0,Yes,None,2012.79,10063.95,107432.33,108892.16,Delivered
BOL003133,Hapag-Lloyd,Sinotrans,Metro Inc,Steel Products,45HC,3,Hong Kong,Vancouver,CIF,2024-10-20,2024-11-07,2024-11-07,18,0,Yes,None,3800.55,11401.65,47100.84,388016.91,Delivered
BOL003134,COSCO,CEVA Logistics,Sport Chek,Apparel,40GP,4,Shanghai,Los Angeles,FOB,2023-02-16,2023-03-10,2023-03-10,22,0,Yes,None,1168.65,4674.6,43592.05,452360.13,Delivered
BOL003135,Evergreen,Kuehne+Nagel,Loblaws,Chemicals,40HC,4,Rotterdam,New York,DAP,2024-09-19,2024-10-27,2024-10-27,38,0,Yes,None,1568.22,6272.88,82534.56,11009.3,Delivered
BOL003136,Hapag-Lloyd,Nippon Express,Best Buy Canada,Auto Parts,40RF,8,Hong Kong,Vancouver,EXW,2024-04-06,2024-05-01,2024-05-01,25,0,Yes,None,939.6,7516.8,71474.17,83866.33,Delivered
BOL003137,ONE,DB Schenker,Canadian Tire,Furniture,20RF,6,Singapore,Montreal,DAP,2022-09-25,2022-10-21,2022-10-21,26,0,Yes,None,961.16,5766.96,130770.58,399199.28,Delivered
BOL003138,Maersk,Expeditors,Best Buy Canada,Food Products,40GP,3,Hong Kong,New York,FOB,2023-05-19,2023-06-23,2023-06-23,35,0,Yes,None,1748.94,5246.82,76519.17,464524.3,Delivered
BOL003139,Maersk,Panalpina,Canadian Tire,Textiles,20RF,10,Busan,Chicago,DAP,2022-02-04,2022-02-18,2022-02-18,14,0,Yes,None,1300.26,13002.6,133671.84,320934.03,Delivered
BOL003140,COSCO,Nippon Express,Aldo Group,Machinery,40HC,7,Colombo,Los Angeles,CIF,2024-05-07,2024-06-04,2024-06-04,28,0,Yes,None,1687.49,11812.43,94672.18,281859.22,Delivered
BOL003141,Maersk,Sinotrans,Loblaw Companies,Toys,20GP,6,Busan,Montreal,CFR,2023-09-01,2023-10-09,2023-10-09,38,0,Yes,None,3451.31,20707.86,97389.69,479912.9,Delivered
BOL003142,ONE,Sinotrans,Indigo Books,Electronics,20GP,5,Shenzhen,Seattle,EXW,2024-03-06,2024-03-20,2024-03-20,14,0,Yes,None,1731.91,8659.55,126715.11,191432.62,Delivered
BOL003143,CMA CGM,DSV,Hudson Bay,Furniture,20RF,1,Kaohsiung,Seattle,CIF,2023-12-12,2024-01-15,2024-01-15,34,0,Yes,None,3188.45,3188.45,12430.72,467323.0,Delivered
BOL003144,HMM,Sinotrans,IKEA Canada,Toys,20GP,7,Shanghai,Miami,FOB,2023-01-08,2023-01-24,2023-01-24,16,0,Yes,None,1684.59,11792.13,45315.9,61468.82,Delivered
BOL003145,COSCO,DB Schenker,Loblaw Companies,Food Products,40RF,2,Shanghai,Los Angeles,FOB,2023-05-11,2023-06-15,2023-06-15,35,0,Yes,None,3926.99,7853.98,55174.06,82022.61,Delivered
BOL003146,CMA CGM,DB Schenker,Aldo Group,Furniture,20GP,5,Hong Kong,Chicago,EXW,2023-03-19,2023-04-12,2023-04-12,24,0,Yes,None,807.32,4036.6,113718.4,321647.62,Delivered
BOL003147,ZIM,DB Schenker,Hudson Bay,Textiles,40GP,3,Busan,Los Angeles,CFR,2022-12-16,2023-01-17,2023-01-17,32,0,Yes,None,3663.79,10991.37,18845.07,23342.39,Delivered
BOL003148,HMM,Nippon Express,Best Buy Canada,Chemicals,20RF,8,Busan,Los Angeles,DAP,2023-06-27,2023-07-26,2023-07-26,29,0,Yes,None,2898.55,23188.4,171402.93,124334.23,Delivered
BOL003149,COSCO,Panalpina,Giant Tiger,Steel Products,40RF,9,Singapore,Toronto,DAP,2024-04-21,2024-05-16,2024-05-16,25,0,Yes,None,1816.75,16350.75,197197.32,401924.39,Delivered
BOL003150,Evergreen,Nippon Express,Loblaw Companies,Food Products,20RF,4,Rotterdam,New York,FOB,2023-03-18,2023-04-25,2023-04-27,38,2,No,Port Congestion,800.99,3203.96,62774.12,302733.26,Delivered
BOL003151,CMA CGM,Panalpina,Empire Company,Steel Products,45HC,3,Busan,Miami,CIF,2023-01-20,2023-02-10,2023-02-22,21,12,No,Equipment Shortage,2359.17,7077.51,48801.94,466935.07,Delayed
BOL003152,Yang Ming,DB Schenker,Hudson Bay,Furniture,20RF,3,Shenzhen,Chicago,CFR,2024-08-21,2024-10-02,2024-10-02,42,0,Yes,None,3357.47,10072.41,28402.9,256200.64,Delivered
BOL003153,CMA CGM,CEVA Logistics,Aldo Group,Auto Parts,40GP,9,Hong Kong,Los Angeles,EXW,2023-01-17,2023-02-10,2023-02-10,24,0,Yes,None,3466.67,31200.03,62121.9,255050.32,Delivered
BOL003154,Hapag-Lloyd,Panalpina,Empire Company,Apparel,20RF,5,Shenzhen,Chicago,CIF,2024-02-28,2024-03-22,2024-03-22,23,0,Yes,None,4201.67,21008.35,119092.79,30759.79,Delivered
BOL003155,HMM,CEVA Logistics,Mountain Equipment,Auto Parts,40HC,7,Kaohsiung,New York,DDP,2022-11-25,2022-12-20,2022-12-30,25,10,No,Bad Weather,2438.27,17067.89,39231.53,336017.72,Delayed
BOL003156,ONE,Expeditors,IKEA Canada,Textiles,20RF,4,Hong Kong,New York,DDP,2023-07-27,2023-09-05,2023-09-05,40,0,Yes,None,1527.48,6109.92,107809.9,146383.97,Delivered
BOL003157,ONE,DSV,Groupe Touchette,Auto Parts,20RF,6,Kaohsiung,Toronto,FOB,2024-12-05,2025-01-16,2025-01-16,42,0,Yes,None,3714.73,22288.38,40996.74,453766.56,In Transit
BOL003158,Evergreen,CEVA Logistics,Costco Canada,Furniture,20GP,9,Hamburg,Los Angeles,DDP,2023-11-28,2024-01-11,2024-01-11,44,0,Yes,None,3387.46,30487.14,83329.25,406224.55,Delivered
BOL003159,ZIM,DB Schenker,Mountain Equipment,Machinery,20GP,9,Singapore,Miami,DAP,2022-01-12,2022-02-25,2022-02-25,44,0,Yes,None,2412.21,21709.89,213371.22,256448.11,Delivered
BOL003160,CMA CGM,DB Schenker,Walmart Canada,Furniture,40HC,7,Rotterdam,Halifax,DAP,2022-07-20,2022-08-20,2022-08-20,31,0,Yes,None,4016.92,28118.44,41655.71,322632.27,Delivered
BOL003161,ONE,Kuehne+Nagel,Empire Company,Food Products,40RF,5,Shanghai,Houston,CIF,2023-11-13,2023-12-05,2023-12-05,22,0,Yes,None,4101.55,20507.75,36879.9,64179.82,Delivered
BOL003162,ONE,Nippon Express,Empire Company,Steel Products,45HC,9,Singapore,Toronto,DAP,2022-10-20,2022-11-30,2022-11-30,41,0,Yes,None,896.83,8071.47,179004.15,289106.14,Delivered
BOL003163,Maersk,Expeditors,Loblaws,Food Products,40HC,3,Busan,Los Angeles,EXW,2022-03-14,2022-04-12,2022-04-12,29,0,Yes,None,3913.06,11739.18,73124.89,169205.5,Delivered
BOL003164,MSC,Expeditors,Loblaws,Chemicals,40GP,5,Busan,Seattle,CIF,2022-10-15,2022-11-24,2022-11-24,40,0,Yes,None,4013.36,20066.8,104981.19,453785.01,Delivered
BOL003165,MSC,DB Schenker,Mountain Equipment,Furniture,40RF,7,Hong Kong,New York,CIF,2022-09-03,2022-09-19,2022-09-19,16,0,Yes,None,2773.94,19417.58,139737.82,24779.72,Delivered
BOL003166,Hapag-Lloyd,Expeditors,Indigo Books,Furniture,45HC,9,Rotterdam,Chicago,CFR,2024-04-02,2024-05-03,2024-05-03,31,0,Yes,None,2515.11,22635.99,135017.23,328757.6,Delivered
BOL003167,CMA CGM,CEVA Logistics,Metro Inc,Machinery,45HC,9,Shanghai,Vancouver,EXW,2022-03-17,2022-04-29,2022-04-29,43,0,Yes,None,1093.53,9841.77,53237.18,43900.89,Delivered
BOL003168,Maersk,Kuehne+Nagel,Groupe Touchette,Machinery,40GP,2,Kaohsiung,Toronto,EXW,2024-02-01,2024-03-11,2024-03-11,39,0,Yes,None,1216.14,2432.28,33426.29,160621.31,Delivered
BOL003169,Hapag-Lloyd,CEVA Logistics,Costco Canada,Steel Products,40GP,2,Ningbo,Toronto,CFR,2022-04-22,2022-05-09,2022-05-09,17,0,Yes,None,3508.27,7016.54,47057.71,459582.56,Delivered
BOL003170,MSC,CEVA Logistics,Mountain Equipment,Electronics,20GP,3,Singapore,New York,EXW,2024-04-28,2024-05-30,2024-05-30,32,0,Yes,None,1071.52,3214.56,46631.01,338910.09,Delivered
BOL003171,ONE,DSV,Best Buy Canada,Apparel,20RF,8,Rotterdam,Seattle,EXW,2023-03-21,2023-04-09,2023-04-09,19,0,Yes,None,2833.65,22669.2,47157.01,213475.55,Delivered
BOL003172,Maersk,Expeditors,Shoppers Drug Mart,Furniture,45HC,1,Hamburg,Seattle,FOB,2024-12-05,2025-01-02,2025-01-08,28,6,No,Bad Weather,2897.19,2897.19,7770.13,362494.68,Delayed
BOL003173,Hapag-Lloyd,Expeditors,Aldo Group,Auto Parts,20GP,2,Hamburg,Vancouver,EXW,2024-03-06,2024-03-27,2024-03-29,21,2,No,Port Congestion,4156.7,8313.4,29983.6,433859.75,Delivered
BOL003174,ONE,CEVA Logistics,Best Buy Canada,Chemicals,40RF,7,Hamburg,Los Angeles,CIF,2023-06-24,2023-07-15,2023-07-15,21,0,Yes,None,4364.89,30554.23,36677.22,134829.99,Delivered
BOL003175,ONE,Sinotrans,Walmart Canada,Furniture,40GP,3,Colombo,Chicago,EXW,2024-10-14,2024-11-09,2024-11-09,26,0,Yes,None,825.52,2476.56,25007.18,369494.6,Delivered
BOL003176,HMM,Kuehne+Nagel,Home Depot Canada,Steel Products,40HC,4,Shanghai,Halifax,CIF,2022-03-12,2022-04-22,2022-04-22,41,0,Yes,None,3806.5,15226.0,57490.87,58575.88,Delivered
BOL003177,HMM,Nippon Express,Hudson Bay,Furniture,20RF,9,Hamburg,Vancouver,DDP,2023-07-05,2023-07-22,2023-07-22,17,0,Yes,None,1222.78,11005.02,217769.95,432101.41,Delivered
BOL003178,Maersk,DSV,Indigo Books,Furniture,40HC,10,Singapore,Houston,DAP,2023-09-19,2023-10-07,2023-10-07,18,0,Yes,None,1355.09,13550.9,131866.65,321602.16,Delivered
BOL003179,MSC,Kuehne+Nagel,Shoppers Drug Mart,Apparel,40RF,7,Singapore,Montreal,FOB,2022-12-22,2023-02-04,2023-02-04,44,0,Yes,None,3113.8,21796.6,172531.47,421524.95,Delivered
BOL003180,COSCO,Nippon Express,Sport Chek,Auto Parts,40GP,5,Hamburg,Halifax,DDP,2022-12-17,2023-01-08,2023-01-08,22,0,Yes,None,1499.4,7497.0,109631.68,251427.45,Delivered
BOL003181,MSC,Panalpina,Best Buy Canada,Auto Parts,20RF,3,Busan,Houston,CIF,2024-07-28,2024-08-15,2024-08-15,18,0,Yes,None,1730.34,5191.02,18712.77,308742.98,Delivered
BOL003182,Maersk,Panalpina,Loblaw Companies,Apparel,40RF,4,Rotterdam,Los Angeles,DAP,2024-07-19,2024-08-13,2024-08-13,25,0,Yes,None,3728.38,14913.52,55451.7,416028.08,Delivered
BOL003183,MSC,DSV,Reitmans,Apparel,45HC,1,Kaohsiung,Miami,FOB,2022-08-28,2022-09-19,2022-09-19,22,0,Yes,None,4061.97,4061.97,17931.81,433098.94,Delivered
BOL003184,Evergreen,Sinotrans,Metro Inc,Food Products,20RF,3,Rotterdam,Seattle,FOB,2022-01-04,2022-02-02,2022-02-02,29,0,Yes,None,3235.67,9707.01,61341.05,499710.8,Delivered
BOL003185,Maersk,CEVA Logistics,Walmart Canada,Chemicals,20RF,6,Hamburg,Miami,EXW,2023-04-14,2023-05-11,2023-05-11,27,0,Yes,None,962.96,5777.76,83964.01,208157.31,Delivered
BOL003186,HMM,Panalpina,Mountain Equipment,Textiles,20GP,9,Hong Kong,Toronto,FOB,2022-03-17,2022-04-21,2022-05-05,35,14,No,Documentation Error,1607.02,14463.18,131130.52,314730.07,Delayed
BOL003187,Yang Ming,Panalpina,Canadian Tire,Apparel,20RF,10,Singapore,New York,DAP,2024-06-01,2024-07-03,2024-07-03,32,0,Yes,None,3570.59,35705.9,228212.37,423669.41,Delivered
BOL003188,MSC,Expeditors,Reitmans,Machinery,20RF,10,Shenzhen,Montreal,CFR,2022-01-27,2022-02-21,2022-02-21,25,0,Yes,None,4384.09,43840.9,151250.12,55183.99,Delivered
BOL003189,MSC,Nippon Express,Indigo Books,Apparel,20GP,4,Singapore,Halifax,DAP,2024-04-25,2024-06-09,2024-06-09,45,0,Yes,None,1295.55,5182.2,106984.56,230460.15,Delivered
BOL003190,ZIM,DB Schenker,Loblaw Companies,Chemicals,40HC,4,Shenzhen,Houston,DDP,2023-11-13,2023-12-20,2023-12-21,37,1,No,Port Congestion,3855.19,15420.76,51187.14,436691.26,Delivered
BOL003191,ZIM,Nippon Express,Indigo Books,Machinery,20RF,7,Busan,Miami,CFR,2023-10-22,2023-11-08,2023-11-08,17,0,Yes,None,932.38,6526.66,66850.77,295786.09,Delivered
BOL003192,Evergreen,CEVA Logistics,Sobeys,Steel Products,40HC,2,Hamburg,Chicago,CIF,2024-01-08,2024-02-16,2024-02-24,39,8,No,Customs Inspection,4087.84,8175.68,21423.32,334082.19,Delayed
BOL003193,Maersk,DB Schenker,IKEA Canada,Apparel,20RF,1,Colombo,Vancouver,FOB,2024-11-27,2024-12-17,2024-12-17,20,0,Yes,None,3621.45,3621.45,21449.76,111669.32,Delivered
BOL003194,ZIM,Kuehne+Nagel,Mountain Equipment,Textiles,20GP,7,Hamburg,Houston,CFR,2022-01-12,2022-02-04,2022-02-04,23,0,Yes,None,835.63,5849.41,145342.94,22047.95,Delivered
BOL003195,HMM,Kuehne+Nagel,Sport Chek,Machinery,45HC,7,Singapore,New York,DDP,2024-03-31,2024-05-09,2024-05-09,39,0,Yes,None,1764.7,12352.9,77803.66,303619.51,Delivered
BOL003196,Yang Ming,DSV,Hudson Bay,Electronics,45HC,8,Shanghai,Los Angeles,DDP,2024-06-08,2024-07-01,2024-07-01,23,0,Yes,None,1289.26,10314.08,59256.48,176833.85,Delivered
BOL003197,Hapag-Lloyd,Expeditors,Costco Canada,Steel Products,40GP,2,Colombo,Miami,CFR,2024-04-24,2024-05-30,2024-05-30,36,0,Yes,None,3416.98,6833.96,37036.59,197699.34,Delivered
BOL003198,Yang Ming,DSV,Empire Company,Apparel,20RF,2,Colombo,Seattle,DDP,2024-07-10,2024-08-10,2024-08-10,31,0,Yes,None,2769.29,5538.58,18106.37,275136.83,Delivered
BOL003199,Maersk,Panalpina,Giant Tiger,Textiles,40GP,8,Shanghai,Halifax,EXW,2023-06-07,2023-07-05,2023-07-05,28,0,Yes,None,4144.79,33158.32,109504.64,325611.6,Delivered
BOL003200,Maersk,DB Schenker,Empire Company,Electronics,45HC,4,Ningbo,Halifax,CIF,2023-04-02,2023-05-15,2023-05-15,43,0,Yes,None,1187.34,4749.36,85810.04,330423.07,Delivered
BOL003201,Yang Ming,Sinotrans,Walmart Canada,Toys,40HC,7,Ningbo,Vancouver,DAP,2024-09-24,2024-10-29,2024-10-29,35,0,Yes,None,3480.45,24363.15,141015.71,165498.91,Delivered
BOL003202,CMA CGM,DB Schenker,Mountain Equipment,Chemicals,45HC,6,Ningbo,Chicago,DAP,2022-04-01,2022-04-20,2022-04-20,19,0,Yes,None,2671.0,16026.0,115792.18,255998.25,Delivered
BOL003203,COSCO,Expeditors,Metro Inc,Food Products,20GP,5,Busan,Halifax,CIF,2023-03-24,2023-04-28,2023-04-28,35,0,Yes,None,3471.03,17355.15,96990.78,18703.67,Delivered
BOL003204,CMA CGM,Panalpina,Sport Chek,Steel Products,20GP,9,Rotterdam,Toronto,DDP,2023-06-04,2023-07-12,2023-07-12,38,0,Yes,None,1243.27,11189.43,98300.4,307508.15,Delivered
BOL003205,HMM,DSV,Canadian Tire,Apparel,40GP,2,Shanghai,Seattle,CFR,2023-04-07,2023-05-02,2023-05-02,25,0,Yes,None,2074.85,4149.7,53035.89,20858.16,Delivered
BOL003206,Hapag-Lloyd,DB Schenker,Hudson Bay,Chemicals,20GP,2,Busan,New York,FOB,2024-12-15,2025-01-29,2025-01-29,45,0,Yes,None,2127.98,4255.96,33718.29,384922.3,In Transit
BOL003207,Hapag-Lloyd,Nippon Express,Walmart Canada,Furniture,20RF,4,Singapore,Seattle,EXW,2023-05-31,2023-07-06,2023-07-06,36,0,Yes,None,1537.42,6149.68,65647.99,265229.33,Delivered
BOL003208,COSCO,Panalpina,Giant Tiger,Food Products,20GP,4,Shanghai,Seattle,DAP,2023-09-24,2023-10-22,2023-10-22,28,0,Yes,None,3000.88,12003.52,95998.52,39189.34,Delivered
BOL003209,Evergreen,Expeditors,Costco Canada,Food Products,40GP,6,Rotterdam,Toronto,DAP,2023-11-16,2023-11-30,2023-11-30,14,0,Yes,None,2591.4,15548.4,155275.78,322145.65,Delivered
BOL003210,Evergreen,Sinotrans,Shoppers Drug Mart,Furniture,40HC,8,Shenzhen,Miami,CFR,2024-03-07,2024-03-25,2024-03-25,18,0,Yes,None,1839.11,14712.88,223097.04,384595.63,Delivered
BOL003211,ONE,DB Schenker,Metro Inc,Apparel,40RF,3,Singapore,Montreal,DAP,2024-05-01,2024-05-19,2024-05-19,18,0,Yes,None,4354.74,13064.22,33245.45,128617.76,Delivered
BOL003212,MSC,Kuehne+Nagel,Loblaws,Toys,40GP,1,Rotterdam,Toronto,DDP,2024-07-09,2024-08-15,2024-08-15,37,0,Yes,None,3621.15,3621.15,6571.25,436498.52,Delivered
BOL003213,ONE,DB Schenker,Indigo Books,Steel Products,20GP,1,Colombo,New York,DDP,2024-02-13,2024-03-17,2024-03-17,33,0,Yes,None,3853.27,3853.27,18527.95,170427.87,Delivered
BOL003214,Hapag-Lloyd,Panalpina,Empire Company,Toys,20RF,8,Ningbo,New York,FOB,2024-07-02,2024-07-31,2024-07-31,29,0,Yes,None,2567.04,20536.32,110366.29,137746.8,Delivered
BOL003215,ONE,Sinotrans,IKEA Canada,Furniture,20GP,3,Hong Kong,Miami,CFR,2022-08-23,2022-09-18,2022-09-18,26,0,Yes,None,2767.3,8301.9,68946.66,214893.93,Delivered
BOL003216,COSCO,Nippon Express,Aldo Group,Steel Products,40HC,5,Singapore,Halifax,CIF,2024-09-07,2024-10-14,2024-10-14,37,0,Yes,None,2061.88,10309.4,119868.21,16799.24,Delivered
BOL003217,ZIM,DSV,Loblaws,Electronics,40RF,5,Kaohsiung,Chicago,EXW,2024-01-10,2024-02-15,2024-02-15,36,0,Yes,None,3125.01,15625.05,44493.7,346061.19,Delivered
BOL003218,COSCO,DB Schenker,Aldo Group,Toys,40RF,4,Shanghai,Vancouver,DAP,2024-10-10,2024-11-18,2024-11-18,39,0,Yes,None,3058.24,12232.96,110016.03,356880.48,Delivered
BOL003219,MSC,Expeditors,Metro Inc,Chemicals,20RF,9,Colombo,Seattle,DDP,2024-07-02,2024-07-19,2024-07-19,17,0,Yes,None,2025.3,18227.7,194597.72,434413.19,Delivered
BOL003220,Hapag-Lloyd,CEVA Logistics,Loblaws,Machinery,20RF,10,Colombo,Houston,CIF,2023-07-10,2023-08-10,2023-08-10,31,0,Yes,None,3349.92,33499.2,157214.13,361235.1,Delivered
BOL003221,HMM,Sinotrans,Giant Tiger,Electronics,20GP,5,Kaohsiung,Montreal,CFR,2022-11-16,2022-12-16,2022-12-16,30,0,Yes,None,3385.85,16929.25,84289.6,198765.48,Delivered
BOL003222,ZIM,Kuehne+Nagel,Reitmans,Auto Parts,40GP,5,Hamburg,Montreal,DAP,2023-02-13,2023-03-15,2023-03-15,30,0,Yes,None,2425.03,12125.15,78515.23,64602.28,Delivered
BOL003223,Evergreen,Expeditors,Sobeys,Textiles,45HC,3,Hamburg,Vancouver,DDP,2023-12-01,2024-01-10,2024-01-10,40,0,Yes,None,1040.42,3121.26,48726.41,195262.06,Delivered
BOL003224,Yang Ming,Sinotrans,Sport Chek,Furniture,40GP,2,Rotterdam,Vancouver,EXW,2022-05-10,2022-06-11,2022-06-11,32,0,Yes,None,2905.91,5811.82,48800.07,204922.83,Delivered
BOL003225,Hapag-Lloyd,Sinotrans,Reitmans,Toys,20RF,3,Ningbo,Los Angeles,DAP,2024-09-09,2024-10-18,2024-10-21,39,3,No,Port Congestion,1466.58,4399.74,47046.55,487091.33,Delivered
BOL003226,HMM,Panalpina,Giant Tiger,Furniture,45HC,8,Hong Kong,Seattle,EXW,2024-06-20,2024-07-06,2024-07-06,16,0,Yes,None,1140.41,9123.28,89251.31,336139.03,Delivered
BOL003227,Evergreen,Panalpina,Loblaws,Toys,20RF,1,Singapore,Vancouver,CIF,2022-12-20,2023-01-15,2023-01-21,26,6,No,Documentation Error,4430.02,4430.02,5595.53,313912.23,Delayed
BOL003228,COSCO,Kuehne+Nagel,Shoppers Drug Mart,Apparel,20GP,2,Ningbo,Vancouver,CFR,2023-07-06,2023-07-28,2023-07-28,22,0,Yes,None,2079.69,4159.38,24475.69,496017.57,Delivered
BOL003229,Evergreen,Sinotrans,Best Buy Canada,Apparel,20GP,8,Rotterdam,Halifax,CIF,2024-06-29,2024-07-18,2024-07-18,19,0,Yes,None,3844.49,30755.92,120000.4,241355.28,Delivered
BOL003230,ONE,Kuehne+Nagel,Hudson Bay,Auto Parts,40GP,7,Shanghai,New York,CIF,2023-09-02,2023-10-06,2023-10-06,34,0,Yes,None,4091.92,28643.44,60977.72,167972.98,Delivered
BOL003231,HMM,Nippon Express,Groupe Touchette,Steel Products,40HC,7,Singapore,Halifax,EXW,2022-03-09,2022-03-29,2022-03-29,20,0,Yes,None,2469.27,17284.89,158851.88,301924.3,Delivered
BOL003232,Evergreen,DSV,Home Depot Canada,Furniture,45HC,1,Hong Kong,Montreal,FOB,2024-08-23,2024-09-08,2024-09-08,16,0,Yes,None,2133.39,2133.39,17255.76,365520.09,Delivered
BOL003233,COSCO,DSV,Indigo Books,Food Products,40GP,7,Busan,Miami,CIF,2023-03-20,2023-04-24,2023-04-24,35,0,Yes,None,4036.73,28257.11,134188.54,262652.49,Delivered
BOL003234,ZIM,CEVA Logistics,Loblaw Companies,Auto Parts,20GP,1,Ningbo,Miami,CFR,2023-10-01,2023-11-03,2023-11-03,33,0,Yes,None,3248.28,3248.28,26409.81,105053.84,Delivered
BOL003235,HMM,DSV,Giant Tiger,Furniture,20RF,5,Shenzhen,Vancouver,EXW,2024-02-12,2024-02-27,2024-02-27,15,0,Yes,None,1343.24,6716.2,95130.09,78667.1,Delivered
BOL003236,ZIM,DB Schenker,Best Buy Canada,Furniture,40RF,8,Busan,Montreal,FOB,2023-03-12,2023-04-16,2023-04-16,35,0,Yes,None,2803.53,22428.24,71185.09,292167.18,Delivered
BOL003237,MSC,Panalpina,Mountain Equipment,Chemicals,20RF,10,Kaohsiung,Toronto,FOB,2022-02-07,2022-03-06,2022-03-06,27,0,Yes,None,2669.53,26695.3,185130.34,412116.03,Delivered
BOL003238,Hapag-Lloyd,DSV,Shoppers Drug Mart,Electronics,20RF,1,Busan,Toronto,FOB,2023-09-03,2023-10-18,2023-10-18,45,0,Yes,None,3475.5,3475.5,27472.28,261300.39,Delivered
BOL003239,Maersk,Expeditors,Loblaws,Chemicals,40GP,2,Busan,Miami,DAP,2024-05-10,2024-05-25,2024-05-25,15,0,Yes,None,3834.4,7668.8,51525.6,113499.53,Delivered
BOL003240,HMM,Kuehne+Nagel,Sobeys,Apparel,20GP,6,Kaohsiung,Los Angeles,DDP,2023-01-16,2023-02-05,2023-02-05,20,0,Yes,None,1784.44,10706.64,75867.51,319365.46,Delivered
BOL003241,Maersk,Expeditors,Empire Company,Chemicals,40GP,7,Kaohsiung,Los Angeles,CFR,2024-02-16,2024-03-04,2024-03-04,17,0,Yes,None,1883.33,13183.31,113906.9,213985.72,Delivered
BOL003242,Evergreen,Sinotrans,Aldo Group,Food Products,20GP,2,Shenzhen,Houston,FOB,2024-03-25,2024-04-09,2024-04-09,15,0,Yes,None,2356.02,4712.04,33912.8,62633.21,Delivered
BOL003243,Maersk,Kuehne+Nagel,Canadian Tire,Steel Products,40RF,4,Ningbo,Toronto,DAP,2023-08-21,2023-09-17,2023-09-17,27,0,Yes,None,3224.32,12897.28,102327.07,251521.64,Delivered
BOL003244,Hapag-Lloyd,CEVA Logistics,Reitmans,Textiles,40RF,1,Rotterdam,Los Angeles,CFR,2024-02-01,2024-02-27,2024-02-27,26,0,Yes,None,2127.6,2127.6,9118.54,387827.99,Delivered
BOL003245,HMM,CEVA Logistics,Empire Company,Auto Parts,40HC,9,Shenzhen,Miami,CIF,2023-09-08,2023-10-23,2023-10-23,45,0,Yes,None,4068.85,36619.65,113405.56,184575.83,Delivered
BOL003246,MSC,Kuehne+Nagel,Metro Inc,Electronics,40HC,2,Busan,Halifax,CIF,2023-11-13,2023-12-25,2023-12-25,42,0,Yes,None,1098.04,2196.08,39448.99,110377.31,Delivered
BOL003247,COSCO,DSV,Canadian Tire,Food Products,20GP,10,Colombo,Houston,CFR,2024-03-22,2024-04-30,2024-04-30,39,0,Yes,None,4009.3,40093.0,276313.97,86035.05,Delivered
BOL003248,ONE,CEVA Logistics,Costco Canada,Toys,20GP,9,Hong Kong,Montreal,CFR,2023-01-23,2023-02-22,2023-02-22,30,0,Yes,None,3304.52,29740.68,154935.39,493674.31,Delivered
BOL003249,Yang Ming,Panalpina,Empire Company,Steel Products,45HC,4,Colombo,Montreal,DDP,2023-01-28,2023-03-13,2023-03-13,44,0,Yes,None,3580.64,14322.56,34113.2,190428.65,Delivered
BOL003250,MSC,CEVA Logistics,Shoppers Drug Mart,Machinery,45HC,9,Kaohsiung,Houston,FOB,2023-02-25,2023-03-14,2023-03-14,17,0,Yes,None,1087.28,9785.52,84095.43,487776.75,Delivered
BOL003251,ONE,DB Schenker,Best Buy Canada,Machinery,40RF,7,Singapore,Montreal,DDP,2022-05-28,2022-06-17,2022-06-17,20,0,Yes,None,1077.37,7541.59,176461.19,11154.04,Delivered
BOL003252,Yang Ming,Sinotrans,Mountain Equipment,Furniture,40RF,10,Busan,Halifax,EXW,2023-01-29,2023-02-28,2023-03-09,30,9,No,Port Congestion,1852.36,18523.6,124832.55,165979.94,Delayed
BOL003253,Evergreen,DB Schenker,Shoppers Drug Mart,Furniture,40GP,10,Shanghai,Halifax,FOB,2022-06-10,2022-07-11,2022-07-11,31,0,Yes,None,2805.67,28056.7,64086.49,456593.75,Delivered
BOL003254,Hapag-Lloyd,Panalpina,Sport Chek,Electronics,20GP,2,Busan,Los Angeles,CFR,2023-06-08,2023-06-28,2023-06-28,20,0,Yes,None,1156.08,2312.16,49146.22,262402.23,Delivered
BOL003255,MSC,Kuehne+Nagel,Home Depot Canada,Electronics,20GP,7,Singapore,Montreal,FOB,2022-10-05,2022-11-14,2022-11-14,40,0,Yes,None,3825.88,26781.16,101481.85,360033.15,Delivered
BOL003256,ZIM,Expeditors,IKEA Canada,Auto Parts,20GP,7,Hong Kong,Miami,CIF,2022-12-04,2022-12-31,2023-01-04,27,4,No,Port Congestion,2482.6,17378.2,167920.23,175257.24,Delivered
BOL003257,Hapag-Lloyd,Panalpina,Canadian Tire,Steel Products,40HC,5,Shanghai,Seattle,DDP,2024-03-06,2024-04-08,2024-04-08,33,0,Yes,None,2254.4,11272.0,44534.61,402957.26,Delivered
BOL003258,COSCO,Expeditors,Reitmans,Apparel,40HC,1,Singapore,Los Angeles,DAP,2023-02-14,2023-02-28,2023-02-28,14,0,Yes,None,3074.61,3074.61,25781.79,367409.4,Delivered
BOL003259,Maersk,Panalpina,Home Depot Canada,Chemicals,40GP,2,Singapore,Vancouver,CFR,2024-03-24,2024-04-16,2024-04-22,23,6,No,Equipment Shortage,897.23,1794.46,33088.54,100662.24,Delayed
BOL003260,HMM,Panalpina,IKEA Canada,Food Products,20GP,9,Hong Kong,Los Angeles,EXW,2024-08-01,2024-08-20,2024-08-20,19,0,Yes,None,1954.35,17589.15,118958.73,487586.93,Delivered
BOL003261,COSCO,CEVA Logistics,Hudson Bay,Electronics,40GP,9,Ningbo,Halifax,DDP,2022-10-15,2022-11-06,2022-11-06,22,0,Yes,None,1930.3,17372.7,99749.2,267001.65,Delivered
BOL003262,Maersk,Nippon Express,Shoppers Drug Mart,Machinery,45HC,6,Singapore,Los Angeles,DDP,2022-11-14,2022-12-02,2022-12-13,18,11,No,Customs Inspection,3667.25,22003.5,120220.44,129545.77,Delayed
BOL003263,Hapag-Lloyd,CEVA Logistics,Walmart Canada,Apparel,40HC,7,Shanghai,Los Angeles,CIF,2024-11-22,2024-12-13,2024-12-13,21,0,Yes,None,1307.59,9153.13,95033.22,39672.95,Delivered
BOL003264,COSCO,DB Schenker,Shoppers Drug Mart,Electronics,45HC,5,Hamburg,Seattle,EXW,2022-08-25,2022-09-15,2022-09-15,21,0,Yes,None,3881.5,19407.5,46265.07,148178.25,Delivered
BOL003265,ZIM,Nippon Express,Metro Inc,Steel Products,40RF,3,Rotterdam,Halifax,CFR,2022-09-30,2022-11-13,2022-11-13,44,0,Yes,None,2381.46,7144.38,66093.72,286048.01,Delivered
BOL003266,Hapag-Lloyd,Nippon Express,Sport Chek,Steel Products,45HC,5,Hamburg,Miami,CFR,2023-01-12,2023-02-17,2023-02-17,36,0,Yes,None,1088.07,5440.35,49344.46,17554.59,Delivered
BOL003267,HMM,CEVA Logistics,Shoppers Drug Mart,Machinery,40GP,10,Shenzhen,Vancouver,DAP,2022-12-10,2023-01-21,2023-01-21,42,0,Yes,None,2320.25,23202.5,56046.48,29629.17,Delivered
BOL003268,CMA CGM,Expeditors,Mountain Equipment,Furniture,20GP,3,Shanghai,Chicago,DDP,2023-12-31,2024-01-25,2024-01-25,25,0,Yes,None,4072.13,12216.39,69390.02,246956.58,Delivered
BOL003269,Yang Ming,DSV,Sobeys,Steel Products,20GP,5,Shenzhen,Miami,DDP,2023-04-28,2023-05-20,2023-05-20,22,0,Yes,None,1659.51,8297.55,37846.42,448544.99,Delivered
BOL003270,MSC,Nippon Express,Mountain Equipment,Apparel,45HC,2,Kaohsiung,Houston,FOB,2023-09-22,2023-11-01,2023-11-01,40,0,Yes,None,1214.42,2428.84,55816.56,405474.51,Delivered
BOL003271,Maersk,DB Schenker,Empire Company,Furniture,40GP,8,Colombo,Miami,DAP,2024-07-18,2024-08-09,2024-08-09,22,0,Yes,None,1234.5,9876.0,159081.61,468532.81,Delivered
BOL003272,Evergreen,Nippon Express,Loblaws,Toys,40HC,6,Rotterdam,Halifax,FOB,2023-03-07,2023-04-15,2023-04-15,39,0,Yes,None,3748.87,22493.22,104206.08,490271.37,Delivered
BOL003273,COSCO,DSV,Empire Company,Machinery,40RF,1,Shenzhen,Seattle,DDP,2024-10-14,2024-11-19,2024-11-19,36,0,Yes,None,2120.81,2120.81,20955.39,317265.39,Delivered
BOL003274,HMM,Sinotrans,Sport Chek,Auto Parts,40HC,9,Busan,Seattle,DAP,2022-04-11,2022-04-28,2022-04-28,17,0,Yes,None,3028.81,27259.29,80186.92,160351.5,Delivered
BOL003275,CMA CGM,Expeditors,Giant Tiger,Toys,45HC,8,Shenzhen,Montreal,DDP,2022-04-17,2022-05-19,2022-05-19,32,0,Yes,None,1231.89,9855.12,139096.16,47250.42,Delivered
BOL003276,Evergreen,Kuehne+Nagel,Best Buy Canada,Auto Parts,45HC,8,Ningbo,Seattle,DDP,2023-08-29,2023-10-10,2023-10-10,42,0,Yes,None,4397.82,35182.56,176317.27,193699.86,Delivered
BOL003277,ZIM,Nippon Express,Walmart Canada,Steel Products,40HC,2,Hong Kong,Houston,DAP,2023-10-13,2023-11-22,2023-11-22,40,0,Yes,None,3832.03,7664.06,46392.44,145869.99,Delivered
BOL003278,MSC,DSV,Best Buy Canada,Toys,20GP,5,Shanghai,Toronto,CIF,2022-05-05,2022-06-18,2022-06-18,44,0,Yes,None,3134.38,15671.9,67927.26,484668.24,Delivered
BOL003279,Yang Ming,DSV,Loblaw Companies,Toys,40HC,10,Colombo,Houston,DDP,2022-08-02,2022-08-25,2022-08-25,23,0,Yes,None,1449.02,14490.2,196812.33,291602.84,Delivered
BOL003280,ONE,Sinotrans,Loblaw Companies,Food Products,40RF,3,Singapore,Montreal,EXW,2022-04-18,2022-05-25,2022-05-25,37,0,Yes,None,2008.11,6024.33,72834.01,254053.08,Delivered
BOL003281,CMA CGM,Kuehne+Nagel,Loblaws,Furniture,40HC,4,Ningbo,Toronto,FOB,2023-09-23,2023-10-16,2023-10-16,23,0,Yes,None,2419.73,9678.92,34209.76,374761.31,Delivered
BOL003282,COSCO,Sinotrans,Canadian Tire,Toys,20GP,8,Shenzhen,Chicago,DAP,2022-01-08,2022-02-17,2022-02-22,40,5,No,Equipment Shortage,1399.15,11193.2,102643.76,359894.61,Delivered
BOL003283,Yang Ming,CEVA Logistics,Hudson Bay,Steel Products,20GP,1,Kaohsiung,Houston,CIF,2024-07-13,2024-08-10,2024-08-10,28,0,Yes,None,2922.24,2922.24,27800.26,487378.86,Delivered
BOL003284,COSCO,DB Schenker,Mountain Equipment,Machinery,20GP,7,Hong Kong,Montreal,EXW,2024-02-06,2024-02-20,2024-02-20,14,0,Yes,None,4106.27,28743.89,97511.11,317899.49,Delivered
BOL003285,COSCO,Sinotrans,Sobeys,Steel Products,40HC,2,Ningbo,Toronto,DAP,2023-03-22,2023-04-30,2023-04-30,39,0,Yes,None,1182.89,2365.78,44164.18,402187.37,Delivered
BOL003286,MSC,DB Schenker,Sobeys,Steel Products,40GP,4,Hamburg,Houston,DAP,2022-03-11,2022-04-13,2022-04-14,33,1,No,Equipment Shortage,4298.66,17194.64,28886.4,187662.8,Delivered
BOL003287,CMA CGM,DSV,Canadian Tire,Electronics,40HC,4,Singapore,Los Angeles,DAP,2024-04-15,2024-04-30,2024-04-30,15,0,Yes,None,1098.28,4393.12,44896.23,400322.8,Delivered
BOL003288,ONE,Sinotrans,Costco Canada,Textiles,45HC,8,Kaohsiung,Halifax,CFR,2023-03-21,2023-04-09,2023-04-09,19,0,Yes,None,1422.98,11383.84,66387.03,238723.51,Delivered
BOL003289,ZIM,CEVA Logistics,Metro Inc,Auto Parts,45HC,1,Hamburg,Montreal,CFR,2024-09-23,2024-10-25,2024-10-25,32,0,Yes,None,1103.55,1103.55,22796.32,492394.65,Delivered
BOL003290,Evergreen,Expeditors,Loblaw Companies,Chemicals,20GP,6,Busan,Montreal,CIF,2022-08-30,2022-09-19,2022-09-19,20,0,Yes,None,1436.86,8621.16,158926.53,83692.79,Delivered
BOL003291,Hapag-Lloyd,Sinotrans,Aldo Group,Textiles,40HC,9,Ningbo,Chicago,DDP,2024-08-11,2024-09-25,2024-09-25,45,0,Yes,None,3766.99,33902.91,127289.32,128655.57,Delivered
BOL003292,CMA CGM,Expeditors,IKEA Canada,Toys,20GP,3,Hong Kong,Chicago,CFR,2023-05-28,2023-07-07,2023-07-07,40,0,Yes,None,2347.05,7041.15,42325.15,374351.24,Delivered
BOL003293,ZIM,DB Schenker,Canadian Tire,Food Products,40HC,7,Shanghai,Chicago,FOB,2024-08-18,2024-09-04,2024-09-04,17,0,Yes,None,1086.38,7604.66,97069.99,416338.52,Delivered
BOL003294,HMM,Panalpina,Canadian Tire,Food Products,20RF,1,Shanghai,Los Angeles,DAP,2024-05-25,2024-07-01,2024-07-01,37,0,Yes,None,3603.05,3603.05,11099.23,249748.0,Delivered
BOL003295,Hapag-Lloyd,DSV,Walmart Canada,Chemicals,40GP,4,Singapore,Miami,DAP,2022-01-22,2022-02-18,2022-02-18,27,0,Yes,None,4312.51,17250.04,95211.99,490377.23,Delivered
BOL003296,ZIM,Kuehne+Nagel,Best Buy Canada,Steel Products,20GP,7,Ningbo,Miami,FOB,2024-01-02,2024-01-21,2024-01-21,19,0,Yes,None,1984.84,13893.88,98259.91,125306.53,Delivered
BOL003297,HMM,DB Schenker,Loblaw Companies,Machinery,20RF,3,Shenzhen,Miami,CIF,2024-10-03,2024-11-07,2024-11-07,35,0,Yes,None,3321.81,9965.43,27319.68,484093.7,Delivered
BOL003298,ZIM,DB Schenker,Sobeys,Food Products,20GP,9,Rotterdam,Vancouver,EXW,2022-10-18,2022-11-23,2022-11-23,36,0,Yes,None,2439.4,21954.6,208663.14,244419.34,Delivered
BOL003299,HMM,DSV,IKEA Canada,Textiles,20RF,9,Shanghai,Seattle,CIF,2022-11-24,2022-12-24,2023-01-07,30,14,No,Bad Weather,4414.38,39729.42,226454.26,223638.77,Delayed
BOL003300,CMA CGM,Sinotrans,Metro Inc,Food Products,40GP,8,Hong Kong,Halifax,DAP,2022-04-08,2022-05-04,2022-05-04,26,0,Yes,None,2691.61,21532.88,112195.22,321399.73,Delivered
BOL003301,ZIM,Expeditors,Aldo Group,Chemicals,20RF,6,Ningbo,Los Angeles,FOB,2024-02-23,2024-03-09,2024-03-18,15,9,No,Equipment Shortage,2343.2,14059.2,62924.26,22369.66,Delayed
BOL003302,Hapag-Lloyd,Expeditors,Best Buy Canada,Furniture,20GP,10,Hamburg,Vancouver,DDP,2024-04-17,2024-05-02,2024-05-02,15,0,Yes,None,1374.94,13749.4,58200.35,448443.76,Delivered
BOL003303,HMM,DSV,Shoppers Drug Mart,Machinery,45HC,10,Rotterdam,Montreal,CFR,2024-08-25,2024-09-26,2024-09-26,32,0,Yes,None,1642.38,16423.8,90347.55,80501.44,Delivered
BOL003304,COSCO,CEVA Logistics,Empire Company,Auto Parts,40GP,10,Rotterdam,Halifax,CIF,2022-11-20,2023-01-04,2023-01-04,45,0,Yes,None,1711.6,17116.0,217648.01,130808.32,Delivered
BOL003305,COSCO,CEVA Logistics,Metro Inc,Electronics,20RF,6,Rotterdam,Vancouver,CFR,2024-08-23,2024-09-17,2024-09-30,25,13,No,Port Congestion,3063.36,18380.16,44464.72,455889.37,Delayed
BOL003306,ONE,Panalpina,Sobeys,Furniture,40GP,4,Singapore,Chicago,CIF,2024-12-30,2025-01-16,2025-01-16,17,0,Yes,None,2257.94,9031.76,36283.55,81830.11,In Transit
BOL003307,Evergreen,Kuehne+Nagel,Canadian Tire,Furniture,40GP,8,Hong Kong,Houston,EXW,2023-06-15,2023-07-07,2023-07-07,22,0,Yes,None,1463.96,11711.68,204799.77,59935.25,Delivered
BOL003308,MSC,Sinotrans,Reitmans,Food Products,20RF,8,Rotterdam,Houston,FOB,2024-03-14,2024-04-09,2024-04-09,26,0,Yes,None,1738.33,13906.64,57774.89,355264.55,Delivered
BOL003309,ZIM,Sinotrans,Groupe Touchette,Chemicals,40HC,2,Shanghai,Houston,CIF,2022-12-22,2023-01-23,2023-01-23,32,0,Yes,None,1631.53,3263.06,36728.83,218786.74,Delivered
BOL003310,CMA CGM,Kuehne+Nagel,Groupe Touchette,Auto Parts,40RF,2,Shanghai,Seattle,DDP,2024-03-20,2024-04-22,2024-05-07,33,15,No,Port Congestion,2694.53,5389.06,19761.05,449290.55,Delayed
BOL003311,MSC,Panalpina,Indigo Books,Food Products,40HC,1,Colombo,Houston,DAP,2022-06-28,2022-07-28,2022-07-28,30,0,Yes,None,3668.53,3668.53,26557.02,221989.23,Delivered
BOL003312,Hapag-Lloyd,Panalpina,Groupe Touchette,Machinery,45HC,10,Busan,Miami,CFR,2023-12-29,2024-01-16,2024-01-16,18,0,Yes,None,2438.43,24384.3,64131.67,100054.14,Delivered
BOL003313,MSC,Expeditors,Indigo Books,Food Products,20GP,5,Singapore,Halifax,CIF,2022-08-02,2022-09-03,2022-09-03,32,0,Yes,None,1529.28,7646.4,103184.91,487179.21,Delivered
BOL003314,MSC,Kuehne+Nagel,Costco Canada,Steel Products,40HC,5,Singapore,Los Angeles,DAP,2022-09-03,2022-10-18,2022-10-18,45,0,Yes,None,1347.28,6736.4,41689.45,430344.49,Delivered
BOL003315,Evergreen,Expeditors,Walmart Canada,Textiles,20GP,8,Hong Kong,Montreal,EXW,2022-02-27,2022-03-27,2022-03-27,28,0,Yes,None,2008.65,16069.2,45750.92,96561.85,Delivered
BOL003316,Yang Ming,Expeditors,Empire Company,Auto Parts,40HC,6,Busan,Houston,DDP,2023-04-27,2023-05-21,2023-05-21,24,0,Yes,None,1566.9,9401.4,161924.66,52912.66,Delivered
BOL003317,Hapag-Lloyd,Panalpina,Home Depot Canada,Toys,40RF,2,Busan,Houston,DDP,2022-05-15,2022-06-26,2022-06-26,42,0,Yes,None,4107.15,8214.3,27512.99,465585.41,Delivered
BOL003318,CMA CGM,DB Schenker,Reitmans,Electronics,40GP,6,Kaohsiung,Los Angeles,DAP,2023-06-18,2023-07-15,2023-07-19,27,4,No,Documentation Error,1919.97,11519.82,96897.52,210981.84,Delivered
BOL003319,Yang Ming,Kuehne+Nagel,Best Buy Canada,Steel Products,20GP,3,Shenzhen,Montreal,DDP,2023-06-06,2023-07-11,2023-07-11,35,0,Yes,None,4238.22,12714.66,79252.09,179820.12,Delivered
BOL003320,MSC,Sinotrans,Metro Inc,Auto Parts,20RF,4,Rotterdam,Houston,CIF,2024-05-24,2024-06-18,2024-06-24,25,6,No,Documentation Error,1195.08,4780.32,47824.25,131915.29,Delayed
BOL003321,Evergreen,Nippon Express,Walmart Canada,Auto Parts,40HC,7,Hong Kong,Chicago,DAP,2022-08-16,2022-09-13,2022-09-13,28,0,Yes,None,1102.42,7716.94,51175.19,414756.68,Delivered
BOL003322,MSC,DSV,Giant Tiger,Furniture,45HC,5,Hong Kong,New York,FOB,2023-05-01,2023-06-08,2023-06-08,38,0,Yes,None,2590.37,12951.85,73024.49,378916.65,Delivered
BOL003323,COSCO,Expeditors,Aldo Group,Food Products,40GP,10,Singapore,Vancouver,CIF,2022-01-01,2022-02-08,2022-02-08,38,0,Yes,None,2376.88,23768.8,276769.65,428483.39,Delivered
BOL003324,Hapag-Lloyd,Kuehne+Nagel,Walmart Canada,Toys,45HC,9,Colombo,Miami,EXW,2022-05-14,2022-06-03,2022-06-03,20,0,Yes,None,4224.76,38022.84,175991.11,163625.61,Delivered
BOL003325,Yang Ming,DSV,IKEA Canada,Apparel,20GP,8,Rotterdam,Vancouver,EXW,2022-10-22,2022-11-28,2022-11-28,37,0,Yes,None,4405.65,35245.2,100021.53,10593.23,Delivered
BOL003326,HMM,DB Schenker,Loblaws,Machinery,40GP,7,Kaohsiung,Toronto,FOB,2022-04-11,2022-05-09,2022-05-09,28,0,Yes,None,2564.04,17948.28,80296.0,225603.51,Delivered
BOL003327,COSCO,Kuehne+Nagel,Costco Canada,Textiles,40GP,7,Hong Kong,Los Angeles,CIF,2023-12-30,2024-01-16,2024-01-16,17,0,Yes,None,3305.73,23140.11,44051.94,259631.85,Delivered
BOL003328,COSCO,Kuehne+Nagel,Groupe Touchette,Chemicals,45HC,8,Busan,Houston,CFR,2023-03-07,2023-03-30,2023-03-30,23,0,Yes,None,2693.45,21547.6,204503.41,431216.48,Delivered
BOL003329,ONE,Sinotrans,Sobeys,Machinery,40HC,9,Ningbo,Los Angeles,CIF,2024-08-06,2024-09-18,2024-09-18,43,0,Yes,None,4245.34,38208.06,190647.91,332185.08,Delivered
BOL003330,Evergreen,Panalpina,Shoppers Drug Mart,Chemicals,45HC,2,Rotterdam,Houston,CFR,2023-02-06,2023-03-18,2023-03-18,40,0,Yes,None,1084.26,2168.52,47369.96,482884.52,Delivered
BOL003331,Hapag-Lloyd,CEVA Logistics,IKEA Canada,Textiles,20GP,7,Ningbo,Halifax,DAP,2023-02-04,2023-03-07,2023-03-07,31,0,Yes,None,3262.27,22835.89,118941.05,175073.9,Delivered
BOL003332,Evergreen,Kuehne+Nagel,Groupe Touchette,Apparel,40RF,5,Kaohsiung,Chicago,EXW,2024-08-03,2024-08-26,2024-08-26,23,0,Yes,None,1249.18,6245.9,91744.54,353396.01,Delivered
BOL003333,Yang Ming,Panalpina,Loblaw Companies,Furniture,40HC,5,Rotterdam,Seattle,EXW,2023-06-24,2023-07-18,2023-07-18,24,0,Yes,None,3472.18,17360.9,137561.32,26255.72,Delivered
BOL003334,Evergreen,Sinotrans,Giant Tiger,Chemicals,40HC,3,Hamburg,Toronto,EXW,2024-10-09,2024-11-08,2024-11-08,30,0,Yes,None,3555.0,10665.0,62732.44,321943.24,Delivered
BOL003335,Yang Ming,DSV,Aldo Group,Chemicals,20RF,10,Kaohsiung,Toronto,FOB,2024-02-18,2024-03-17,2024-03-18,28,1,No,Equipment Shortage,2607.46,26074.6,67691.2,325934.01,Delivered
BOL003336,MSC,DB Schenker,Canadian Tire,Apparel,40GP,5,Shanghai,Chicago,DAP,2022-02-17,2022-04-03,2022-04-03,45,0,Yes,None,4317.26,21586.3,71936.0,187650.49,Delivered
BOL003337,ONE,DSV,Home Depot Canada,Electronics,40HC,2,Ningbo,Halifax,FOB,2022-11-07,2022-11-29,2022-11-29,22,0,Yes,None,3601.13,7202.26,19687.98,23906.18,Delivered
BOL003338,CMA CGM,Expeditors,Metro Inc,Auto Parts,45HC,3,Hong Kong,Houston,DAP,2024-06-22,2024-07-22,2024-07-22,30,0,Yes,None,3082.53,9247.59,18782.17,180243.29,Delivered
BOL003339,Hapag-Lloyd,Expeditors,IKEA Canada,Furniture,40HC,8,Colombo,Chicago,DAP,2022-02-27,2022-03-29,2022-04-08,30,10,No,Equipment Shortage,3398.31,27186.48,93904.34,194604.31,Delayed
BOL003340,MSC,DSV,Costco Canada,Steel Products,40RF,9,Rotterdam,Houston,FOB,2023-03-08,2023-04-06,2023-04-06,29,0,Yes,None,2812.94,25316.46,108660.53,367848.02,Delivered
BOL003341,HMM,Expeditors,Mountain Equipment,Electronics,20GP,4,Singapore,Chicago,CIF,2023-02-14,2023-03-03,2023-03-03,17,0,Yes,None,952.23,3808.92,58845.99,34027.29,Delivered
BOL003342,MSC,Kuehne+Nagel,Loblaw Companies,Textiles,40RF,4,Shanghai,Seattle,DDP,2023-08-19,2023-09-09,2023-09-09,21,0,Yes,None,1554.39,6217.56,86082.99,329190.14,Delivered
BOL003343,COSCO,Kuehne+Nagel,Metro Inc,Food Products,40RF,1,Busan,Vancouver,DAP,2024-12-24,2025-01-17,2025-01-17,24,0,Yes,None,4072.91,4072.91,20298.48,288798.79,In Transit
BOL003344,HMM,Panalpina,Loblaw Companies,Toys,20GP,3,Busan,Miami,FOB,2022-06-23,2022-07-08,2022-07-08,15,0,Yes,None,4224.13,12672.39,31252.1,275416.88,Delivered
BOL003345,Hapag-Lloyd,Sinotrans,Hudson Bay,Toys,45HC,5,Busan,Houston,DDP,2024-07-10,2024-08-13,2024-08-13,34,0,Yes,None,1800.6,9003.0,32341.15,44059.06,Delivered
BOL003346,Evergreen,Kuehne+Nagel,Mountain Equipment,Apparel,20GP,3,Ningbo,Toronto,DAP,2023-05-25,2023-07-03,2023-07-03,39,0,Yes,None,1656.7,4970.1,63464.92,484242.77,Delivered
BOL003347,COSCO,Panalpina,IKEA Canada,Food Products,20RF,1,Hamburg,Los Angeles,CFR,2023-06-20,2023-07-24,2023-07-24,34,0,Yes,None,3223.12,3223.12,19308.29,188956.26,Delivered
BOL003348,ONE,CEVA Logistics,Reitmans,Auto Parts,40RF,8,Hamburg,Miami,EXW,2023-04-28,2023-05-17,2023-05-17,19,0,Yes,None,1637.98,13103.84,79204.97,264652.65,Delivered
BOL003349,ONE,CEVA Logistics,Hudson Bay,Chemicals,20RF,10,Hong Kong,Montreal,DDP,2022-12-31,2023-02-02,2023-02-02,33,0,Yes,None,2926.87,29268.7,89392.04,481794.44,Delivered
BOL003350,CMA CGM,CEVA Logistics,Loblaws,Electronics,40RF,5,Hamburg,Halifax,DAP,2022-05-31,2022-06-14,2022-06-25,14,11,No,Bad Weather,1920.13,9600.65,60440.05,426116.88,Delayed
BOL003351,MSC,CEVA Logistics,Shoppers Drug Mart,Toys,40RF,9,Ningbo,Los Angeles,DAP,2024-01-21,2024-02-10,2024-02-10,20,0,Yes,None,3965.27,35687.43,141511.17,487019.79,Delivered
BOL003352,CMA CGM,Kuehne+Nagel,Loblaws,Electronics,40RF,10,Shanghai,New York,DDP,2022-10-02,2022-11-07,2022-11-07,36,0,Yes,None,4271.36,42713.6,171811.99,291343.71,Delivered
BOL003353,CMA CGM,Panalpina,Giant Tiger,Steel Products,20RF,2,Kaohsiung,Seattle,EXW,2022-04-17,2022-05-15,2022-05-15,28,0,Yes,None,1002.72,2005.44,16908.32,378668.29,Delivered
BOL003354,Maersk,Kuehne+Nagel,Mountain Equipment,Furniture,45HC,1,Busan,New York,CIF,2024-01-02,2024-01-23,2024-01-23,21,0,Yes,None,3181.3,3181.3,16359.02,307552.18,Delivered
BOL003355,CMA CGM,DSV,Costco Canada,Apparel,20RF,10,Singapore,Miami,CIF,2024-08-14,2024-09-21,2024-09-21,38,0,Yes,None,3061.28,30612.8,77158.29,90473.88,Delivered
BOL003356,CMA CGM,CEVA Logistics,Shoppers Drug Mart,Steel Products,20RF,6,Shenzhen,Halifax,DDP,2024-01-17,2024-02-22,2024-02-22,36,0,Yes,None,4359.24,26155.44,159269.5,204903.03,Delivered
BOL003357,COSCO,DSV,Indigo Books,Furniture,45HC,6,Busan,Seattle,EXW,2023-09-15,2023-10-18,2023-10-18,33,0,Yes,None,4198.66,25191.96,135018.54,219520.94,Delivered
BOL003358,ZIM,Sinotrans,Best Buy Canada,Electronics,40HC,8,Hong Kong,Seattle,EXW,2024-11-06,2024-12-12,2024-12-12,36,0,Yes,None,2416.78,19334.24,147374.49,450340.18,Delivered
BOL003359,HMM,DB Schenker,Aldo Group,Electronics,40RF,10,Shenzhen,Houston,EXW,2024-01-19,2024-02-05,2024-02-05,17,0,Yes,None,2330.17,23301.7,114411.67,175183.82,Delivered
BOL003360,Maersk,Sinotrans,Empire Company,Textiles,40HC,3,Kaohsiung,Houston,FOB,2023-11-10,2023-12-20,2023-12-20,40,0,Yes,None,2371.58,7114.74,41075.37,309074.34,Delivered
BOL003361,Hapag-Lloyd,Nippon Express,Loblaw Companies,Apparel,40GP,9,Hong Kong,Toronto,DAP,2024-04-14,2024-04-28,2024-05-10,14,12,No,Equipment Shortage,3405.25,30647.25,214513.11,99934.66,Delayed
BOL003362,CMA CGM,DB Schenker,Walmart Canada,Auto Parts,40RF,3,Ningbo,Vancouver,CFR,2023-11-08,2023-11-22,2023-11-22,14,0,Yes,None,902.13,2706.39,57403.54,98452.46,Delivered
BOL003363,ZIM,Kuehne+Nagel,Sobeys,Machinery,40GP,8,Singapore,Montreal,CFR,2023-07-31,2023-08-30,2023-08-30,30,0,Yes,None,2198.72,17589.76,99649.47,362280.39,Delivered
BOL003364,Evergreen,DSV,Metro Inc,Auto Parts,40HC,5,Colombo,Houston,EXW,2023-10-08,2023-10-28,2023-10-28,20,0,Yes,None,2167.9,10839.5,117629.42,303163.93,Delivered
BOL003365,MSC,CEVA Logistics,Groupe Touchette,Furniture,40HC,10,Hamburg,Houston,FOB,2022-05-17,2022-06-27,2022-06-27,41,0,Yes,None,3435.54,34355.4,82925.14,279560.99,Delivered
BOL003366,Evergreen,Kuehne+Nagel,Walmart Canada,Auto Parts,20RF,8,Kaohsiung,Miami,DAP,2022-05-15,2022-06-03,2022-06-03,19,0,Yes,None,1722.88,13783.04,51641.74,48984.44,Delivered
BOL003367,Hapag-Lloyd,Nippon Express,Mountain Equipment,Electronics,40RF,6,Kaohsiung,Seattle,FOB,2022-04-21,2022-05-25,2022-05-25,34,0,Yes,None,3039.11,18234.66,83752.17,426304.11,Delivered
BOL003368,Maersk,DB Schenker,Home Depot Canada,Textiles,40HC,10,Singapore,Los Angeles,EXW,2024-01-22,2024-02-18,2024-02-23,27,5,No,Bad Weather,3520.98,35209.8,88646.86,18074.5,Delivered
BOL003369,MSC,CEVA Logistics,Aldo Group,Chemicals,45HC,9,Hong Kong,Chicago,FOB,2024-04-13,2024-05-17,2024-05-17,34,0,Yes,None,2438.88,21949.92,112157.33,27066.36,Delivered
BOL003370,Maersk,DSV,Indigo Books,Food Products,45HC,1,Kaohsiung,Miami,FOB,2023-02-24,2023-04-08,2023-04-08,43,0,Yes,None,4434.53,4434.53,24661.77,415915.52,Delivered
BOL003371,HMM,Panalpina,Groupe Touchette,Chemicals,20GP,3,Busan,Miami,EXW,2022-08-19,2022-09-15,2022-09-15,27,0,Yes,None,3823.44,11470.32,33116.24,432502.4,Delivered
BOL003372,MSC,DSV,Groupe Touchette,Chemicals,40RF,7,Rotterdam,Halifax,DAP,2022-11-24,2023-01-08,2023-01-08,45,0,Yes,None,2957.2,20700.4,171292.84,444236.25,Delivered
BOL003373,MSC,DSV,Aldo Group,Furniture,20RF,3,Busan,Houston,FOB,2022-02-28,2022-04-10,2022-04-10,41,0,Yes,None,2640.12,7920.36,23584.86,15276.93,Delivered
BOL003374,Yang Ming,Panalpina,Sobeys,Auto Parts,45HC,4,Colombo,Houston,CIF,2024-01-19,2024-02-26,2024-02-26,38,0,Yes,None,3404.43,13617.72,75282.89,441597.21,Delivered
BOL003375,COSCO,Kuehne+Nagel,Home Depot Canada,Textiles,40GP,9,Shanghai,Vancouver,FOB,2024-11-14,2024-12-15,2024-12-15,31,0,Yes,None,3521.24,31691.16,229354.08,269084.6,Delivered
BOL003376,ZIM,Kuehne+Nagel,Giant Tiger,Electronics,40HC,3,Singapore,Vancouver,DDP,2023-04-18,2023-05-16,2023-05-16,28,0,Yes,None,1571.31,4713.93,21469.59,125213.02,Delivered
BOL003377,COSCO,DB Schenker,Hudson Bay,Apparel,20RF,7,Kaohsiung,Toronto,CIF,2022-10-24,2022-12-08,2022-12-08,45,0,Yes,None,1687.96,11815.72,155054.36,247803.44,Delivered
BOL003378,HMM,Kuehne+Nagel,Reitmans,Toys,40HC,5,Hong Kong,Vancouver,CFR,2022-04-14,2022-05-07,2022-05-07,23,0,Yes,None,2720.52,13602.6,100763.03,360991.08,Delivered
BOL003379,HMM,DSV,Hudson Bay,Electronics,20GP,1,Hong Kong,Halifax,FOB,2024-04-30,2024-05-30,2024-05-30,30,0,Yes,None,3764.49,3764.49,27364.96,337621.82,Delivered
BOL003380,Evergreen,Expeditors,Loblaws,Toys,45HC,1,Busan,Vancouver,DAP,2022-12-03,2022-12-25,2022-12-25,22,0,Yes,None,3414.06,3414.06,17401.03,392777.74,Delivered
BOL003381,Evergreen,Kuehne+Nagel,Mountain Equipment,Auto Parts,40HC,8,Shenzhen,Seattle,CIF,2023-06-12,2023-06-28,2023-07-02,16,4,No,Port Congestion,2923.7,23389.6,101105.22,405354.87,Delivered
BOL003382,HMM,DSV,Mountain Equipment,Food Products,40GP,1,Kaohsiung,Seattle,CFR,2023-04-22,2023-06-01,2023-06-01,40,0,Yes,None,1102.28,1102.28,25207.32,429768.11,Delivered
BOL003383,CMA CGM,Sinotrans,Giant Tiger,Machinery,45HC,1,Ningbo,Vancouver,FOB,2024-04-07,2024-05-02,2024-05-02,25,0,Yes,None,3145.33,3145.33,14592.43,31342.75,Delivered
BOL003384,Maersk,DSV,IKEA Canada,Apparel,40HC,4,Busan,Houston,FOB,2024-06-05,2024-07-07,2024-07-07,32,0,Yes,None,2238.83,8955.32,96188.0,72655.92,Delivered
BOL003385,COSCO,Panalpina,Loblaws,Steel Products,40HC,1,Colombo,Chicago,CFR,2023-06-09,2023-07-17,2023-07-26,38,9,No,Documentation Error,2982.63,2982.63,23856.56,50483.63,Delayed
BOL003386,ZIM,Kuehne+Nagel,Loblaw Companies,Machinery,40GP,6,Shanghai,Chicago,EXW,2023-07-11,2023-08-11,2023-08-11,31,0,Yes,None,1890.55,11343.3,146284.59,332769.49,Delivered
BOL003387,Hapag-Lloyd,Panalpina,Indigo Books,Machinery,40HC,10,Shenzhen,Chicago,EXW,2024-07-06,2024-08-12,2024-08-12,37,0,Yes,None,807.01,8070.1,110462.36,198294.61,Delivered
BOL003388,Yang Ming,CEVA Logistics,Shoppers Drug Mart,Machinery,40HC,6,Colombo,Montreal,DAP,2024-09-20,2024-10-23,2024-10-23,33,0,Yes,None,1392.19,8353.14,48579.01,444816.57,Delivered
BOL003389,Evergreen,Nippon Express,Aldo Group,Food Products,20GP,8,Kaohsiung,Vancouver,DDP,2023-04-15,2023-04-30,2023-04-30,15,0,Yes,None,4235.21,33881.68,94049.26,47455.99,Delivered
BOL003390,ONE,DSV,Hudson Bay,Machinery,40GP,8,Hamburg,Vancouver,CIF,2023-11-28,2023-12-28,2023-12-28,30,0,Yes,None,2594.11,20752.88,204764.33,74928.35,Delivered
BOL003391,Hapag-Lloyd,Expeditors,Hudson Bay,Toys,40RF,4,Shenzhen,Los Angeles,CIF,2022-08-25,2022-09-18,2022-09-24,24,6,No,Port Congestion,3951.7,15806.8,82320.78,144776.67,Delayed
BOL003392,Evergreen,Nippon Express,Aldo Group,Furniture,20GP,10,Shanghai,Miami,CIF,2024-07-21,2024-08-13,2024-08-13,23,0,Yes,None,2587.16,25871.6,99802.99,243978.6,Delivered
BOL003393,ONE,Expeditors,Indigo Books,Textiles,20GP,1,Hamburg,Houston,CIF,2024-07-22,2024-08-18,2024-08-22,27,4,No,Customs Inspection,2764.62,2764.62,26069.54,102702.94,Delivered
BOL003394,HMM,Kuehne+Nagel,Home Depot Canada,Textiles,40HC,2,Colombo,Halifax,DDP,2022-11-22,2022-12-11,2022-12-11,19,0,Yes,None,3490.86,6981.72,35611.56,179866.05,Delivered
BOL003395,Evergreen,Panalpina,Groupe Touchette,Auto Parts,45HC,9,Rotterdam,Chicago,DDP,2022-07-24,2022-08-24,2022-08-24,31,0,Yes,None,1670.05,15030.45,72924.94,324837.71,Delivered
BOL003396,CMA CGM,Expeditors,Canadian Tire,Electronics,40GP,5,Kaohsiung,Seattle,EXW,2023-11-27,2023-12-23,2023-12-23,26,0,Yes,None,2886.2,14431.0,77180.48,58407.61,Delivered
BOL003397,MSC,DB Schenker,IKEA Canada,Food Products,40GP,1,Hamburg,New York,CIF,2023-01-15,2023-02-16,2023-02-16,32,0,Yes,None,4003.86,4003.86,19096.9,49713.51,Delivered
BOL003398,HMM,DB Schenker,Best Buy Canada,Electronics,40RF,8,Colombo,New York,DAP,2023-08-24,2023-09-21,2023-09-21,28,0,Yes,None,3630.14,29041.12,71410.09,134701.19,Delivered
BOL003399,MSC,Nippon Express,Hudson Bay,Steel Products,20RF,10,Ningbo,Chicago,CFR,2022-06-21,2022-07-15,2022-07-15,24,0,Yes,None,2397.19,23971.9,188030.92,48274.24,Delivered
BOL003400,CMA CGM,Kuehne+Nagel,Home Depot Canada,Textiles,40HC,3,Shenzhen,Houston,CIF,2022-11-30,2022-12-31,2022-12-31,31,0,Yes,None,4498.43,13495.29,45405.07,289564.61,Delivered
BOL003401,Maersk,DSV,Loblaws,Electronics,20GP,7,Shenzhen,Montreal,EXW,2024-08-07,2024-09-21,2024-09-21,45,0,Yes,None,2301.05,16107.35,172569.72,37609.3,Delivered
BOL003402,ZIM,CEVA Logistics,Walmart Canada,Chemicals,20GP,2,Ningbo,Houston,FOB,2022-02-12,2022-03-07,2022-03-07,23,0,Yes,None,3261.87,6523.74,15816.97,57679.07,Delivered
BOL003403,COSCO,DSV,Home Depot Canada,Machinery,20RF,6,Hamburg,New York,DAP,2022-02-09,2022-03-08,2022-03-08,27,0,Yes,None,2544.46,15266.76,73091.22,296937.36,Delivered
BOL003404,Yang Ming,Panalpina,Loblaw Companies,Auto Parts,20GP,3,Ningbo,New York,DAP,2024-01-20,2024-02-07,2024-02-07,18,0,Yes,None,1196.47,3589.41,55864.76,48116.06,Delivered
BOL003405,CMA CGM,Nippon Express,IKEA Canada,Food Products,20RF,1,Shenzhen,Toronto,CIF,2022-08-20,2022-09-08,2022-09-08,19,0,Yes,None,3552.56,3552.56,9728.32,379761.54,Delivered
BOL003406,HMM,Sinotrans,Empire Company,Furniture,45HC,5,Ningbo,Los Angeles,EXW,2022-02-20,2022-03-29,2022-03-29,37,0,Yes,None,2860.88,14304.4,132258.47,341479.58,Delivered
BOL003407,Evergreen,Panalpina,IKEA Canada,Food Products,20GP,7,Kaohsiung,Toronto,EXW,2023-11-21,2023-12-22,2023-12-22,31,0,Yes,None,3027.07,21189.49,82800.05,183411.26,Delivered
BOL003408,Yang Ming,Nippon Express,Home Depot Canada,Toys,40GP,5,Ningbo,Los Angeles,DAP,2023-08-01,2023-08-25,2023-09-08,24,14,No,Equipment Shortage,2416.86,12084.3,76967.97,198147.74,Delayed
BOL003409,ONE,DB Schenker,Loblaws,Steel Products,40HC,6,Ningbo,Toronto,DAP,2023-09-15,2023-10-27,2023-10-27,42,0,Yes,None,4276.85,25661.1,134345.73,154180.24,Delivered
BOL003410,Evergreen,Nippon Express,Aldo Group,Machinery,20GP,7,Rotterdam,Toronto,CFR,2024-01-21,2024-02-22,2024-02-22,32,0,Yes,None,1805.71,12639.97,112648.13,312518.78,Delivered
BOL003411,ONE,Panalpina,Best Buy Canada,Furniture,20GP,6,Kaohsiung,Halifax,FOB,2023-03-31,2023-04-18,2023-04-18,18,0,Yes,None,2206.28,13237.68,77364.75,445112.51,Delivered
BOL003412,Maersk,CEVA Logistics,Reitmans,Textiles,40HC,1,Hamburg,Halifax,DAP,2023-07-28,2023-08-22,2023-08-22,25,0,Yes,None,3303.39,3303.39,11005.61,421903.02,Delivered
BOL003413,Hapag-Lloyd,Nippon Express,Reitmans,Chemicals,40RF,6,Busan,Miami,EXW,2024-12-23,2025-01-21,2025-01-21,29,0,Yes,None,4101.93,24611.58,166073.04,325997.35,In Transit
BOL003414,Maersk,DB Schenker,Sport Chek,Machinery,40RF,8,Ningbo,Halifax,CIF,2024-02-04,2024-03-17,2024-03-17,42,0,Yes,None,1761.78,14094.24,104297.16,153299.73,Delivered
BOL003415,Yang Ming,Expeditors,Shoppers Drug Mart,Toys,20RF,8,Hamburg,Montreal,CIF,2024-09-04,2024-10-08,2024-10-08,34,0,Yes,None,4078.95,32631.6,137151.97,40248.09,Delivered
BOL003416,ONE,Expeditors,Aldo Group,Apparel,20RF,7,Kaohsiung,Chicago,FOB,2022-04-27,2022-05-17,2022-05-17,20,0,Yes,None,4364.64,30552.48,119112.59,391086.99,Delivered
BOL003417,MSC,Panalpina,Loblaw Companies,Electronics,40RF,10,Busan,Seattle,FOB,2022-11-22,2022-12-24,2022-12-24,32,0,Yes,None,3082.57,30825.7,85489.62,174739.76,Delivered
BOL003418,HMM,Expeditors,Home Depot Canada,Auto Parts,20RF,8,Ningbo,Toronto,DAP,2024-02-29,2024-03-26,2024-03-26,26,0,Yes,None,2098.2,16785.6,50228.2,109915.83,Delivered
BOL003419,Hapag-Lloyd,Expeditors,Canadian Tire,Apparel,45HC,5,Ningbo,Halifax,DDP,2022-02-11,2022-03-01,2022-03-01,18,0,Yes,None,3724.45,18622.25,37460.25,479318.75,Delivered
BOL003420,Hapag-Lloyd,Nippon Express,Home Depot Canada,Electronics,20GP,7,Colombo,Halifax,FOB,2024-05-25,2024-07-09,2024-07-09,45,0,Yes,None,2902.67,20318.69,150922.85,85309.9,Delivered
BOL003421,HMM,Nippon Express,Giant Tiger,Electronics,40GP,8,Rotterdam,Seattle,CFR,2022-06-08,2022-07-04,2022-07-04,26,0,Yes,None,903.44,7227.52,124622.51,269223.2,Delivered
BOL003422,Yang Ming,CEVA Logistics,Canadian Tire,Electronics,45HC,10,Hamburg,Chicago,FOB,2023-04-25,2023-06-08,2023-06-12,44,4,No,Port Congestion,3740.22,37402.2,152909.21,308712.6,Delivered
BOL003423,Yang Ming,CEVA Logistics,Home Depot Canada,Food Products,20GP,10,Ningbo,Houston,DDP,2024-03-29,2024-05-10,2024-05-10,42,0,Yes,None,3349.45,33494.5,62660.65,261680.67,Delivered
BOL003424,Maersk,Kuehne+Nagel,Loblaw Companies,Furniture,40HC,4,Shanghai,Vancouver,CIF,2024-02-13,2024-03-04,2024-03-04,20,0,Yes,None,3799.86,15199.44,23773.35,254817.36,Delivered
BOL003425,MSC,DSV,Costco Canada,Food Products,20RF,1,Shenzhen,Montreal,CFR,2022-12-13,2023-01-21,2023-01-21,39,0,Yes,None,1978.93,1978.93,24431.97,27521.71,Delivered
BOL003426,Hapag-Lloyd,Kuehne+Nagel,Home Depot Canada,Steel Products,45HC,7,Shanghai,Vancouver,EXW,2022-08-18,2022-09-01,2022-09-01,14,0,Yes,None,3079.18,21554.26,180060.47,423112.96,Delivered
BOL003427,ONE,Kuehne+Nagel,Sport Chek,Textiles,40GP,3,Ningbo,Halifax,DDP,2024-05-21,2024-06-18,2024-06-18,28,0,Yes,None,2142.37,6427.11,54151.97,136072.66,Delivered
BOL003428,Yang Ming,DB Schenker,Canadian Tire,Chemicals,45HC,1,Singapore,Halifax,EXW,2024-06-05,2024-07-17,2024-07-17,42,0,Yes,None,4010.23,4010.23,8586.47,170112.66,Delivered
BOL003429,ONE,Panalpina,Aldo Group,Toys,20RF,3,Colombo,Toronto,EXW,2023-07-19,2023-08-12,2023-08-12,24,0,Yes,None,4188.96,12566.88,72534.32,139053.52,Delivered
BOL003430,ZIM,Nippon Express,Metro Inc,Chemicals,40HC,3,Busan,Vancouver,EXW,2022-01-05,2022-01-29,2022-01-29,24,0,Yes,None,2350.04,7050.12,31912.45,193651.55,Delivered
BOL003431,CMA CGM,Sinotrans,Best Buy Canada,Electronics,40GP,3,Busan,Halifax,CIF,2024-10-16,2024-11-06,2024-11-06,21,0,Yes,None,808.81,2426.43,16147.65,54147.9,Delivered
BOL003432,Maersk,CEVA Logistics,Aldo Group,Toys,45HC,5,Hamburg,Montreal,CIF,2024-07-09,2024-08-19,2024-08-19,41,0,Yes,None,1936.72,9683.6,126707.9,97164.49,Delivered
BOL003433,HMM,Sinotrans,Hudson Bay,Food Products,20GP,10,Rotterdam,Los Angeles,FOB,2022-03-31,2022-05-03,2022-05-03,33,0,Yes,None,4183.66,41836.6,146006.25,434812.06,Delivered
BOL003434,Hapag-Lloyd,DSV,Metro Inc,Chemicals,40HC,8,Kaohsiung,Houston,DDP,2023-10-01,2023-10-19,2023-11-03,18,15,No,Port Congestion,1255.13,10041.04,116365.04,412652.26,Delayed
BOL003435,Evergreen,Expeditors,Giant Tiger,Machinery,40RF,2,Shenzhen,Houston,CIF,2023-09-16,2023-10-26,2023-10-26,40,0,Yes,None,1706.93,3413.86,47500.25,320307.16,Delivered
BOL003436,CMA CGM,DSV,Aldo Group,Toys,40GP,8,Colombo,Chicago,EXW,2022-12-24,2023-02-05,2023-02-05,43,0,Yes,None,3639.79,29118.32,118429.99,167002.45,Delivered
BOL003437,Hapag-Lloyd,Panalpina,Indigo Books,Auto Parts,40RF,1,Ningbo,Vancouver,DAP,2024-05-27,2024-06-29,2024-06-29,33,0,Yes,None,1499.69,1499.69,21779.4,362839.26,Delivered
BOL003438,Evergreen,Sinotrans,Sport Chek,Auto Parts,20RF,3,Singapore,Houston,EXW,2023-08-25,2023-09-30,2023-10-15,36,15,No,Documentation Error,4437.99,13313.97,29840.44,490307.83,Delayed
BOL003439,Hapag-Lloyd,CEVA Logistics,Loblaw Companies,Steel Products,20RF,10,Hamburg,Houston,DDP,2024-11-20,2024-12-14,2024-12-14,24,0,Yes,None,4364.09,43640.9,225991.01,409824.3,Delivered
BOL003440,ZIM,Kuehne+Nagel,Empire Company,Electronics,40RF,8,Hong Kong,Seattle,FOB,2023-03-29,2023-04-12,2023-04-12,14,0,Yes,None,3163.67,25309.36,53473.41,309630.1,Delivered
BOL003441,HMM,Kuehne+Nagel,Reitmans,Machinery,20RF,2,Hong Kong,New York,CIF,2022-08-24,2022-09-12,2022-09-12,19,0,Yes,None,3155.82,6311.64,48535.51,113813.3,Delivered
BOL003442,ZIM,Nippon Express,Mountain Equipment,Chemicals,40RF,7,Busan,Halifax,FOB,2022-08-20,2022-09-25,2022-09-25,36,0,Yes,None,2050.15,14351.05,127873.75,41460.6,Delivered
BOL003443,HMM,CEVA Logistics,IKEA Canada,Machinery,20GP,1,Shanghai,Toronto,EXW,2022-10-08,2022-10-29,2022-10-29,21,0,Yes,None,3225.49,3225.49,18882.78,416435.07,Delivered
BOL003444,Yang Ming,DB Schenker,Walmart Canada,Auto Parts,40GP,1,Ningbo,Seattle,CFR,2022-03-14,2022-04-05,2022-04-05,22,0,Yes,None,3306.14,3306.14,12725.66,287271.41,Delivered
BOL003445,Evergreen,Nippon Express,Canadian Tire,Apparel,45HC,8,Shenzhen,Chicago,DDP,2024-02-23,2024-03-20,2024-03-20,26,0,Yes,None,2343.57,18748.56,81644.12,324258.26,Delivered
BOL003446,Hapag-Lloyd,CEVA Logistics,IKEA Canada,Furniture,45HC,2,Ningbo,Miami,CFR,2023-11-27,2023-12-25,2023-12-25,28,0,Yes,None,1822.39,3644.78,22242.21,488615.6,Delivered
BOL003447,Yang Ming,Panalpina,Loblaw Companies,Toys,20GP,5,Colombo,Vancouver,EXW,2024-02-10,2024-03-11,2024-03-11,30,0,Yes,None,4279.85,21399.25,83214.38,108871.29,Delivered
BOL003448,CMA CGM,DB Schenker,Sobeys,Textiles,40RF,8,Hamburg,Houston,CFR,2023-09-29,2023-10-16,2023-10-16,17,0,Yes,None,1760.39,14083.12,142606.89,296139.23,Delivered
BOL003449,ONE,DB Schenker,Loblaws,Machinery,20RF,9,Singapore,Houston,FOB,2023-09-18,2023-10-23,2023-10-23,35,0,Yes,None,4287.65,38588.85,157442.38,101696.43,Delivered
BOL003450,COSCO,Expeditors,Mountain Equipment,Chemicals,40RF,10,Hamburg,Seattle,EXW,2022-09-08,2022-09-23,2022-09-23,15,0,Yes,None,3061.02,30610.2,77244.2,382923.18,Delivered
BOL003451,Evergreen,Expeditors,Shoppers Drug Mart,Auto Parts,20RF,7,Kaohsiung,Los Angeles,CFR,2022-03-06,2022-04-11,2022-04-11,36,0,Yes,None,2222.05,15554.35,55616.49,374593.16,Delivered
BOL003452,Yang Ming,Expeditors,Sobeys,Auto Parts,40GP,6,Ningbo,Houston,DAP,2022-01-18,2022-02-03,2022-02-03,16,0,Yes,None,3531.46,21188.76,160041.2,301474.67,Delivered
BOL003453,MSC,Panalpina,Giant Tiger,Apparel,40HC,6,Shenzhen,New York,FOB,2022-08-05,2022-08-30,2022-08-30,25,0,Yes,None,2764.09,16584.54,145957.46,405283.96,Delivered
BOL003454,MSC,Sinotrans,Shoppers Drug Mart,Chemicals,40HC,9,Kaohsiung,Los Angeles,FOB,2022-09-07,2022-10-22,2022-10-22,45,0,Yes,None,1525.62,13730.58,74408.33,154052.35,Delivered
BOL003455,ONE,Kuehne+Nagel,Groupe Touchette,Textiles,20RF,8,Kaohsiung,New York,DDP,2023-09-25,2023-10-28,2023-10-28,33,0,Yes,None,1058.69,8469.52,211452.98,123180.32,Delivered
BOL003456,Yang Ming,Kuehne+Nagel,Costco Canada,Machinery,20RF,3,Busan,Halifax,CIF,2022-04-26,2022-06-01,2022-06-01,36,0,Yes,None,2023.95,6071.85,25974.4,455220.87,Delivered
BOL003457,COSCO,Nippon Express,Sobeys,Machinery,40RF,10,Colombo,Seattle,CIF,2024-05-31,2024-06-19,2024-06-19,19,0,Yes,None,3080.63,30806.3,264667.33,216142.43,Delivered
BOL003458,Yang Ming,Kuehne+Nagel,Groupe Touchette,Food Products,40RF,8,Hong Kong,Toronto,CFR,2023-11-08,2023-11-28,2023-11-28,20,0,Yes,None,3723.68,29789.44,48673.68,299062.19,Delivered
BOL003459,Evergreen,Kuehne+Nagel,Home Depot Canada,Auto Parts,20RF,6,Singapore,Halifax,FOB,2022-09-21,2022-10-25,2022-10-25,34,0,Yes,None,2891.88,17351.28,67990.14,48573.41,Delivered
BOL003460,COSCO,Expeditors,Walmart Canada,Electronics,20RF,6,Ningbo,Vancouver,DAP,2023-10-18,2023-11-25,2023-11-25,38,0,Yes,None,1955.05,11730.3,33930.97,199551.84,Delivered
BOL003461,ONE,CEVA Logistics,Costco Canada,Food Products,40HC,2,Shenzhen,Miami,FOB,2024-04-17,2024-05-16,2024-05-16,29,0,Yes,None,2834.5,5669.0,49880.58,80860.87,Delivered
BOL003462,Hapag-Lloyd,Nippon Express,Walmart Canada,Auto Parts,45HC,2,Hong Kong,Chicago,FOB,2024-06-20,2024-07-19,2024-07-19,29,0,Yes,None,3197.55,6395.1,23384.98,151673.73,Delivered
BOL003463,ONE,Kuehne+Nagel,Costco Canada,Apparel,45HC,8,Singapore,Miami,CFR,2023-08-22,2023-09-26,2023-09-26,35,0,Yes,None,2534.85,20278.8,93545.66,327643.86,Delivered
BOL003464,Maersk,Nippon Express,Mountain Equipment,Chemicals,40HC,4,Rotterdam,New York,DAP,2024-04-02,2024-05-01,2024-05-01,29,0,Yes,None,3979.65,15918.6,107547.11,128690.42,Delivered
BOL003465,Yang Ming,Panalpina,Sport Chek,Food Products,45HC,1,Hamburg,Miami,FOB,2024-11-01,2024-12-09,2024-12-09,38,0,Yes,None,1491.3,1491.3,25845.1,174913.68,Delivered
BOL003466,Yang Ming,Kuehne+Nagel,Loblaws,Machinery,20GP,1,Busan,Los Angeles,DAP,2022-02-09,2022-03-18,2022-03-18,37,0,Yes,None,2357.19,2357.19,19174.48,192501.6,Delivered
BOL003467,HMM,CEVA Logistics,Walmart Canada,Food Products,20GP,5,Busan,Houston,FOB,2023-06-16,2023-07-04,2023-07-04,18,0,Yes,None,1523.33,7616.65,75134.44,148931.45,Delivered
BOL003468,HMM,Kuehne+Nagel,Home Depot Canada,Furniture,20GP,7,Kaohsiung,New York,DAP,2022-05-18,2022-06-10,2022-06-11,23,1,No,Equipment Shortage,3139.06,21973.42,120517.2,280186.12,Delivered
BOL003469,Maersk,Nippon Express,Home Depot Canada,Apparel,20GP,10,Rotterdam,Houston,CFR,2024-11-02,2024-11-30,2024-11-30,28,0,Yes,None,2776.86,27768.6,251307.18,73001.95,Delivered
BOL003470,CMA CGM,Kuehne+Nagel,Empire Company,Food Products,20GP,9,Hong Kong,Los Angeles,CIF,2024-01-12,2024-02-24,2024-02-24,43,0,Yes,None,918.35,8265.15,152624.18,359269.02,Delivered
BOL003471,ONE,Expeditors,Sobeys,Apparel,40GP,3,Rotterdam,Miami,DAP,2023-11-15,2023-12-07,2023-12-07,22,0,Yes,None,2688.35,8065.05,77581.55,493646.55,Delivered
BOL003472,CMA CGM,Expeditors,Aldo Group,Chemicals,45HC,5,Hamburg,Miami,EXW,2022-06-09,2022-07-06,2022-07-06,27,0,Yes,None,2906.62,14533.1,38307.9,169816.46,Delivered
BOL003473,MSC,Kuehne+Nagel,Aldo Group,Food Products,20GP,9,Rotterdam,Houston,CIF,2024-10-04,2024-11-14,2024-11-14,41,0,Yes,None,4049.14,36442.26,111341.03,379192.88,Delivered
BOL003474,Hapag-Lloyd,CEVA Logistics,Shoppers Drug Mart,Apparel,40HC,5,Shenzhen,New York,CIF,2024-07-22,2024-08-15,2024-08-15,24,0,Yes,None,2778.77,13893.85,47343.66,94356.01,Delivered
BOL003475,ONE,Sinotrans,Empire Company,Toys,40RF,8,Colombo,Seattle,EXW,2023-01-20,2023-02-15,2023-02-15,26,0,Yes,None,1951.31,15610.48,149067.04,424322.55,Delivered
BOL003476,COSCO,Panalpina,Loblaw Companies,Furniture,40GP,2,Busan,Halifax,FOB,2023-10-08,2023-11-10,2023-11-10,33,0,Yes,None,2706.54,5413.08,50887.17,497073.53,Delivered
BOL003477,Yang Ming,Sinotrans,Reitmans,Chemicals,20GP,6,Busan,Chicago,FOB,2023-10-30,2023-12-14,2023-12-14,45,0,Yes,None,1014.91,6089.46,136194.8,176816.38,Delivered
BOL003478,Evergreen,Panalpina,Hudson Bay,Machinery,45HC,4,Hamburg,Vancouver,FOB,2023-10-24,2023-12-03,2023-12-03,40,0,Yes,None,2818.4,11273.6,92606.67,153646.16,Delivered
BOL003479,HMM,Panalpina,Sport Chek,Toys,20GP,1,Ningbo,Halifax,DAP,2023-05-04,2023-06-02,2023-06-02,29,0,Yes,None,2368.55,2368.55,22860.32,415234.64,Delivered
BOL003480,Yang Ming,Nippon Express,Sobeys,Toys,45HC,8,Busan,New York,DDP,2024-05-13,2024-06-06,2024-06-06,24,0,Yes,None,3137.56,25100.48,199529.83,447063.78,Delivered
BOL003481,CMA CGM,DSV,Costco Canada,Electronics,40RF,9,Shenzhen,Montreal,FOB,2023-06-09,2023-07-12,2023-07-12,33,0,Yes,None,1732.13,15589.17,166179.81,451985.2,Delivered
BOL003482,CMA CGM,CEVA Logistics,Home Depot Canada,Electronics,20RF,3,Hamburg,New York,CIF,2022-03-14,2022-04-12,2022-04-12,29,0,Yes,None,2566.21,7698.63,62208.2,460559.42,Delivered
BOL003483,COSCO,Nippon Express,Aldo Group,Toys,45HC,6,Hamburg,Montreal,DDP,2024-06-14,2024-07-23,2024-07-23,39,0,Yes,None,1156.84,6941.04,160572.59,466726.65,Delivered
BOL003484,MSC,Kuehne+Nagel,Aldo Group,Apparel,40RF,8,Kaohsiung,Seattle,EXW,2024-12-13,2025-01-15,2025-01-15,33,0,Yes,None,3091.11,24728.88,201806.02,237968.98,In Transit
BOL003485,HMM,Expeditors,Walmart Canada,Chemicals,20RF,1,Ningbo,New York,FOB,2024-07-27,2024-08-28,2024-08-28,32,0,Yes,None,4244.78,4244.78,18544.84,454868.84,Delivered
BOL003486,COSCO,CEVA Logistics,Walmart Canada,Machinery,45HC,7,Kaohsiung,Halifax,CIF,2022-09-30,2022-11-14,2022-11-14,45,0,Yes,None,2724.83,19073.81,103531.02,485871.32,Delivered
BOL003487,MSC,Nippon Express,Canadian Tire,Machinery,20GP,4,Singapore,Vancouver,CIF,2023-04-14,2023-05-09,2023-05-16,25,7,No,Bad Weather,4485.34,17941.36,100797.23,458772.79,Delayed
BOL003488,Yang Ming,Sinotrans,Groupe Touchette,Electronics,40GP,4,Hong Kong,Seattle,CIF,2024-04-13,2024-05-20,2024-05-20,37,0,Yes,None,2048.04,8192.16,97202.28,148294.04,Delivered
BOL003489,Evergreen,Nippon Express,Reitmans,Textiles,40RF,10,Singapore,Houston,DAP,2022-05-25,2022-06-09,2022-06-09,15,0,Yes,None,1408.97,14089.7,215254.94,244148.19,Delivered
BOL003490,Hapag-Lloyd,DSV,Home Depot Canada,Chemicals,20RF,8,Busan,Houston,DAP,2024-03-26,2024-04-13,2024-04-13,18,0,Yes,None,2321.35,18570.8,109321.99,65631.78,Delivered
BOL003491,ONE,CEVA Logistics,Hudson Bay,Auto Parts,40RF,9,Kaohsiung,Halifax,FOB,2023-04-10,2023-05-01,2023-05-01,21,0,Yes,None,3119.65,28076.85,186578.78,159043.15,Delivered
BOL003492,Evergreen,DB Schenker,Loblaws,Food Products,20GP,1,Hamburg,Toronto,DDP,2022-03-07,2022-04-11,2022-04-21,35,10,No,Bad Weather,4010.3,4010.3,11432.35,488759.31,Delayed
BOL003493,MSC,Sinotrans,Sobeys,Textiles,20GP,4,Singapore,Seattle,CFR,2023-05-14,2023-06-28,2023-06-28,45,0,Yes,None,1906.08,7624.32,78281.89,162547.47,Delivered
BOL003494,HMM,Kuehne+Nagel,Canadian Tire,Furniture,45HC,10,Singapore,Los Angeles,FOB,2022-11-29,2022-12-17,2022-12-17,18,0,Yes,None,3958.16,39581.6,201643.52,369510.24,Delivered
BOL003495,Maersk,Sinotrans,Groupe Touchette,Toys,20RF,3,Hamburg,Houston,DDP,2024-10-10,2024-11-01,2024-11-01,22,0,Yes,None,1099.36,3298.08,38505.03,52578.45,Delivered
BOL003496,HMM,Kuehne+Nagel,Shoppers Drug Mart,Food Products,40RF,1,Rotterdam,Vancouver,DDP,2023-04-29,2023-05-18,2023-05-18,19,0,Yes,None,3251.02,3251.02,21711.05,144476.39,Delivered
BOL003497,COSCO,Nippon Express,Costco Canada,Food Products,40HC,6,Colombo,Miami,CIF,2024-03-22,2024-04-30,2024-04-30,39,0,Yes,None,2591.67,15550.02,166492.58,165042.84,Delivered
BOL003498,HMM,Kuehne+Nagel,Aldo Group,Steel Products,45HC,2,Shenzhen,Halifax,CIF,2024-11-13,2024-12-20,2024-12-20,37,0,Yes,None,3301.55,6603.1,54721.08,70259.31,Delivered
BOL003499,Yang Ming,DSV,Loblaws,Furniture,20GP,8,Hamburg,Halifax,DDP,2024-10-05,2024-11-12,2024-11-12,38,0,Yes,None,3156.65,25253.2,40265.74,93918.79,Delivered
BOL003500,COSCO,Sinotrans,Empire Company,Electronics,40HC,4,Colombo,Seattle,DAP,2023-11-21,2023-12-16,2023-12-16,25,0,Yes,None,800.29,3201.16,109180.51,117512.8,Delivered
BOL003501,COSCO,Expeditors,Loblaws,Toys,40RF,9,Singapore,Halifax,DDP,2023-11-29,2024-01-01,2024-01-01,33,0,Yes,None,2334.06,21006.54,178625.58,413616.51,Delivered
BOL003502,Evergreen,Nippon Express,Mountain Equipment,Toys,40GP,3,Hamburg,Toronto,EXW,2023-01-01,2023-01-15,2023-01-15,14,0,Yes,None,2198.93,6596.79,74269.45,207303.27,Delivered
BOL003503,HMM,DSV,Indigo Books,Furniture,40HC,8,Busan,Toronto,EXW,2024-12-24,2025-01-30,2025-01-30,37,0,Yes,None,3409.14,27273.12,205050.78,444544.18,In Transit
BOL003504,MSC,Sinotrans,Indigo Books,Furniture,40GP,3,Shanghai,Chicago,CIF,2023-02-25,2023-03-12,2023-03-12,15,0,Yes,None,1355.35,4066.05,38874.81,235642.49,Delivered
BOL003505,MSC,Sinotrans,Loblaw Companies,Machinery,40RF,1,Hamburg,New York,CFR,2023-09-19,2023-10-18,2023-10-18,29,0,Yes,None,2916.38,2916.38,24280.92,164448.05,Delivered
BOL003506,Maersk,CEVA Logistics,Canadian Tire,Toys,40HC,8,Ningbo,Montreal,FOB,2024-05-14,2024-06-08,2024-06-08,25,0,Yes,None,2422.05,19376.4,40449.13,490224.2,Delivered
BOL003507,Evergreen,Nippon Express,Sport Chek,Steel Products,40RF,9,Hamburg,Halifax,CFR,2022-10-23,2022-11-22,2022-11-22,30,0,Yes,None,3304.81,29743.29,133715.01,65470.78,Delivered
BOL003508,COSCO,DB Schenker,Sport Chek,Auto Parts,40GP,4,Rotterdam,Montreal,CFR,2023-05-16,2023-06-13,2023-06-13,28,0,Yes,None,2670.25,10681.0,86649.12,268221.32,Delivered
BOL003509,CMA CGM,Nippon Express,Canadian Tire,Auto Parts,40RF,7,Hong Kong,Los Angeles,EXW,2023-12-09,2023-12-30,2023-12-30,21,0,Yes,None,4377.03,30639.21,51501.9,498954.14,Delivered
BOL003510,Hapag-Lloyd,Expeditors,Walmart Canada,Steel Products,40RF,6,Rotterdam,Montreal,DAP,2023-04-28,2023-06-11,2023-06-20,44,9,No,Customs Inspection,1292.36,7754.16,110007.47,266157.05,Delayed
BOL003511,Yang Ming,CEVA Logistics,Home Depot Canada,Furniture,20RF,6,Ningbo,Miami,CFR,2023-03-04,2023-04-05,2023-04-05,32,0,Yes,None,1012.8,6076.8,84456.28,85443.86,Delivered
BOL003512,ZIM,CEVA Logistics,Home Depot Canada,Apparel,45HC,9,Busan,Halifax,CFR,2024-07-09,2024-08-17,2024-08-17,39,0,Yes,None,3957.49,35617.41,244098.27,338637.45,Delivered
BOL003513,Maersk,DB Schenker,Loblaws,Food Products,20RF,10,Hamburg,Chicago,CIF,2024-01-05,2024-02-16,2024-02-21,42,5,No,Documentation Error,1642.39,16423.9,57590.24,115611.0,Delivered
BOL003514,ONE,DSV,Reitmans,Apparel,40GP,3,Busan,Miami,CFR,2024-03-05,2024-03-26,2024-03-26,21,0,Yes,None,1834.72,5504.16,53371.2,241394.89,Delivered
BOL003515,CMA CGM,Expeditors,Sport Chek,Machinery,40GP,3,Hong Kong,Seattle,DAP,2022-08-16,2022-09-25,2022-09-25,40,0,Yes,None,2947.19,8841.57,16479.24,126726.87,Delivered
BOL003516,COSCO,CEVA Logistics,Walmart Canada,Chemicals,45HC,9,Singapore,New York,CFR,2023-12-15,2024-01-28,2024-01-28,44,0,Yes,None,1994.37,17949.33,47327.77,78536.94,Delivered
BOL003517,ONE,CEVA Logistics,Aldo Group,Apparel,40RF,10,Hong Kong,Toronto,EXW,2024-11-12,2024-12-23,2024-12-23,41,0,Yes,None,1395.87,13958.7,210372.63,141195.18,Delivered
BOL003518,Yang Ming,Sinotrans,Groupe Touchette,Machinery,40RF,10,Hong Kong,New York,CFR,2023-09-28,2023-11-10,2023-11-10,43,0,Yes,None,2604.76,26047.6,112839.93,419808.62,Delivered
BOL003519,Hapag-Lloyd,Panalpina,Home Depot Canada,Food Products,20RF,10,Ningbo,Miami,DDP,2022-07-25,2022-08-11,2022-08-11,17,0,Yes,None,3153.23,31532.3,155000.66,83254.43,Delivered
BOL003520,HMM,Expeditors,Indigo Books,Toys,45HC,1,Hamburg,Miami,DDP,2023-05-11,2023-06-09,2023-06-09,29,0,Yes,None,1302.5,1302.5,22828.81,373653.87,Delivered
BOL003521,MSC,Panalpina,Sobeys,Furniture,40GP,9,Rotterdam,Montreal,FOB,2022-03-21,2022-04-24,2022-04-24,34,0,Yes,None,2196.16,19765.44,168027.72,14787.1,Delivered
BOL003522,Evergreen,DB Schenker,Hudson Bay,Steel Products,20RF,2,Hong Kong,Halifax,DDP,2022-01-14,2022-01-31,2022-01-31,17,0,Yes,None,4318.43,8636.86,26833.61,443464.22,Delivered
BOL003523,Hapag-Lloyd,Panalpina,Costco Canada,Machinery,45HC,6,Colombo,Halifax,FOB,2023-06-14,2023-07-14,2023-07-14,30,0,Yes,None,1476.13,8856.78,55046.67,56999.1,Delivered
BOL003524,ONE,CEVA Logistics,Sobeys,Steel Products,40GP,4,Rotterdam,Halifax,FOB,2022-06-24,2022-08-05,2022-08-05,42,0,Yes,None,4269.73,17078.92,41939.08,48776.82,Delivered
BOL003525,CMA CGM,CEVA Logistics,Empire Company,Textiles,20GP,1,Shenzhen,Vancouver,DAP,2023-12-17,2024-01-27,2024-01-27,41,0,Yes,None,3906.07,3906.07,23911.11,112247.43,Delivered
BOL003526,MSC,Nippon Express,Loblaw Companies,Machinery,40GP,1,Colombo,Los Angeles,EXW,2024-10-26,2024-11-16,2024-11-16,21,0,Yes,None,3341.29,3341.29,18291.85,304553.16,Delivered
BOL003527,MSC,Panalpina,Canadian Tire,Textiles,40GP,1,Hong Kong,Los Angeles,EXW,2024-11-29,2025-01-07,2025-01-07,39,0,Yes,None,3689.01,3689.01,9303.15,150579.95,In Transit
BOL003528,COSCO,DSV,Shoppers Drug Mart,Steel Products,20RF,2,Colombo,Houston,DAP,2024-02-25,2024-03-13,2024-03-22,17,9,No,Port Congestion,1354.15,2708.3,28786.13,138710.15,Delayed
BOL003529,MSC,CEVA Logistics,Sobeys,Steel Products,40GP,9,Singapore,Seattle,CIF,2022-05-20,2022-06-20,2022-06-25,31,5,No,Documentation Error,4291.92,38627.28,216803.78,183072.34,Delivered
BOL003530,ONE,DSV,Groupe Touchette,Food Products,20RF,8,Shanghai,Toronto,FOB,2024-02-03,2024-03-04,2024-03-04,30,0,Yes,None,936.65,7493.2,113436.35,85055.98,Delivered
BOL003531,Maersk,Sinotrans,Mountain Equipment,Food Products,20GP,2,Busan,Houston,DAP,2023-07-12,2023-08-20,2023-08-20,39,0,Yes,None,1312.56,2625.12,50919.96,392225.35,Delivered
BOL003532,Yang Ming,Expeditors,Reitmans,Chemicals,20GP,6,Hong Kong,Seattle,DAP,2024-06-05,2024-06-22,2024-07-06,17,14,No,Bad Weather,3085.03,18510.18,145150.91,427759.88,Delayed
BOL003533,Maersk,Kuehne+Nagel,Loblaw Companies,Auto Parts,20RF,5,Kaohsiung,Halifax,EXW,2024-09-02,2024-10-01,2024-10-01,29,0,Yes,None,2603.8,13019.0,50961.45,84462.69,Delivered
BOL003534,Hapag-Lloyd,Kuehne+Nagel,Home Depot Canada,Auto Parts,40GP,8,Singapore,Los Angeles,CIF,2024-03-04,2024-03-19,2024-03-19,15,0,Yes,None,2363.57,18908.56,183837.53,253574.08,Delivered
BOL003535,Evergreen,Expeditors,Aldo Group,Auto Parts,45HC,3,Colombo,Vancouver,FOB,2022-06-02,2022-06-19,2022-06-19,17,0,Yes,None,1667.85,5003.55,46051.24,496095.17,Delivered
BOL003536,Evergreen,DSV,Giant Tiger,Furniture,45HC,9,Rotterdam,New York,CFR,2022-07-20,2022-08-19,2022-08-25,30,6,No,Customs Inspection,4209.07,37881.63,209630.62,111569.72,Delayed
BOL003537,Maersk,Panalpina,Mountain Equipment,Electronics,20RF,7,Hong Kong,Montreal,FOB,2022-11-11,2022-12-18,2022-12-18,37,0,Yes,None,2331.55,16320.85,120567.62,376480.03,Delivered
BOL003538,ZIM,CEVA Logistics,Reitmans,Textiles,40HC,1,Colombo,Houston,FOB,2023-03-17,2023-04-07,2023-04-07,21,0,Yes,None,4177.6,4177.6,24624.53,142083.82,Delivered
BOL003539,MSC,Sinotrans,Indigo Books,Machinery,20RF,2,Shenzhen,Houston,EXW,2024-09-11,2024-10-24,2024-11-03,43,10,No,Bad Weather,3756.69,7513.38,50476.0,490137.02,Delayed
BOL003540,Yang Ming,Panalpina,Reitmans,Food Products,20GP,1,Rotterdam,Los Angeles,DAP,2022-07-09,2022-08-13,2022-08-13,35,0,Yes,None,813.8,813.8,24217.94,460168.37,Delivered
BOL003541,HMM,CEVA Logistics,Aldo Group,Steel Products,40RF,7,Rotterdam,Houston,EXW,2023-08-18,2023-09-21,2023-09-21,34,0,Yes,None,1613.38,11293.66,184916.89,253177.88,Delivered
BOL003542,Yang Ming,DSV,Metro Inc,Food Products,40GP,4,Ningbo,Los Angeles,EXW,2022-12-12,2023-01-09,2023-01-09,28,0,Yes,None,4108.04,16432.16,71616.25,419026.13,Delivered
BOL003543,ONE,Panalpina,Home Depot Canada,Auto Parts,40GP,9,Colombo,Toronto,CIF,2022-08-09,2022-09-17,2022-09-17,39,0,Yes,None,2711.89,24407.01,128606.53,359041.55,Delivered
BOL003544,ZIM,Expeditors,Sobeys,Textiles,40GP,6,Shanghai,Los Angeles,EXW,2022-06-18,2022-07-14,2022-07-14,26,0,Yes,None,2394.6,14367.6,142501.76,473657.89,Delivered
BOL003545,Yang Ming,DB Schenker,Indigo Books,Apparel,40GP,8,Shenzhen,Seattle,CFR,2023-09-01,2023-10-04,2023-10-12,33,8,No,Documentation Error,1432.0,11456.0,72330.85,387210.83,Delayed
BOL003546,Evergreen,DSV,Sobeys,Chemicals,40RF,9,Busan,Vancouver,DDP,2022-12-15,2023-01-20,2023-01-20,36,0,Yes,None,4459.89,40139.01,238130.62,143948.27,Delivered
BOL003547,ZIM,Nippon Express,Shoppers Drug Mart,Chemicals,20GP,8,Rotterdam,Vancouver,DAP,2022-01-31,2022-03-14,2022-03-14,42,0,Yes,None,1522.63,12181.04,127707.83,291606.06,Delivered
BOL003548,ONE,Kuehne+Nagel,Shoppers Drug Mart,Machinery,40GP,5,Shanghai,Halifax,EXW,2024-09-20,2024-10-07,2024-10-07,17,0,Yes,None,1771.41,8857.05,62812.32,52301.63,Delivered
BOL003549,Yang Ming,CEVA Logistics,Giant Tiger,Apparel,40GP,9,Shanghai,Vancouver,DDP,2022-09-16,2022-10-18,2022-10-18,32,0,Yes,None,4345.3,39107.7,94037.01,278104.33,Delivered
BOL003550,Maersk,Kuehne+Nagel,Sport Chek,Apparel,40HC,6,Hong Kong,Los Angeles,EXW,2024-02-19,2024-03-20,2024-03-30,30,10,No,Bad Weather,1585.68,9514.08,63871.48,347656.6,Delayed
BOL003551,Yang Ming,Kuehne+Nagel,Walmart Canada,Textiles,40RF,5,Busan,Seattle,EXW,2023-07-20,2023-08-30,2023-08-30,41,0,Yes,None,4476.8,22384.0,65330.86,242277.0,Delivered
BOL003552,MSC,DSV,Best Buy Canada,Machinery,20RF,2,Hong Kong,Seattle,EXW,2023-02-17,2023-03-20,2023-03-20,31,0,Yes,None,857.72,1715.44,10265.26,64525.14,Delivered
BOL003553,COSCO,Sinotrans,Hudson Bay,Electronics,40RF,6,Busan,Miami,DAP,2024-01-05,2024-01-25,2024-01-25,20,0,Yes,None,2009.5,12057.0,136922.75,275891.08,Delivered
BOL003554,COSCO,Nippon Express,Loblaw Companies,Machinery,20GP,9,Shenzhen,Miami,CFR,2024-05-23,2024-06-10,2024-06-10,18,0,Yes,None,1751.79,15766.11,230222.61,264104.13,Delivered
BOL003555,Hapag-Lloyd,CEVA Logistics,IKEA Canada,Chemicals,20RF,10,Rotterdam,Chicago,FOB,2022-12-14,2023-01-09,2023-01-09,26,0,Yes,None,916.39,9163.9,263451.91,395944.8,Delivered
BOL003556,Evergreen,DB Schenker,Walmart Canada,Auto Parts,40HC,2,Colombo,Seattle,FOB,2022-01-15,2022-02-22,2022-02-22,38,0,Yes,None,3294.07,6588.14,38275.0,260696.83,Delivered
BOL003557,ONE,DB Schenker,Costco Canada,Electronics,40GP,8,Rotterdam,Halifax,EXW,2024-10-06,2024-11-13,2024-11-13,38,0,Yes,None,1478.37,11826.96,78038.09,253160.43,Delivered
BOL003558,ONE,CEVA Logistics,Costco Canada,Machinery,40HC,8,Ningbo,Miami,CFR,2024-03-01,2024-03-17,2024-03-17,16,0,Yes,None,1665.15,13321.2,78795.35,423242.91,Delivered
BOL003559,HMM,Sinotrans,Loblaw Companies,Food Products,40GP,5,Hong Kong,Halifax,EXW,2023-12-06,2024-01-02,2024-01-02,27,0,Yes,None,3920.84,19604.2,36103.22,341752.88,Delivered
BOL003560,ONE,Kuehne+Nagel,IKEA Canada,Apparel,20GP,10,Singapore,Toronto,EXW,2022-05-02,2022-06-09,2022-06-09,38,0,Yes,None,2878.16,28781.6,212515.35,86604.24,Delivered
BOL003561,Maersk,DSV,Mountain Equipment,Furniture,20RF,10,Rotterdam,Chicago,DDP,2024-03-03,2024-04-04,2024-04-04,32,0,Yes,None,3962.1,39621.0,211276.82,222762.67,Delivered
BOL003562,Hapag-Lloyd,Expeditors,Giant Tiger,Auto Parts,40GP,9,Busan,Montreal,EXW,2022-12-21,2023-01-31,2023-01-31,41,0,Yes,None,3584.16,32257.44,164061.26,99744.37,Delivered
BOL003563,ONE,Nippon Express,Loblaws,Furniture,20RF,10,Singapore,Seattle,CFR,2023-10-16,2023-11-18,2023-11-18,33,0,Yes,None,1418.73,14187.3,124988.91,324074.39,Delivered
BOL003564,Yang Ming,Sinotrans,Costco Canada,Auto Parts,20GP,3,Kaohsiung,Houston,CFR,2024-07-27,2024-09-01,2024-09-01,36,0,Yes,None,2705.18,8115.54,68609.44,261412.94,Delivered
BOL003565,Evergreen,Nippon Express,Metro Inc,Auto Parts,45HC,1,Ningbo,Vancouver,DDP,2024-10-01,2024-11-10,2024-11-10,40,0,Yes,None,1577.65,1577.65,21909.45,48355.71,Delivered
BOL003566,ONE,Expeditors,Groupe Touchette,Toys,40HC,3,Hong Kong,Chicago,EXW,2023-12-31,2024-01-27,2024-01-27,27,0,Yes,None,1072.68,3218.04,34819.79,260549.75,Delivered
BOL003567,Evergreen,Panalpina,Home Depot Canada,Chemicals,40HC,3,Busan,Houston,CIF,2024-05-20,2024-06-15,2024-06-15,26,0,Yes,None,2175.1,6525.3,34758.29,27599.76,Delivered
BOL003568,HMM,DSV,Loblaw Companies,Steel Products,40HC,7,Rotterdam,Montreal,DDP,2022-05-10,2022-06-24,2022-06-24,45,0,Yes,None,2353.91,16477.37,171823.77,470759.93,Delivered
BOL003569,Evergreen,Kuehne+Nagel,Hudson Bay,Electronics,40HC,7,Shenzhen,Toronto,CIF,2024-08-21,2024-09-10,2024-09-10,20,0,Yes,None,4098.41,28688.87,37766.81,32747.95,Delivered
BOL003570,CMA CGM,Panalpina,Reitmans,Auto Parts,40HC,2,Colombo,New York,CIF,2022-10-14,2022-11-10,2022-11-10,27,0,Yes,None,1461.81,2923.62,49567.6,214585.38,Delivered
BOL003571,Hapag-Lloyd,Nippon Express,Costco Canada,Machinery,45HC,4,Ningbo,Vancouver,EXW,2023-06-16,2023-07-06,2023-07-11,20,5,No,Customs Inspection,3123.26,12493.04,57946.34,499577.42,Delivered
BOL003572,COSCO,Kuehne+Nagel,Home Depot Canada,Textiles,40HC,2,Hamburg,Seattle,FOB,2022-08-06,2022-09-10,2022-09-10,35,0,Yes,None,3888.53,7777.06,28067.2,276344.78,Delivered
BOL003573,ONE,CEVA Logistics,Indigo Books,Chemicals,20RF,5,Rotterdam,New York,EXW,2023-12-24,2024-01-13,2024-01-13,20,0,Yes,None,1488.95,7444.75,129232.44,356069.07,Delivered
BOL003574,MSC,DB Schenker,IKEA Canada,Steel Products,40RF,10,Hong Kong,Seattle,DAP,2023-03-02,2023-03-28,2023-03-28,26,0,Yes,None,3411.09,34110.9,69907.49,439429.53,Delivered
BOL003575,CMA CGM,Expeditors,Hudson Bay,Food Products,40HC,3,Hamburg,Miami,FOB,2023-02-15,2023-03-07,2023-03-07,20,0,Yes,None,2480.06,7440.18,83172.21,284001.53,Delivered
BOL003576,COSCO,Panalpina,Aldo Group,Steel Products,40RF,10,Colombo,Miami,FOB,2023-11-07,2023-12-18,2023-12-18,41,0,Yes,None,1661.08,16610.8,193182.81,382326.41,Delivered
BOL003577,MSC,DSV,Best Buy Canada,Steel Products,45HC,10,Busan,Montreal,DDP,2022-01-26,2022-03-11,2022-03-11,44,0,Yes,None,4467.44,44674.4,180985.77,307284.53,Delivered
BOL003578,ONE,Panalpina,Sobeys,Chemicals,40GP,2,Singapore,Vancouver,FOB,2024-07-31,2024-08-31,2024-08-31,31,0,Yes,None,3014.91,6029.82,40458.47,27697.28,Delivered
BOL003579,COSCO,Sinotrans,Sport Chek,Steel Products,45HC,4,Shanghai,Los Angeles,CFR,2024-11-30,2025-01-08,2025-01-08,39,0,Yes,None,2032.97,8131.88,38648.42,440978.08,In Transit
BOL003580,Yang Ming,Sinotrans,Canadian Tire,Furniture,20RF,6,Shenzhen,Vancouver,FOB,2024-06-08,2024-07-19,2024-07-19,41,0,Yes,None,3809.79,22858.74,144999.5,141605.49,Delivered
BOL003581,Evergreen,Panalpina,Shoppers Drug Mart,Apparel,40HC,8,Hong Kong,Chicago,FOB,2023-12-28,2024-01-16,2024-01-16,19,0,Yes,None,1564.96,12519.68,152909.66,207260.85,Delivered
BOL003582,Maersk,Panalpina,Reitmans,Textiles,40GP,1,Kaohsiung,Miami,DDP,2024-06-17,2024-08-01,2024-08-01,45,0,Yes,None,4493.66,4493.66,22768.42,235864.95,Delivered
BOL003583,HMM,Kuehne+Nagel,Hudson Bay,Machinery,40HC,9,Shenzhen,Chicago,EXW,2024-02-24,2024-04-06,2024-04-06,42,0,Yes,None,1907.75,17169.75,97961.09,88942.3,Delivered
BOL003584,COSCO,DSV,Canadian Tire,Apparel,20RF,7,Shanghai,Halifax,CFR,2022-12-12,2023-01-17,2023-01-17,36,0,Yes,None,967.88,6775.16,57370.5,484777.5,Delivered
BOL003585,MSC,Nippon Express,Loblaws,Auto Parts,40HC,2,Hong Kong,Toronto,DDP,2022-04-08,2022-04-29,2022-04-29,21,0,Yes,None,1879.7,3759.4,26480.57,39196.09,Delivered
BOL003586,ZIM,Expeditors,Loblaws,Furniture,40GP,7,Rotterdam,Chicago,EXW,2023-07-13,2023-08-06,2023-08-06,24,0,Yes,None,1742.23,12195.61,178130.96,94162.09,Delivered
BOL003587,ZIM,DB Schenker,Loblaws,Machinery,40RF,7,Colombo,Vancouver,DDP,2023-01-01,2023-02-02,2023-02-02,32,0,Yes,None,848.51,5939.57,81567.04,134217.38,Delivered
BOL003588,COSCO,Kuehne+Nagel,Groupe Touchette,Furniture,40RF,7,Hamburg,Miami,FOB,2024-01-23,2024-02-21,2024-02-21,29,0,Yes,None,2753.31,19273.17,89324.71,316613.72,Delivered
BOL003589,HMM,CEVA Logistics,Hudson Bay,Toys,45HC,7,Colombo,Toronto,FOB,2022-07-29,2022-08-22,2022-08-22,24,0,Yes,None,1254.84,8783.88,76805.31,88186.01,Delivered
BOL003590,MSC,Expeditors,Shoppers Drug Mart,Apparel,40GP,6,Hong Kong,Halifax,DAP,2024-08-16,2024-08-30,2024-08-30,14,0,Yes,None,4007.1,24042.6,44009.18,417017.03,Delivered
BOL003591,Yang Ming,Nippon Express,IKEA Canada,Electronics,40RF,6,Shanghai,Montreal,EXW,2023-04-28,2023-05-19,2023-05-19,21,0,Yes,None,4112.65,24675.9,63015.67,303293.39,Delivered
BOL003592,Evergreen,CEVA Logistics,Walmart Canada,Auto Parts,40HC,4,Shenzhen,Houston,CIF,2024-09-07,2024-10-13,2024-10-13,36,0,Yes,None,2528.59,10114.36,65295.56,27384.85,Delivered
BOL003593,MSC,Sinotrans,Home Depot Canada,Apparel,45HC,5,Busan,New York,EXW,2023-02-13,2023-03-10,2023-03-16,25,6,No,Documentation Error,2446.65,12233.25,53913.7,451559.44,Delayed
BOL003594,Hapag-Lloyd,CEVA Logistics,Groupe Touchette,Auto Parts,20RF,5,Shenzhen,Houston,FOB,2024-10-27,2024-11-24,2024-11-24,28,0,Yes,None,1384.17,6920.85,72409.05,221855.25,Delivered
BOL003595,ZIM,DSV,Sport Chek,Apparel,40GP,2,Rotterdam,Miami,CIF,2023-02-27,2023-04-01,2023-04-01,33,0,Yes,None,2116.4,4232.8,27525.14,177882.45,Delivered
BOL003596,ONE,Panalpina,Metro Inc,Auto Parts,40HC,6,Busan,Los Angeles,EXW,2024-05-07,2024-06-02,2024-06-02,26,0,Yes,None,1424.43,8546.58,101075.22,323066.95,Delivered
BOL003597,COSCO,Panalpina,IKEA Canada,Auto Parts,40GP,5,Hamburg,Houston,DDP,2023-01-18,2023-03-01,2023-03-01,42,0,Yes,None,3005.53,15027.65,71727.93,487026.28,Delivered
BOL003598,MSC,DB Schenker,Canadian Tire,Chemicals,20GP,7,Ningbo,New York,EXW,2022-12-28,2023-01-18,2023-01-18,21,0,Yes,None,1888.54,13219.78,188690.59,151327.8,Delivered
BOL003599,Maersk,Kuehne+Nagel,Loblaws,Auto Parts,20GP,8,Ningbo,Seattle,DDP,2023-09-24,2023-10-24,2023-10-24,30,0,Yes,None,4092.91,32743.28,42674.36,205940.97,Delivered
BOL003600,CMA CGM,DB Schenker,Home Depot Canada,Toys,40HC,3,Rotterdam,Chicago,CIF,2023-06-02,2023-06-22,2023-06-22,20,0,Yes,None,2207.55,6622.65,56759.31,204464.36,Delivered
BOL003601,Yang Ming,Sinotrans,Empire Company,Toys,40HC,4,Hamburg,Halifax,DDP,2024-04-11,2024-05-11,2024-05-11,30,0,Yes,None,2233.82,8935.28,58472.46,327457.93,Delivered
BOL003602,CMA CGM,DB Schenker,Reitmans,Toys,45HC,4,Busan,New York,CFR,2024-09-08,2024-10-03,2024-10-03,25,0,Yes,None,817.64,3270.56,92490.87,348550.49,Delivered
BOL003603,HMM,Kuehne+Nagel,Mountain Equipment,Apparel,45HC,8,Kaohsiung,Chicago,CFR,2022-07-13,2022-08-24,2022-08-24,42,0,Yes,None,1246.32,9970.56,144267.74,44550.41,Delivered
BOL003604,CMA CGM,DB Schenker,Indigo Books,Food Products,20GP,7,Kaohsiung,Houston,FOB,2023-09-24,2023-11-06,2023-11-06,43,0,Yes,None,3534.36,24740.52,163191.06,276914.32,Delivered
BOL003605,MSC,Expeditors,Hudson Bay,Chemicals,45HC,2,Rotterdam,Miami,CFR,2022-11-19,2023-01-01,2023-01-01,43,0,Yes,None,1935.34,3870.68,13892.94,15278.96,Delivered
BOL003606,Evergreen,DSV,IKEA Canada,Electronics,20GP,9,Kaohsiung,Toronto,DDP,2022-11-20,2022-12-25,2022-12-25,35,0,Yes,None,2667.32,24005.88,209949.11,31209.86,Delivered
BOL003607,ONE,DB Schenker,Best Buy Canada,Steel Products,40GP,8,Busan,Montreal,EXW,2024-09-15,2024-10-03,2024-10-03,18,0,Yes,None,1586.52,12692.16,192981.01,328487.76,Delivered
BOL003608,Evergreen,Panalpina,Aldo Group,Steel Products,40GP,1,Ningbo,New York,CFR,2022-11-12,2022-11-28,2022-11-28,16,0,Yes,None,3720.77,3720.77,10578.03,370627.88,Delivered
BOL003609,ZIM,Nippon Express,Giant Tiger,Steel Products,40GP,10,Busan,Montreal,CIF,2022-05-19,2022-06-08,2022-06-08,20,0,Yes,None,2955.48,29554.8,225512.63,240101.65,Delivered
BOL003610,Yang Ming,DSV,Best Buy Canada,Food Products,40GP,7,Ningbo,Halifax,EXW,2024-03-09,2024-04-20,2024-04-20,42,0,Yes,None,828.45,5799.15,123768.92,153594.27,Delivered
BOL003611,COSCO,DSV,Reitmans,Apparel,40HC,8,Shanghai,Miami,EXW,2023-06-08,2023-07-08,2023-07-08,30,0,Yes,None,1801.79,14414.32,44349.44,207437.29,Delivered
BOL003612,Evergreen,DSV,Best Buy Canada,Auto Parts,20RF,9,Colombo,Chicago,CFR,2022-09-10,2022-10-22,2022-10-22,42,0,Yes,None,1092.8,9835.2,88156.64,382008.71,Delivered
BOL003613,Hapag-Lloyd,DSV,Canadian Tire,Steel Products,20RF,7,Shanghai,Seattle,EXW,2022-06-22,2022-07-13,2022-07-26,21,13,No,Equipment Shortage,1721.98,12053.86,66398.1,316568.02,Delayed
BOL003614,COSCO,Kuehne+Nagel,Loblaws,Machinery,45HC,2,Shanghai,Los Angeles,DDP,2023-08-03,2023-09-01,2023-09-01,29,0,Yes,None,3855.39,7710.78,37167.45,289486.69,Delivered
BOL003615,MSC,Expeditors,Loblaw Companies,Food Products,40GP,7,Colombo,Houston,CIF,2024-04-18,2024-05-07,2024-05-07,19,0,Yes,None,3792.97,26550.79,78954.24,38526.36,Delivered
BOL003616,Yang Ming,Panalpina,Indigo Books,Furniture,40RF,6,Busan,Seattle,CIF,2024-11-02,2024-11-22,2024-11-22,20,0,Yes,None,2586.28,15517.68,121732.88,47464.38,Delivered
BOL003617,ZIM,Sinotrans,Best Buy Canada,Textiles,40HC,9,Busan,Houston,FOB,2023-07-03,2023-07-24,2023-07-24,21,0,Yes,None,1578.24,14204.16,117434.0,403212.54,Delivered
BOL003618,MSC,Kuehne+Nagel,Aldo Group,Electronics,20RF,5,Kaohsiung,Toronto,CIF,2023-08-03,2023-09-03,2023-09-03,31,0,Yes,None,3781.88,18909.4,37234.8,103132.08,Delivered
BOL003619,Hapag-Lloyd,Expeditors,Loblaw Companies,Food Products,20GP,9,Shanghai,Vancouver,FOB,2023-11-25,2023-12-30,2023-12-30,35,0,Yes,None,2160.26,19442.34,61811.85,69163.18,Delivered
BOL003620,COSCO,Panalpina,IKEA Canada,Apparel,20RF,7,Singapore,Toronto,CIF,2024-01-30,2024-02-28,2024-02-28,29,0,Yes,None,2684.68,18792.76,117150.06,17225.52,Delivered
BOL003621,CMA CGM,DSV,Reitmans,Toys,45HC,7,Colombo,Halifax,CFR,2024-05-28,2024-06-25,2024-06-25,28,0,Yes,None,2262.28,15835.96,58000.4,56589.41,Delivered
BOL003622,ONE,Nippon Express,Loblaws,Apparel,20RF,4,Hamburg,Toronto,FOB,2024-08-17,2024-09-29,2024-09-29,43,0,Yes,None,3921.88,15687.52,68924.23,160514.12,Delivered
BOL003623,COSCO,DSV,Home Depot Canada,Furniture,40GP,9,Shenzhen,Chicago,EXW,2023-04-22,2023-05-06,2023-05-06,14,0,Yes,None,1409.06,12681.54,64533.65,65730.91,Delivered
BOL003624,HMM,CEVA Logistics,Empire Company,Food Products,40HC,7,Ningbo,Houston,CIF,2023-04-25,2023-05-10,2023-05-10,15,0,Yes,None,2898.22,20287.54,120736.48,298463.44,Delivered
BOL003625,HMM,Expeditors,Home Depot Canada,Chemicals,20RF,10,Singapore,Vancouver,FOB,2022-02-13,2022-03-04,2022-03-04,19,0,Yes,None,1636.49,16364.9,113654.44,13543.73,Delivered
BOL003626,Yang Ming,Sinotrans,Loblaws,Textiles,45HC,7,Shenzhen,Miami,DDP,2022-03-31,2022-04-27,2022-04-27,27,0,Yes,None,1060.98,7426.86,35668.94,354392.24,Delivered
BOL003627,COSCO,Sinotrans,Sport Chek,Apparel,20GP,10,Colombo,Vancouver,CFR,2023-09-29,2023-10-21,2023-10-21,22,0,Yes,None,2732.17,27321.7,79090.02,161665.71,Delivered
BOL003628,ZIM,Sinotrans,IKEA Canada,Furniture,40HC,1,Singapore,Seattle,FOB,2022-10-14,2022-11-11,2022-11-11,28,0,Yes,None,2008.3,2008.3,15118.46,426813.95,Delivered
BOL003629,MSC,Expeditors,Hudson Bay,Toys,20RF,2,Kaohsiung,Chicago,DDP,2023-02-06,2023-03-17,2023-03-17,39,0,Yes,None,2310.21,4620.42,53715.46,484591.8,Delivered
BOL003630,CMA CGM,Panalpina,Reitmans,Apparel,40RF,7,Busan,Seattle,DDP,2022-05-20,2022-06-04,2022-06-04,15,0,Yes,None,2366.87,16568.09,167636.46,461619.37,Delivered
BOL003631,CMA CGM,Panalpina,Sport Chek,Food Products,40HC,8,Hamburg,Vancouver,EXW,2023-03-18,2023-04-23,2023-05-02,36,9,No,Port Congestion,945.76,7566.08,199056.0,189431.1,Delayed
BOL003632,MSC,CEVA Logistics,Sobeys,Furniture,40HC,7,Shenzhen,Vancouver,FOB,2024-02-26,2024-03-28,2024-03-28,31,0,Yes,None,2242.1,15694.7,108665.63,174233.84,Delivered
BOL003633,Yang Ming,DB Schenker,Shoppers Drug Mart,Furniture,20RF,10,Kaohsiung,Los Angeles,EXW,2022-08-03,2022-08-18,2022-08-18,15,0,Yes,None,1509.52,15095.2,134461.07,217153.49,Delivered
BOL003634,COSCO,Kuehne+Nagel,Indigo Books,Electronics,20GP,4,Colombo,Chicago,CFR,2023-12-08,2024-01-20,2024-01-20,43,0,Yes,None,1493.87,5975.48,100201.31,307625.57,Delivered
BOL003635,Hapag-Lloyd,Nippon Express,Groupe Touchette,Furniture,40RF,9,Singapore,New York,CIF,2024-10-29,2024-12-09,2024-12-09,41,0,Yes,None,3539.59,31856.31,84573.88,14920.52,Delivered
BOL003636,Evergreen,DSV,Walmart Canada,Electronics,20GP,1,Colombo,Halifax,CFR,2024-02-05,2024-03-03,2024-03-03,27,0,Yes,None,1038.83,1038.83,10530.16,451501.9,Delivered
BOL003637,MSC,Sinotrans,Shoppers Drug Mart,Machinery,45HC,6,Kaohsiung,Toronto,FOB,2022-01-16,2022-02-02,2022-02-02,17,0,Yes,None,2850.34,17102.04,145051.37,460737.41,Delivered
BOL003638,HMM,DB Schenker,Canadian Tire,Chemicals,45HC,9,Kaohsiung,Toronto,CFR,2023-11-13,2023-11-27,2023-11-27,14,0,Yes,None,2607.24,23465.16,184222.71,410263.02,Delivered
BOL003639,Evergreen,Expeditors,Loblaws,Textiles,45HC,10,Shenzhen,Montreal,DAP,2024-08-02,2024-08-16,2024-08-16,14,0,Yes,None,3977.35,39773.5,228880.41,383723.05,Delivered
BOL003640,ZIM,Sinotrans,Hudson Bay,Toys,45HC,2,Hamburg,Vancouver,EXW,2024-02-19,2024-03-12,2024-03-12,22,0,Yes,None,2328.15,4656.3,18917.15,477254.76,Delivered
BOL003641,COSCO,Kuehne+Nagel,Loblaws,Apparel,20GP,6,Hamburg,Montreal,DDP,2023-09-05,2023-09-30,2023-09-30,25,0,Yes,None,3962.05,23772.3,127609.6,319933.37,Delivered
BOL003642,ONE,DB Schenker,Indigo Books,Electronics,45HC,8,Hamburg,Houston,EXW,2022-10-11,2022-11-10,2022-11-10,30,0,Yes,None,931.15,7449.2,47023.73,271278.55,Delivered
BOL003643,Yang Ming,Panalpina,Groupe Touchette,Toys,20GP,9,Colombo,Montreal,CFR,2023-06-28,2023-07-30,2023-07-30,32,0,Yes,None,3548.36,31935.24,210298.86,375474.19,Delivered
BOL003644,Hapag-Lloyd,Expeditors,Best Buy Canada,Furniture,20GP,10,Singapore,Vancouver,FOB,2022-02-21,2022-03-13,2022-03-13,20,0,Yes,None,1543.34,15433.4,156099.24,224736.58,Delivered
BOL003645,Hapag-Lloyd,Nippon Express,Empire Company,Food Products,40RF,3,Singapore,Toronto,CIF,2023-07-21,2023-08-23,2023-08-23,33,0,Yes,None,2819.57,8458.71,67734.42,46828.78,Delivered
BOL003646,Evergreen,CEVA Logistics,Metro Inc,Auto Parts,40HC,8,Ningbo,Seattle,FOB,2024-12-27,2025-02-06,2025-02-06,41,0,Yes,None,4229.86,33838.88,74033.28,211169.56,In Transit
BOL003647,Maersk,Sinotrans,Empire Company,Steel Products,40HC,7,Ningbo,Vancouver,EXW,2023-05-11,2023-06-13,2023-06-13,33,0,Yes,None,3224.62,22572.34,80613.25,452416.24,Delivered
BOL003648,HMM,DSV,Groupe Touchette,Apparel,40RF,4,Shanghai,Halifax,DDP,2024-05-07,2024-05-27,2024-05-27,20,0,Yes,None,1011.78,4047.12,103040.69,287474.83,Delivered
BOL003649,Yang Ming,Sinotrans,Sobeys,Furniture,20GP,10,Busan,Houston,EXW,2024-03-23,2024-05-04,2024-05-04,42,0,Yes,None,2924.79,29247.9,77163.52,378653.51,Delivered
BOL003650,ONE,DSV,Canadian Tire,Electronics,20GP,3,Kaohsiung,Houston,FOB,2022-09-30,2022-10-18,2022-10-19,18,1,No,Documentation Error,2748.69,8246.07,38905.0,381471.64,Delivered
BOL003651,ONE,CEVA Logistics,Hudson Bay,Food Products,45HC,4,Ningbo,Seattle,CIF,2023-09-02,2023-10-03,2023-10-03,31,0,Yes,None,952.67,3810.68,103494.95,366264.04,Delivered
BOL003652,Evergreen,Expeditors,Best Buy Canada,Toys,20RF,3,Shanghai,Houston,FOB,2022-12-02,2022-12-23,2022-12-23,21,0,Yes,None,3842.8,11528.4,53733.97,286581.07,Delivered
BOL003653,HMM,Nippon Express,IKEA Canada,Auto Parts,40RF,8,Singapore,Montreal,CIF,2024-09-06,2024-10-15,2024-10-15,39,0,Yes,None,1483.53,11868.24,163606.15,116105.21,Delivered
BOL003654,Hapag-Lloyd,DSV,Metro Inc,Apparel,20RF,5,Busan,Los Angeles,EXW,2024-09-13,2024-10-20,2024-10-20,37,0,Yes,None,4261.42,21307.1,69616.29,277192.51,Delivered
BOL003655,Yang Ming,Nippon Express,Shoppers Drug Mart,Chemicals,20RF,9,Hamburg,Chicago,CFR,2022-11-16,2022-12-26,2023-01-06,40,11,No,Documentation Error,3494.2,31447.8,228714.35,226240.73,Delayed
BOL003656,COSCO,Panalpina,Aldo Group,Furniture,20GP,10,Singapore,Miami,DDP,2024-02-01,2024-03-11,2024-03-11,39,0,Yes,None,1464.1,14641.0,81635.52,288232.12,Delivered
BOL003657,ZIM,Expeditors,Sport Chek,Toys,40RF,9,Shenzhen,Montreal,CFR,2022-07-06,2022-08-14,2022-08-14,39,0,Yes,None,2614.98,23534.82,228168.02,169856.37,Delivered
BOL003658,ZIM,Kuehne+Nagel,Costco Canada,Apparel,45HC,8,Busan,Halifax,FOB,2023-06-16,2023-07-04,2023-07-04,18,0,Yes,None,2432.88,19463.04,121870.01,209718.23,Delivered
BOL003659,COSCO,Nippon Express,Sport Chek,Textiles,40GP,8,Shanghai,Miami,CFR,2024-12-08,2025-01-19,2025-01-19,42,0,Yes,None,2599.87,20798.96,144608.44,214906.56,In Transit
BOL003660,CMA CGM,Expeditors,Sport Chek,Furniture,40RF,1,Singapore,Miami,FOB,2023-08-03,2023-08-28,2023-08-28,25,0,Yes,None,3259.31,3259.31,24351.05,240626.0,Delivered
BOL003661,MSC,DB Schenker,IKEA Canada,Machinery,40RF,7,Shenzhen,Los Angeles,FOB,2023-06-21,2023-07-31,2023-07-31,40,0,Yes,None,3972.96,27810.72,159275.73,179607.9,Delivered
BOL003662,Yang Ming,CEVA Logistics,Sobeys,Electronics,40RF,7,Singapore,Miami,FOB,2024-10-24,2024-12-07,2024-12-07,44,0,Yes,None,3245.45,22718.15,103780.64,396041.48,Delivered
BOL003663,Yang Ming,DSV,Loblaw Companies,Machinery,20GP,2,Ningbo,Los Angeles,FOB,2023-12-18,2024-01-16,2024-01-16,29,0,Yes,None,4484.26,8968.52,47482.3,174039.05,Delivered
BOL003664,MSC,DB Schenker,IKEA Canada,Food Products,40RF,10,Busan,Houston,CFR,2024-03-01,2024-04-07,2024-04-07,37,0,Yes,None,2136.79,21367.9,161853.15,231645.42,Delivered
BOL003665,MSC,CEVA Logistics,Metro Inc,Machinery,45HC,2,Shanghai,Los Angeles,CFR,2022-01-12,2022-02-06,2022-02-06,25,0,Yes,None,1105.41,2210.82,40015.45,255238.39,Delivered
BOL003666,COSCO,Kuehne+Nagel,Aldo Group,Furniture,40HC,6,Busan,Los Angeles,CIF,2022-03-07,2022-04-06,2022-04-14,30,8,No,Bad Weather,2452.6,14715.6,97052.64,152155.37,Delayed
BOL003667,HMM,CEVA Logistics,Mountain Equipment,Textiles,20GP,9,Kaohsiung,Chicago,CIF,2023-01-21,2023-02-12,2023-02-12,22,0,Yes,None,3730.46,33574.14,176358.06,213787.45,Delivered
BOL003668,Hapag-Lloyd,Nippon Express,Loblaw Companies,Chemicals,45HC,4,Hong Kong,Montreal,DAP,2024-12-09,2025-01-09,2025-01-09,31,0,Yes,None,1311.37,5245.48,110205.65,232046.28,In Transit
BOL003669,HMM,CEVA Logistics,Walmart Canada,Textiles,40GP,5,Singapore,Houston,CFR,2022-08-08,2022-09-03,2022-09-03,26,0,Yes,None,4184.63,20923.15,70122.91,308974.99,Delivered
BOL003670,Yang Ming,Nippon Express,Shoppers Drug Mart,Machinery,20RF,5,Rotterdam,Los Angeles,DAP,2024-02-17,2024-03-27,2024-03-27,39,0,Yes,None,2529.27,12646.35,47820.21,36781.9,Delivered
BOL003671,HMM,Expeditors,Empire Company,Furniture,45HC,4,Ningbo,Toronto,DAP,2022-12-30,2023-01-30,2023-01-30,31,0,Yes,None,1103.79,4415.16,86964.21,345316.65,Delivered
BOL003672,COSCO,Sinotrans,Costco Canada,Chemicals,40GP,1,Shenzhen,Los Angeles,FOB,2022-04-01,2022-04-20,2022-04-20,19,0,Yes,None,1472.18,1472.18,22293.55,177204.81,Delivered
BOL003673,COSCO,Panalpina,Sobeys,Toys,20GP,7,Shanghai,Toronto,DAP,2024-11-09,2024-12-10,2024-12-10,31,0,Yes,None,3276.1,22932.7,61592.38,122665.45,Delivered
BOL003674,COSCO,Sinotrans,Hudson Bay,Machinery,40GP,3,Singapore,Seattle,CIF,2022-06-08,2022-06-25,2022-06-25,17,0,Yes,None,4366.73,13100.19,44732.9,243147.05,Delivered
BOL003675,Evergreen,DSV,Mountain Equipment,Auto Parts,45HC,5,Busan,Los Angeles,CFR,2024-08-15,2024-09-14,2024-09-14,30,0,Yes,None,4487.2,22436.0,50212.33,390458.76,Delivered
BOL003676,HMM,Panalpina,Loblaws,Food Products,45HC,4,Ningbo,Vancouver,DDP,2023-05-13,2023-06-24,2023-06-24,42,0,Yes,None,1003.96,4015.84,52708.29,177998.59,Delivered
BOL003677,COSCO,DB Schenker,Costco Canada,Steel Products,20GP,3,Hong Kong,Montreal,CFR,2024-05-09,2024-06-01,2024-06-01,23,0,Yes,None,3317.3,9951.9,75669.06,83135.48,Delivered
BOL003678,ZIM,DB Schenker,Sobeys,Electronics,40HC,2,Shanghai,Miami,DAP,2023-02-26,2023-03-13,2023-03-13,15,0,Yes,None,1272.14,2544.28,45675.46,171625.5,Delivered
BOL003679,MSC,Panalpina,Best Buy Canada,Apparel,40HC,5,Kaohsiung,Seattle,CIF,2023-09-07,2023-10-07,2023-10-07,30,0,Yes,None,3523.67,17618.35,134196.43,169681.12,Delivered
BOL003680,Evergreen,DSV,Indigo Books,Steel Products,20GP,3,Kaohsiung,Miami,EXW,2024-04-30,2024-06-14,2024-06-14,45,0,Yes,None,1904.39,5713.17,41717.09,154880.29,Delivered
BOL003681,ZIM,DB Schenker,Costco Canada,Furniture,20GP,10,Hong Kong,Montreal,DAP,2024-01-31,2024-02-27,2024-02-27,27,0,Yes,None,853.88,8538.8,247084.96,281846.71,Delivered
BOL003682,Evergreen,CEVA Logistics,Hudson Bay,Textiles,45HC,2,Shanghai,Los Angeles,DAP,2024-08-27,2024-10-02,2024-10-02,36,0,Yes,None,3041.98,6083.96,27887.98,100286.48,Delivered
BOL003683,Maersk,DSV,Sport Chek,Apparel,20RF,8,Kaohsiung,Halifax,CFR,2024-09-27,2024-10-26,2024-11-02,29,7,No,Bad Weather,954.87,7638.96,159352.99,413920.43,Delayed
BOL003684,COSCO,CEVA Logistics,Canadian Tire,Toys,40GP,10,Shenzhen,Vancouver,FOB,2023-03-28,2023-04-26,2023-04-26,29,0,Yes,None,2033.25,20332.5,56122.57,45840.38,Delivered
BOL003685,HMM,CEVA Logistics,Canadian Tire,Chemicals,20GP,6,Kaohsiung,New York,DAP,2022-03-24,2022-04-15,2022-04-15,22,0,Yes,None,1672.42,10034.52,133472.38,30832.29,Delivered
BOL003686,CMA CGM,Kuehne+Nagel,Mountain Equipment,Machinery,45HC,2,Hamburg,Montreal,DAP,2023-08-20,2023-09-30,2023-09-30,41,0,Yes,None,3892.44,7784.88,10713.39,55158.07,Delivered
BOL003687,ZIM,Nippon Express,Hudson Bay,Food Products,45HC,7,Colombo,Houston,FOB,2022-09-07,2022-10-22,2022-10-22,45,0,Yes,None,1999.52,13996.64,153531.2,262299.67,Delivered
BOL003688,Evergreen,CEVA Logistics,Giant Tiger,Furniture,40HC,1,Shanghai,Miami,DDP,2023-02-08,2023-03-01,2023-03-01,21,0,Yes,None,1368.8,1368.8,12023.58,436503.64,Delivered
BOL003689,Hapag-Lloyd,Sinotrans,Indigo Books,Food Products,40RF,7,Hong Kong,Miami,CFR,2023-12-17,2024-01-09,2024-01-23,23,14,No,Port Congestion,3051.14,21357.98,76403.27,385617.62,Delayed
BOL003690,Hapag-Lloyd,CEVA Logistics,Walmart Canada,Electronics,40RF,5,Ningbo,Montreal,FOB,2024-08-14,2024-09-22,2024-09-22,39,0,Yes,None,2323.42,11617.1,123545.49,68852.16,Delivered
BOL003691,Evergreen,DB Schenker,Costco Canada,Textiles,40HC,4,Shanghai,Seattle,CIF,2022-08-13,2022-09-09,2022-09-22,27,13,No,Equipment Shortage,2455.18,9820.72,44952.32,368514.99,Delayed
BOL003692,Evergreen,CEVA Logistics,Shoppers Drug Mart,Auto Parts,40RF,9,Ningbo,Los Angeles,EXW,2022-10-29,2022-12-02,2022-12-02,34,0,Yes,None,3352.28,30170.52,91203.1,219474.27,Delivered
BOL003693,Maersk,Panalpina,Walmart Canada,Electronics,45HC,7,Rotterdam,Vancouver,FOB,2022-08-25,2022-09-29,2022-09-29,35,0,Yes,None,2165.59,15159.13,121779.26,216554.33,Delivered
BOL003694,COSCO,CEVA Logistics,Empire Company,Steel Products,40GP,5,Busan,Chicago,FOB,2022-06-26,2022-07-17,2022-07-17,21,0,Yes,None,2648.44,13242.2,111498.08,315343.04,Delivered
BOL003695,Maersk,Panalpina,Sobeys,Electronics,45HC,4,Hong Kong,Montreal,CFR,2022-09-20,2022-10-29,2022-10-29,39,0,Yes,None,1118.92,4475.68,49442.91,352665.47,Delivered
BOL003696,Evergreen,DSV,Reitmans,Toys,40RF,4,Colombo,Los Angeles,FOB,2024-10-17,2024-11-21,2024-11-21,35,0,Yes,None,1205.7,4822.8,105465.72,119452.61,Delivered
BOL003697,COSCO,Kuehne+Nagel,Empire Company,Chemicals,40RF,6,Shenzhen,New York,DDP,2023-07-17,2023-08-16,2023-08-16,30,0,Yes,None,861.16,5166.96,122132.23,319196.54,Delivered
BOL003698,Evergreen,Kuehne+Nagel,Canadian Tire,Toys,45HC,5,Hamburg,New York,DDP,2023-09-25,2023-10-20,2023-10-20,25,0,Yes,None,4465.98,22329.9,77160.6,42205.55,Delivered
BOL003699,ZIM,CEVA Logistics,Home Depot Canada,Steel Products,20GP,6,Shenzhen,Los Angeles,CIF,2022-04-07,2022-05-18,2022-05-18,41,0,Yes,None,1889.71,11338.26,129950.59,286836.15,Delivered
BOL003700,HMM,DSV,Walmart Canada,Electronics,40RF,8,Kaohsiung,Halifax,DAP,2024-12-29,2025-01-21,2025-01-21,23,0,Yes,None,2531.15,20249.2,116985.7,389548.07,In Transit
BOL003701,COSCO,DB Schenker,Groupe Touchette,Furniture,20GP,10,Shenzhen,Vancouver,CFR,2022-08-26,2022-10-06,2022-10-06,41,0,Yes,None,4387.66,43876.6,138371.22,433290.42,Delivered
BOL003702,ONE,Expeditors,Sport Chek,Auto Parts,45HC,5,Kaohsiung,Seattle,CIF,2022-06-28,2022-07-13,2022-07-13,15,0,Yes,None,1611.68,8058.4,89640.28,126351.6,Delivered
BOL003703,MSC,Sinotrans,Sport Chek,Toys,40GP,9,Colombo,Miami,EXW,2022-08-20,2022-09-19,2022-09-19,30,0,Yes,None,3129.05,28161.45,129468.95,293644.11,Delivered
BOL003704,Maersk,DB Schenker,Groupe Touchette,Food Products,40HC,10,Ningbo,Los Angeles,CFR,2023-03-23,2023-04-22,2023-04-22,30,0,Yes,None,4349.75,43497.5,265346.94,337076.74,Delivered
BOL003705,ONE,DSV,IKEA Canada,Food Products,20GP,1,Colombo,Seattle,DDP,2023-11-24,2023-12-29,2023-12-29,35,0,Yes,None,1533.16,1533.16,24161.21,272003.91,Delivered
BOL003706,Evergreen,Nippon Express,Hudson Bay,Apparel,20GP,9,Colombo,Montreal,CFR,2023-08-17,2023-09-06,2023-09-06,20,0,Yes,None,2715.61,24440.49,219462.26,152227.74,Delivered
BOL003707,COSCO,Sinotrans,Home Depot Canada,Apparel,20RF,4,Busan,Los Angeles,CFR,2022-12-02,2023-01-13,2023-01-27,42,14,No,Equipment Shortage,1867.66,7470.64,65696.46,419306.37,Delayed
BOL003708,Evergreen,DSV,Sobeys,Food Products,40RF,2,Shanghai,Seattle,FOB,2024-08-28,2024-09-16,2024-10-01,19,15,No,Equipment Shortage,1241.06,2482.12,20391.74,31295.29,Delayed
BOL003709,Maersk,Expeditors,IKEA Canada,Electronics,45HC,10,Shanghai,Toronto,FOB,2023-10-17,2023-11-29,2023-12-12,43,13,No,Port Congestion,1045.5,10455.0,112558.8,268947.69,Delayed
BOL003710,CMA CGM,Kuehne+Nagel,Reitmans,Apparel,20RF,10,Busan,Halifax,EXW,2022-05-01,2022-05-25,2022-05-25,24,0,Yes,None,868.2,8682.0,260613.07,49047.68,Delivered
BOL003711,Yang Ming,Sinotrans,Empire Company,Apparel,40GP,5,Singapore,Houston,CFR,2022-11-04,2022-12-17,2022-12-17,43,0,Yes,None,1867.78,9338.9,99186.54,358233.06,Delivered
BOL003712,ZIM,Kuehne+Nagel,Groupe Touchette,Electronics,20RF,4,Hamburg,Chicago,DDP,2022-07-22,2022-08-28,2022-08-28,37,0,Yes,None,1563.53,6254.12,56539.92,170864.38,Delivered
BOL003713,Evergreen,Panalpina,Sport Chek,Textiles,20RF,3,Colombo,New York,CIF,2023-08-20,2023-10-02,2023-10-14,43,12,No,Port Congestion,3380.17,10140.51,57019.05,17317.99,Delayed
BOL003714,HMM,DB Schenker,Sport Chek,Steel Products,40RF,10,Rotterdam,Miami,FOB,2024-05-14,2024-06-04,2024-06-04,21,0,Yes,None,2200.82,22008.2,253989.44,76451.92,Delivered
BOL003715,Yang Ming,Nippon Express,Giant Tiger,Chemicals,20RF,7,Singapore,Montreal,CFR,2024-07-26,2024-09-06,2024-09-06,42,0,Yes,None,3375.31,23627.17,95669.59,233416.08,Delivered
BOL003716,CMA CGM,Nippon Express,IKEA Canada,Auto Parts,40GP,9,Rotterdam,Montreal,DDP,2023-10-17,2023-11-29,2023-11-29,43,0,Yes,None,858.0,7722.0,231807.07,165870.54,Delivered
BOL003717,COSCO,Nippon Express,Shoppers Drug Mart,Textiles,45HC,5,Rotterdam,Seattle,DAP,2023-04-27,2023-05-25,2023-05-25,28,0,Yes,None,3357.48,16787.4,131558.43,362259.38,Delivered
BOL003718,MSC,Kuehne+Nagel,Loblaw Companies,Toys,20RF,6,Hong Kong,Los Angeles,CIF,2022-04-17,2022-05-29,2022-05-29,42,0,Yes,None,1767.62,10605.72,85564.18,374501.09,Delivered
BOL003719,Maersk,Panalpina,Hudson Bay,Furniture,20RF,8,Colombo,Montreal,DDP,2023-05-25,2023-06-21,2023-06-21,27,0,Yes,None,3317.63,26541.04,147416.93,401469.4,Delivered
BOL003720,HMM,CEVA Logistics,Home Depot Canada,Steel Products,40GP,1,Shanghai,Seattle,DDP,2023-11-15,2023-12-30,2023-12-30,45,0,Yes,None,2694.65,2694.65,17362.03,254101.78,Delivered
BOL003721,MSC,Nippon Express,Empire Company,Steel Products,40RF,2,Singapore,Halifax,DAP,2024-05-04,2024-05-26,2024-05-26,22,0,Yes,None,2079.44,4158.88,22973.66,388735.44,Delivered
BOL003722,COSCO,Expeditors,Sport Chek,Chemicals,45HC,2,Singapore,Halifax,CFR,2022-01-07,2022-02-08,2022-02-08,32,0,Yes,None,1213.67,2427.34,30232.9,387931.14,Delivered
BOL003723,ZIM,Sinotrans,Walmart Canada,Furniture,40RF,1,Ningbo,Miami,EXW,2023-06-09,2023-07-05,2023-07-05,26,0,Yes,None,4388.71,4388.71,10764.06,214599.59,Delivered
BOL003724,ZIM,Kuehne+Nagel,Aldo Group,Electronics,40RF,4,Rotterdam,Miami,FOB,2022-12-02,2023-01-16,2023-01-16,45,0,Yes,None,1327.91,5311.64,29295.94,438527.9,Delivered
BOL003725,Maersk,CEVA Logistics,Metro Inc,Toys,20GP,5,Kaohsiung,Los Angeles,FOB,2024-11-12,2024-12-25,2024-12-25,43,0,Yes,None,3708.33,18541.65,107318.39,290411.69,Delivered
BOL003726,MSC,DSV,IKEA Canada,Apparel,20RF,10,Singapore,Miami,DAP,2022-11-03,2022-11-28,2022-11-28,25,0,Yes,None,3197.04,31970.4,57441.77,27123.99,Delivered
BOL003727,CMA CGM,Panalpina,Shoppers Drug Mart,Auto Parts,20GP,5,Hong Kong,Vancouver,CIF,2022-07-04,2022-08-17,2022-08-17,44,0,Yes,None,2308.51,11542.55,133551.66,188464.99,Delivered
BOL003728,Yang Ming,Sinotrans,Metro Inc,Auto Parts,40RF,10,Shanghai,New York,CIF,2022-06-03,2022-07-13,2022-07-26,40,13,No,Bad Weather,1122.36,11223.6,200852.43,209025.02,Delayed
BOL003729,MSC,Panalpina,Indigo Books,Steel Products,45HC,5,Hong Kong,Toronto,FOB,2023-09-23,2023-11-01,2023-11-01,39,0,Yes,None,1769.07,8845.35,62441.22,450659.16,Delivered
BOL003730,COSCO,Kuehne+Nagel,Loblaws,Apparel,45HC,7,Hamburg,Seattle,CIF,2023-04-19,2023-05-28,2023-05-28,39,0,Yes,None,3069.32,21485.24,170912.11,316406.45,Delivered
BOL003731,ONE,DSV,Walmart Canada,Electronics,40HC,9,Hong Kong,New York,CFR,2023-09-25,2023-10-30,2023-10-30,35,0,Yes,None,4265.06,38385.54,101864.15,296150.04,Delivered
BOL003732,HMM,Panalpina,Sport Chek,Machinery,20RF,5,Kaohsiung,Los Angeles,DDP,2023-02-07,2023-03-15,2023-03-15,36,0,Yes,None,945.32,4726.6,127031.1,469730.77,Delivered
BOL003733,Hapag-Lloyd,Nippon Express,Loblaws,Auto Parts,20GP,1,Ningbo,Miami,CFR,2022-07-21,2022-08-17,2022-08-20,27,3,No,Port Congestion,1907.14,1907.14,20076.23,60816.98,Delivered
BOL003734,Evergreen,Expeditors,Loblaw Companies,Steel Products,40RF,1,Rotterdam,New York,DDP,2022-02-22,2022-03-14,2022-03-14,20,0,Yes,None,2140.78,2140.78,26385.83,56581.78,Delivered
BOL003735,HMM,Kuehne+Nagel,Empire Company,Furniture,40GP,3,Shenzhen,Vancouver,DDP,2024-03-11,2024-04-02,2024-04-02,22,0,Yes,None,4023.39,12070.17,44566.22,249902.77,Delivered
BOL003736,CMA CGM,Sinotrans,Best Buy Canada,Machinery,45HC,3,Busan,Halifax,EXW,2022-10-14,2022-11-10,2022-11-10,27,0,Yes,None,4022.58,12067.74,67312.57,65210.63,Delivered
BOL003737,CMA CGM,Expeditors,IKEA Canada,Steel Products,20GP,10,Shenzhen,Seattle,CIF,2024-10-08,2024-10-27,2024-10-27,19,0,Yes,None,2415.84,24158.4,163034.38,406770.99,Delivered
BOL003738,ZIM,Panalpina,Empire Company,Furniture,40HC,4,Ningbo,Montreal,DDP,2023-10-31,2023-11-21,2023-11-21,21,0,Yes,None,1104.58,4418.32,54347.4,182590.1,Delivered
BOL003739,COSCO,DB Schenker,Aldo Group,Furniture,20RF,5,Shenzhen,Miami,CFR,2022-02-15,2022-03-18,2022-03-30,31,12,No,Port Congestion,1183.06,5915.3,116237.97,335912.47,Delayed
BOL003740,ZIM,Sinotrans,Metro Inc,Electronics,20RF,3,Ningbo,Halifax,CIF,2022-06-08,2022-06-30,2022-06-30,22,0,Yes,None,3807.22,11421.66,21676.19,105349.6,Delivered
BOL003741,Evergreen,Sinotrans,Costco Canada,Toys,40RF,3,Ningbo,Miami,CFR,2023-08-07,2023-09-18,2023-09-18,42,0,Yes,None,1605.5,4816.5,24594.7,77703.22,Delivered
BOL003742,Hapag-Lloyd,CEVA Logistics,Aldo Group,Toys,20GP,5,Hamburg,Montreal,EXW,2024-11-15,2024-12-04,2024-12-04,19,0,Yes,None,2066.72,10333.6,40682.61,265523.22,Delivered
BOL003743,ZIM,Sinotrans,Canadian Tire,Steel Products,20GP,8,Shanghai,Houston,EXW,2023-07-23,2023-08-22,2023-08-22,30,0,Yes,None,2369.76,18958.08,79528.7,141737.95,Delivered
BOL003744,Evergreen,Kuehne+Nagel,Mountain Equipment,Machinery,40GP,10,Singapore,Montreal,DDP,2023-10-21,2023-11-15,2023-11-15,25,0,Yes,None,1712.88,17128.8,79485.8,156464.06,Delivered
BOL003745,COSCO,Nippon Express,Shoppers Drug Mart,Apparel,20RF,10,Hamburg,Los Angeles,DDP,2024-01-26,2024-02-29,2024-02-29,34,0,Yes,None,2463.4,24634.0,123170.92,406461.19,Delivered
BOL003746,Evergreen,DSV,Best Buy Canada,Toys,40RF,1,Shanghai,Chicago,DAP,2022-02-26,2022-04-08,2022-04-08,41,0,Yes,None,1183.07,1183.07,14862.4,94911.54,Delivered
BOL003747,Maersk,DB Schenker,Reitmans,Chemicals,40HC,10,Colombo,New York,DAP,2023-08-08,2023-09-21,2023-09-21,44,0,Yes,None,4376.43,43764.3,148819.65,180762.23,Delivered
BOL003748,CMA CGM,Panalpina,Loblaw Companies,Electronics,40RF,8,Colombo,Los Angeles,CFR,2022-04-16,2022-05-03,2022-05-03,17,0,Yes,None,3173.06,25384.48,197079.92,301044.86,Delivered
BOL003749,HMM,DB Schenker,Canadian Tire,Apparel,20RF,5,Singapore,Seattle,CIF,2022-12-29,2023-01-19,2023-01-19,21,0,Yes,None,3639.03,18195.15,47485.96,179297.02,Delivered
BOL003750,ZIM,Panalpina,Loblaw Companies,Steel Products,20RF,1,Ningbo,Los Angeles,CFR,2024-09-30,2024-10-22,2024-10-22,22,0,Yes,None,1419.85,1419.85,6999.0,17574.92,Delivered
BOL003751,CMA CGM,CEVA Logistics,Reitmans,Machinery,40RF,5,Busan,Los Angeles,FOB,2024-08-07,2024-09-05,2024-09-05,29,0,Yes,None,4234.95,21174.75,44416.37,397038.49,Delivered
BOL003752,Yang Ming,DSV,Loblaw Companies,Textiles,40GP,8,Hong Kong,Toronto,EXW,2024-08-16,2024-09-29,2024-09-29,44,0,Yes,None,3657.12,29256.96,59157.22,61842.56,Delivered
BOL003753,ONE,DB Schenker,Home Depot Canada,Apparel,20RF,10,Shanghai,Montreal,EXW,2024-02-20,2024-03-05,2024-03-05,14,0,Yes,None,2165.96,21659.6,182457.95,478150.89,Delivered
BOL003754,Hapag-Lloyd,Kuehne+Nagel,Giant Tiger,Apparel,20GP,1,Singapore,Halifax,FOB,2022-10-15,2022-11-24,2022-11-24,40,0,Yes,None,4365.77,4365.77,18417.75,362124.99,Delivered
BOL003755,CMA CGM,Sinotrans,Groupe Touchette,Chemicals,20RF,8,Shanghai,Vancouver,CFR,2024-02-04,2024-02-21,2024-02-21,17,0,Yes,None,1717.99,13743.92,63153.07,178518.1,Delivered
BOL003756,Yang Ming,DSV,Shoppers Drug Mart,Toys,40HC,4,Hamburg,Montreal,FOB,2024-11-02,2024-12-03,2024-12-03,31,0,Yes,None,3385.0,13540.0,110695.22,466314.06,Delivered
BOL003757,Maersk,Kuehne+Nagel,Home Depot Canada,Electronics,20RF,6,Hamburg,Seattle,DAP,2023-01-13,2023-02-17,2023-02-17,35,0,Yes,None,3771.83,22630.98,41277.52,294947.52,Delivered
BOL003758,Evergreen,Kuehne+Nagel,Shoppers Drug Mart,Machinery,45HC,4,Hamburg,Los Angeles,FOB,2022-04-07,2022-05-05,2022-05-05,28,0,Yes,None,4140.12,16560.48,77414.6,66058.42,Delivered
BOL003759,COSCO,Kuehne+Nagel,Sport Chek,Toys,40RF,7,Singapore,New York,FOB,2024-02-03,2024-03-08,2024-03-17,34,9,No,Documentation Error,2355.72,16490.04,166702.36,64008.21,Delayed
BOL003760,HMM,DB Schenker,Best Buy Canada,Machinery,20GP,2,Kaohsiung,Houston,CFR,2022-05-12,2022-06-16,2022-06-16,35,0,Yes,None,3923.1,7846.2,42054.3,382325.32,Delivered
BOL003761,MSC,Expeditors,Home Depot Canada,Machinery,20GP,8,Singapore,Montreal,CIF,2024-03-02,2024-04-05,2024-04-05,34,0,Yes,None,1559.57,12476.56,112480.5,201094.46,Delivered
BOL003762,Yang Ming,DB Schenker,Hudson Bay,Auto Parts,40RF,2,Shenzhen,Toronto,CFR,2024-07-11,2024-08-10,2024-08-11,30,1,No,Port Congestion,2897.24,5794.48,12672.29,67367.24,Delivered
BOL003763,HMM,Nippon Express,Groupe Touchette,Textiles,40HC,5,Shenzhen,Montreal,FOB,2023-07-15,2023-08-15,2023-08-15,31,0,Yes,None,4371.71,21858.55,90384.15,369679.89,Delivered
BOL003764,Maersk,DSV,Mountain Equipment,Auto Parts,45HC,10,Kaohsiung,Montreal,EXW,2024-10-22,2024-11-26,2024-11-26,35,0,Yes,None,1217.32,12173.2,115549.7,126834.46,Delivered
BOL003765,Yang Ming,Kuehne+Nagel,Sport Chek,Steel Products,20RF,5,Shanghai,Toronto,EXW,2024-12-29,2025-01-25,2025-01-26,27,1,No,Bad Weather,982.81,4914.05,30368.74,440432.66,In Transit
BOL003766,Maersk,Nippon Express,Canadian Tire,Auto Parts,20GP,7,Rotterdam,Chicago,DDP,2023-03-19,2023-04-14,2023-04-29,26,15,No,Customs Inspection,2541.36,17789.52,189472.25,92537.99,Delayed
BOL003767,Maersk,CEVA Logistics,Best Buy Canada,Food Products,20RF,10,Colombo,Vancouver,DAP,2023-12-12,2023-12-26,2023-12-26,14,0,Yes,None,900.19,9001.9,267666.28,146263.68,Delivered
BOL003768,Yang Ming,DSV,Sobeys,Chemicals,20GP,1,Shanghai,Montreal,CIF,2022-08-03,2022-09-14,2022-09-14,42,0,Yes,None,3776.67,3776.67,27834.16,306601.48,Delivered
BOL003769,ONE,DSV,IKEA Canada,Machinery,20RF,4,Rotterdam,Miami,CFR,2023-07-11,2023-08-16,2023-08-16,36,0,Yes,None,2997.61,11990.44,27828.67,188516.83,Delivered
BOL003770,Evergreen,Nippon Express,Home Depot Canada,Furniture,45HC,9,Colombo,Miami,FOB,2024-08-04,2024-08-24,2024-08-24,20,0,Yes,None,2828.73,25458.57,196540.56,13540.49,Delivered
BOL003771,ONE,Kuehne+Nagel,Best Buy Canada,Textiles,20RF,2,Ningbo,Houston,CFR,2022-03-23,2022-04-19,2022-04-19,27,0,Yes,None,2517.67,5035.34,29495.78,132294.36,Delivered
BOL003772,Hapag-Lloyd,Sinotrans,Loblaws,Machinery,45HC,2,Hamburg,Montreal,CIF,2022-08-27,2022-09-20,2022-09-20,24,0,Yes,None,4065.98,8131.96,49159.25,277304.09,Delivered
BOL003773,ZIM,Kuehne+Nagel,Sobeys,Food Products,20GP,1,Hong Kong,Halifax,EXW,2024-08-17,2024-09-27,2024-09-27,41,0,Yes,None,1739.65,1739.65,20144.43,78081.33,Delivered
BOL003774,HMM,CEVA Logistics,Loblaws,Food Products,40HC,9,Hong Kong,Vancouver,FOB,2023-01-12,2023-02-16,2023-02-16,35,0,Yes,None,1914.92,17234.28,248837.2,288407.18,Delivered
BOL003775,CMA CGM,Sinotrans,Best Buy Canada,Chemicals,20RF,1,Kaohsiung,Miami,CIF,2022-05-17,2022-06-16,2022-06-16,30,0,Yes,None,2038.5,2038.5,26409.48,157342.79,Delivered
BOL003776,Yang Ming,Nippon Express,Sport Chek,Food Products,45HC,4,Shanghai,Seattle,DDP,2023-12-17,2024-01-15,2024-01-24,29,9,No,Documentation Error,3738.38,14953.52,109806.37,398942.98,Delayed
BOL003777,HMM,Sinotrans,Walmart Canada,Steel Products,40HC,3,Hong Kong,Seattle,DAP,2024-01-01,2024-01-24,2024-01-24,23,0,Yes,None,852.19,2556.57,73181.0,60855.78,Delivered
BOL003778,Maersk,CEVA Logistics,Metro Inc,Steel Products,40HC,1,Busan,Houston,DAP,2023-12-12,2023-12-30,2024-01-01,18,2,No,Bad Weather,3744.1,3744.1,15066.23,124554.24,Delivered
BOL003779,CMA CGM,Nippon Express,Home Depot Canada,Food Products,45HC,7,Busan,Houston,FOB,2022-07-30,2022-08-21,2022-08-21,22,0,Yes,None,1433.9,10037.3,172903.69,307551.95,Delivered
BOL003780,Evergreen,DB Schenker,Loblaws,Chemicals,40HC,9,Rotterdam,Vancouver,DDP,2024-07-05,2024-07-30,2024-07-30,25,0,Yes,None,1049.14,9442.26,230747.43,72315.12,Delivered
BOL003781,CMA CGM,CEVA Logistics,IKEA Canada,Chemicals,20RF,3,Shanghai,Toronto,DDP,2024-07-15,2024-07-29,2024-07-29,14,0,Yes,None,1591.18,4773.54,59581.71,425431.52,Delivered
BOL003782,Evergreen,Sinotrans,Shoppers Drug Mart,Apparel,20GP,8,Hong Kong,New York,FOB,2023-07-19,2023-08-27,2023-08-27,39,0,Yes,None,1147.4,9179.2,210033.32,494666.21,Delivered
BOL003783,COSCO,DSV,Sport Chek,Auto Parts,40GP,9,Colombo,Chicago,CIF,2023-08-28,2023-09-25,2023-09-25,28,0,Yes,None,4062.64,36563.76,115273.31,346355.17,Delivered
BOL003784,Yang Ming,Expeditors,Aldo Group,Auto Parts,40RF,10,Shenzhen,Miami,DDP,2022-11-05,2022-11-26,2022-11-26,21,0,Yes,None,2335.34,23353.4,133684.09,265248.79,Delivered
BOL003785,CMA CGM,Panalpina,Shoppers Drug Mart,Apparel,45HC,9,Shenzhen,Montreal,DDP,2022-04-07,2022-05-04,2022-05-04,27,0,Yes,None,3437.79,30940.11,151293.83,238512.21,Delivered
BOL003786,COSCO,DSV,Costco Canada,Auto Parts,20GP,3,Shenzhen,Montreal,DDP,2024-09-29,2024-10-29,2024-10-29,30,0,Yes,None,4307.31,12921.93,66986.1,59210.83,Delivered
BOL003787,ZIM,Sinotrans,Sport Chek,Food Products,20GP,10,Hong Kong,Houston,DDP,2022-02-01,2022-02-19,2022-02-19,18,0,Yes,None,4135.69,41356.9,111215.17,351698.47,Delivered
BOL003788,ZIM,Panalpina,Giant Tiger,Machinery,20GP,2,Singapore,Houston,FOB,2022-11-05,2022-12-11,2022-12-11,36,0,Yes,None,2596.38,5192.76,44490.73,31170.12,Delivered
BOL003789,CMA CGM,Kuehne+Nagel,Giant Tiger,Furniture,40RF,3,Ningbo,Chicago,CIF,2024-02-19,2024-03-26,2024-03-26,36,0,Yes,None,1570.3,4710.9,15401.25,468141.67,Delivered
BOL003790,HMM,Kuehne+Nagel,Hudson Bay,Steel Products,40GP,4,Shenzhen,Halifax,DAP,2024-04-04,2024-05-12,2024-05-12,38,0,Yes,None,3523.06,14092.24,98432.56,349957.11,Delivered
BOL003791,Evergreen,Sinotrans,Sobeys,Electronics,20RF,3,Kaohsiung,Halifax,DAP,2022-05-16,2022-06-03,2022-06-03,18,0,Yes,None,2435.14,7305.42,73277.74,420833.39,Delivered
BOL003792,Maersk,Kuehne+Nagel,Aldo Group,Apparel,40RF,2,Busan,Vancouver,FOB,2023-06-10,2023-07-02,2023-07-02,22,0,Yes,None,3492.47,6984.94,14297.88,460885.59,Delivered
BOL003793,COSCO,Kuehne+Nagel,Mountain Equipment,Food Products,40HC,3,Rotterdam,Miami,DDP,2022-03-05,2022-04-04,2022-04-04,30,0,Yes,None,3198.71,9596.13,18230.48,296846.78,Delivered
BOL003794,HMM,CEVA Logistics,Aldo Group,Furniture,40HC,4,Colombo,New York,DDP,2022-02-12,2022-03-10,2022-03-10,26,0,Yes,None,2547.05,10188.2,78227.05,76373.71,Delivered
BOL003795,HMM,Nippon Express,Giant Tiger,Food Products,40HC,5,Hamburg,Miami,EXW,2022-12-08,2023-01-12,2023-01-12,35,0,Yes,None,2756.58,13782.9,87605.22,465075.36,Delivered
BOL003796,MSC,Panalpina,Empire Company,Furniture,40HC,10,Rotterdam,New York,DDP,2024-03-27,2024-04-30,2024-04-30,34,0,Yes,None,4333.39,43333.9,177449.67,59006.6,Delivered
BOL003797,COSCO,DB Schenker,Hudson Bay,Apparel,40RF,2,Singapore,Seattle,CFR,2023-04-30,2023-05-30,2023-05-30,30,0,Yes,None,4311.8,8623.6,28685.66,366263.87,Delivered
BOL003798,Hapag-Lloyd,DSV,Sport Chek,Textiles,40RF,5,Singapore,Montreal,EXW,2022-12-01,2022-12-28,2022-12-28,27,0,Yes,None,3147.11,15735.55,116806.91,146433.41,Delivered
BOL003799,Hapag-Lloyd,Nippon Express,Canadian Tire,Furniture,40GP,2,Kaohsiung,Vancouver,DAP,2023-09-09,2023-10-14,2023-10-14,35,0,Yes,None,3128.49,6256.98,31319.56,314113.53,Delivered
BOL003800,MSC,Panalpina,Aldo Group,Furniture,20GP,5,Singapore,Miami,CIF,2022-05-12,2022-06-09,2022-06-09,28,0,Yes,None,1666.94,8334.7,86533.66,225930.26,Delivered
BOL003801,CMA CGM,Nippon Express,Giant Tiger,Electronics,40RF,3,Busan,Seattle,DAP,2023-10-23,2023-11-22,2023-11-22,30,0,Yes,None,4116.39,12349.17,64983.14,391356.66,Delivered
BOL003802,COSCO,Nippon Express,Canadian Tire,Food Products,20RF,1,Singapore,Miami,CIF,2023-03-22,2023-04-08,2023-04-18,17,10,No,Equipment Shortage,1692.43,1692.43,19065.32,365166.9,Delayed
BOL003803,CMA CGM,Kuehne+Nagel,Groupe Touchette,Textiles,20RF,2,Busan,Montreal,DDP,2023-12-05,2024-01-01,2024-01-01,27,0,Yes,None,3614.82,7229.64,46025.56,295275.61,Delivered
BOL003804,Maersk,Kuehne+Nagel,Sport Chek,Chemicals,20GP,8,Hong Kong,Houston,FOB,2024-11-10,2024-12-07,2024-12-22,27,15,No,Bad Weather,1674.05,13392.4,132066.71,270788.16,Delayed
BOL003805,MSC,DB Schenker,Sport Chek,Toys,45HC,3,Rotterdam,Los Angeles,DDP,2023-12-10,2023-12-30,2023-12-30,20,0,Yes,None,2504.24,7512.72,49653.65,203687.07,Delivered
BOL003806,MSC,Nippon Express,Aldo Group,Machinery,20RF,2,Rotterdam,Houston,CFR,2024-08-04,2024-08-29,2024-08-29,25,0,Yes,None,4345.99,8691.98,24030.94,437155.24,Delivered
BOL003807,Hapag-Lloyd,DB Schenker,Home Depot Canada,Chemicals,40HC,5,Hong Kong,Houston,FOB,2023-12-04,2023-12-31,2023-12-31,27,0,Yes,None,2224.23,11121.15,49429.35,276605.88,Delivered
BOL003808,HMM,Expeditors,Reitmans,Auto Parts,40RF,9,Shanghai,Houston,FOB,2022-10-19,2022-11-10,2022-11-12,22,2,No,Documentation Error,1898.61,17087.49,65727.4,48662.13,Delivered
BOL003809,Yang Ming,CEVA Logistics,Giant Tiger,Food Products,40RF,1,Shenzhen,Seattle,CFR,2022-02-18,2022-03-13,2022-03-24,23,11,No,Customs Inspection,1410.21,1410.21,26953.54,161291.55,Delayed
BOL003810,HMM,Panalpina,IKEA Canada,Toys,20RF,3,Shanghai,Toronto,DAP,2024-04-07,2024-05-03,2024-05-03,26,0,Yes,None,2199.15,6597.45,43204.5,151866.15,Delivered
BOL003811,ONE,DB Schenker,Best Buy Canada,Auto Parts,20RF,6,Busan,Houston,FOB,2023-08-25,2023-10-04,2023-10-04,40,0,Yes,None,2987.53,17925.18,130839.72,79148.96,Delivered
BOL003812,Yang Ming,Sinotrans,Shoppers Drug Mart,Toys,40GP,7,Hamburg,Toronto,DDP,2023-11-24,2023-12-22,2023-12-22,28,0,Yes,None,3496.78,24477.46,97603.1,294928.11,Delivered
BOL003813,ZIM,Panalpina,Mountain Equipment,Furniture,20GP,5,Singapore,Houston,FOB,2023-09-04,2023-10-06,2023-10-06,32,0,Yes,None,2705.58,13527.9,46100.0,46280.32,Delivered
BOL003814,Yang Ming,CEVA Logistics,Mountain Equipment,Steel Products,40RF,9,Shanghai,Los Angeles,EXW,2023-10-18,2023-11-15,2023-11-15,28,0,Yes,None,3907.34,35166.06,226999.96,182378.03,Delivered
BOL003815,Evergreen,Sinotrans,Reitmans,Steel Products,45HC,3,Kaohsiung,Halifax,CIF,2023-12-24,2024-01-20,2024-01-20,27,0,Yes,None,1350.55,4051.65,53677.29,148144.1,Delivered
BOL003816,Hapag-Lloyd,CEVA Logistics,Costco Canada,Machinery,40RF,6,Colombo,Houston,DDP,2024-03-05,2024-03-19,2024-03-19,14,0,Yes,None,4280.21,25681.26,152716.74,364657.38,Delivered
BOL003817,ZIM,Nippon Express,Hudson Bay,Electronics,45HC,2,Rotterdam,New York,DAP,2023-10-06,2023-10-31,2023-10-31,25,0,Yes,None,4309.67,8619.34,49934.19,385030.42,Delivered
BOL003818,HMM,Nippon Express,Aldo Group,Steel Products,40RF,6,Shanghai,Seattle,CIF,2023-06-18,2023-07-10,2023-07-10,22,0,Yes,None,995.89,5975.34,119676.88,153963.17,Delivered
BOL003819,CMA CGM,DSV,Giant Tiger,Machinery,40HC,10,Hong Kong,Chicago,CFR,2024-08-28,2024-09-16,2024-09-17,19,1,No,Documentation Error,1171.11,11711.1,130056.62,302809.54,Delivered
BOL003820,ZIM,Panalpina,Home Depot Canada,Steel Products,45HC,2,Colombo,Seattle,EXW,2022-04-01,2022-05-04,2022-05-04,33,0,Yes,None,1763.03,3526.06,41274.64,431173.4,Delivered
BOL003821,COSCO,DSV,Walmart Canada,Textiles,40RF,4,Shenzhen,Miami,EXW,2024-03-31,2024-04-24,2024-04-24,24,0,Yes,None,2487.59,9950.36,90647.01,26596.63,Delivered
BOL003822,Hapag-Lloyd,DB Schenker,Groupe Touchette,Apparel,20GP,10,Kaohsiung,Vancouver,EXW,2024-09-05,2024-10-14,2024-10-14,39,0,Yes,None,3358.87,33588.7,264000.32,161834.45,Delivered
BOL003823,ZIM,Nippon Express,Sport Chek,Machinery,45HC,8,Hong Kong,New York,DAP,2024-10-23,2024-11-25,2024-11-25,33,0,Yes,None,3839.24,30713.92,124037.24,60207.67,Delivered
BOL003824,Yang Ming,Panalpina,Groupe Touchette,Textiles,20GP,7,Shenzhen,Vancouver,EXW,2023-12-05,2024-01-14,2024-01-14,40,0,Yes,None,1897.21,13280.47,98928.16,329998.12,Delivered
BOL003825,Hapag-Lloyd,Kuehne+Nagel,Shoppers Drug Mart,Auto Parts,45HC,9,Rotterdam,New York,CIF,2022-10-11,2022-11-13,2022-11-15,33,2,No,Port Congestion,2627.53,23647.77,146572.84,90329.69,Delivered
BOL003826,Hapag-Lloyd,Kuehne+Nagel,Home Depot Canada,Apparel,40GP,9,Kaohsiung,Vancouver,FOB,2022-01-21,2022-02-11,2022-02-11,21,0,Yes,None,2736.71,24630.39,188580.68,394624.03,Delivered
BOL003827,HMM,DSV,Groupe Touchette,Food Products,45HC,5,Hong Kong,Seattle,FOB,2022-09-22,2022-10-08,2022-10-08,16,0,Yes,None,2529.44,12647.2,105530.92,55689.49,Delivered
BOL003828,ZIM,Nippon Express,Walmart Canada,Electronics,40GP,2,Ningbo,Chicago,CFR,2022-09-23,2022-10-19,2022-10-19,26,0,Yes,None,1439.41,2878.82,24817.21,349798.6,Delivered
BOL003829,Hapag-Lloyd,Nippon Express,Empire Company,Furniture,40HC,8,Ningbo,Houston,DDP,2022-03-30,2022-04-24,2022-04-24,25,0,Yes,None,1796.13,14369.04,75526.04,350021.59,Delivered
BOL003830,CMA CGM,Nippon Express,Hudson Bay,Electronics,20GP,6,Rotterdam,Halifax,DAP,2022-05-05,2022-05-30,2022-05-30,25,0,Yes,None,3848.41,23090.46,121302.82,205257.43,Delivered
BOL003831,Yang Ming,DSV,Empire Company,Auto Parts,40GP,2,Shanghai,Montreal,CIF,2022-11-02,2022-11-24,2022-11-24,22,0,Yes,None,3464.63,6929.26,34068.74,224460.49,Delivered
BOL003832,ONE,CEVA Logistics,Aldo Group,Food Products,40HC,1,Busan,Montreal,DDP,2023-12-19,2024-01-16,2024-01-16,28,0,Yes,None,2831.07,2831.07,18100.27,330535.89,Delivered
BOL003833,Hapag-Lloyd,DSV,Best Buy Canada,Steel Products,40GP,8,Rotterdam,Montreal,EXW,2022-10-11,2022-11-13,2022-11-13,33,0,Yes,None,2714.87,21718.96,117261.28,74620.43,Delivered
BOL003834,Maersk,DB Schenker,Reitmans,Food Products,40HC,2,Ningbo,Miami,FOB,2024-07-26,2024-08-12,2024-08-12,17,0,Yes,None,2080.99,4161.98,51201.39,320160.75,Delivered
BOL003835,CMA CGM,Panalpina,Shoppers Drug Mart,Machinery,20GP,3,Hamburg,Montreal,DAP,2023-05-26,2023-06-18,2023-06-19,23,1,No,Port Congestion,2998.08,8994.24,52007.07,216410.17,Delivered
BOL003836,Evergreen,DB Schenker,Costco Canada,Chemicals,40GP,3,Kaohsiung,Toronto,CFR,2023-02-19,2023-03-05,2023-03-05,14,0,Yes,None,1247.49,3742.47,50467.49,60712.17,Delivered
BOL003837,COSCO,Kuehne+Nagel,Metro Inc,Auto Parts,40GP,5,Rotterdam,Toronto,CFR,2022-11-03,2022-12-01,2022-12-01,28,0,Yes,None,1758.47,8792.35,55811.11,450320.66,Delivered
BOL003838,Yang Ming,Nippon Express,Aldo Group,Food Products,40RF,3,Colombo,Chicago,FOB,2023-06-05,2023-07-06,2023-07-15,31,9,No,Customs Inspection,1594.07,4782.21,80933.97,72182.95,Delayed
BOL003839,ZIM,Kuehne+Nagel,Hudson Bay,Chemicals,20RF,7,Busan,New York,DDP,2022-06-16,2022-07-02,2022-07-02,16,0,Yes,None,1528.19,10697.33,185806.47,454434.16,Delivered
BOL003840,COSCO,Nippon Express,Aldo Group,Steel Products,40HC,5,Shanghai,Chicago,DDP,2023-06-17,2023-07-23,2023-07-23,36,0,Yes,None,2452.42,12262.1,42748.29,23664.66,Delivered
BOL003841,COSCO,Expeditors,Loblaws,Auto Parts,20RF,8,Hong Kong,Toronto,DAP,2023-06-24,2023-07-24,2023-07-27,30,3,No,Bad Weather,1542.37,12338.96,80181.6,134002.3,Delivered
BOL003842,Evergreen,Nippon Express,Sport Chek,Food Products,45HC,1,Hamburg,Seattle,DDP,2022-10-25,2022-11-11,2022-11-24,17,13,No,Port Congestion,3873.7,3873.7,22982.05,130796.09,Delayed
BOL003843,Evergreen,Expeditors,Metro Inc,Chemicals,45HC,2,Busan,New York,CIF,2024-01-15,2024-02-20,2024-02-20,36,0,Yes,None,3490.61,6981.22,51938.52,165418.13,Delivered
BOL003844,HMM,Sinotrans,Giant Tiger,Machinery,40RF,10,Hong Kong,Miami,DDP,2024-10-18,2024-11-03,2024-11-03,16,0,Yes,None,4183.74,41837.4,116935.05,340701.13,Delivered
BOL003845,Hapag-Lloyd,Panalpina,Groupe Touchette,Textiles,20GP,3,Rotterdam,Los Angeles,FOB,2022-08-03,2022-08-27,2022-09-04,24,8,No,Documentation Error,3549.6,10648.8,77202.25,236094.36,Delayed
BOL003846,Maersk,Kuehne+Nagel,Walmart Canada,Apparel,45HC,6,Hamburg,Los Angeles,DAP,2022-11-21,2022-12-15,2022-12-15,24,0,Yes,None,2378.76,14272.56,150070.54,361148.4,Delivered
BOL003847,Maersk,DSV,Empire Company,Food Products,40HC,7,Hong Kong,Vancouver,DAP,2022-08-19,2022-09-30,2022-09-30,42,0,Yes,None,2482.29,17376.03,175472.26,245159.22,Delivered
BOL003848,Evergreen,DB Schenker,Empire Company,Electronics,20GP,7,Colombo,Toronto,CIF,2023-06-18,2023-07-04,2023-07-04,16,0,Yes,None,2606.34,18244.38,114157.92,449134.85,Delivered
BOL003849,ONE,Expeditors,Aldo Group,Electronics,40GP,4,Shenzhen,Houston,CIF,2023-03-25,2023-04-08,2023-04-08,14,0,Yes,None,1919.78,7679.12,102644.01,245109.88,Delivered
BOL003850,MSC,Panalpina,Groupe Touchette,Furniture,40GP,6,Hamburg,New York,DDP,2022-04-23,2022-05-21,2022-05-30,28,9,No,Port Congestion,1797.05,10782.3,44549.46,461578.86,Delayed
BOL003851,HMM,DB Schenker,Loblaw Companies,Toys,40RF,9,Hong Kong,Halifax,CIF,2022-03-01,2022-04-01,2022-04-01,31,0,Yes,None,1200.81,10807.29,172603.76,254333.53,Delivered
BOL003852,Yang Ming,CEVA Logistics,Best Buy Canada,Auto Parts,20RF,3,Kaohsiung,Montreal,CFR,2022-09-30,2022-11-13,2022-11-13,44,0,Yes,None,4156.63,12469.89,31234.73,402665.14,Delivered
BOL003853,MSC,DSV,Home Depot Canada,Food Products,45HC,8,Busan,Montreal,CFR,2024-05-09,2024-06-03,2024-06-03,25,0,Yes,None,2878.64,23029.12,207558.99,454820.9,Delivered
BOL003854,Hapag-Lloyd,Panalpina,Best Buy Canada,Steel Products,45HC,10,Singapore,Chicago,FOB,2024-03-15,2024-04-28,2024-04-28,44,0,Yes,None,4311.22,43112.2,222450.09,424900.32,Delivered
BOL003855,Maersk,Nippon Express,Canadian Tire,Apparel,40RF,3,Hamburg,New York,CFR,2022-06-17,2022-07-03,2022-07-03,16,0,Yes,None,2429.3,7287.9,82059.67,168235.37,Delivered
BOL003856,ONE,DB Schenker,Mountain Equipment,Furniture,40GP,1,Ningbo,Seattle,FOB,2022-10-05,2022-11-09,2022-11-09,35,0,Yes,None,1285.53,1285.53,19734.98,242943.24,Delivered
BOL003857,CMA CGM,Panalpina,Giant Tiger,Food Products,20GP,5,Busan,Montreal,DAP,2024-09-24,2024-10-17,2024-10-17,23,0,Yes,None,1619.94,8099.7,32795.66,199188.49,Delivered
BOL003858,Yang Ming,DSV,Giant Tiger,Chemicals,20GP,10,Busan,Chicago,DDP,2024-06-18,2024-07-10,2024-07-10,22,0,Yes,None,2683.04,26830.4,113275.44,23017.56,Delivered
BOL003859,Yang Ming,DB Schenker,Hudson Bay,Machinery,40HC,9,Hamburg,Vancouver,DAP,2022-05-05,2022-06-12,2022-06-12,38,0,Yes,None,4331.41,38982.69,206727.68,301776.64,Delivered
BOL003860,MSC,Nippon Express,Canadian Tire,Electronics,45HC,1,Colombo,Vancouver,FOB,2022-07-11,2022-08-25,2022-08-25,45,0,Yes,None,2004.86,2004.86,22391.06,302546.59,Delivered
BOL003861,COSCO,Expeditors,Canadian Tire,Toys,20RF,3,Shenzhen,Halifax,DDP,2024-08-22,2024-09-20,2024-09-20,29,0,Yes,None,3510.06,10530.18,29031.88,323290.74,Delivered
BOL003862,Hapag-Lloyd,Panalpina,Loblaws,Machinery,20RF,2,Ningbo,Seattle,EXW,2023-01-11,2023-02-05,2023-02-05,25,0,Yes,None,3110.62,6221.24,20620.62,340286.78,Delivered
BOL003863,Hapag-Lloyd,Kuehne+Nagel,Giant Tiger,Toys,40GP,8,Ningbo,Chicago,DDP,2023-08-04,2023-09-05,2023-09-05,32,0,Yes,None,2719.17,21753.36,130949.09,303855.01,Delivered
BOL003864,Maersk,Nippon Express,Costco Canada,Food Products,45HC,9,Singapore,Los Angeles,FOB,2024-07-22,2024-08-24,2024-08-24,33,0,Yes,None,2233.7,20103.3,162669.39,293150.04,Delivered
BOL003865,COSCO,CEVA Logistics,Sobeys,Toys,20GP,9,Busan,Toronto,CFR,2024-05-28,2024-06-21,2024-06-21,24,0,Yes,None,1284.38,11559.42,247179.34,306485.4,Delivered
BOL003866,ONE,CEVA Logistics,Home Depot Canada,Food Products,20GP,3,Colombo,Vancouver,DAP,2022-05-24,2022-06-18,2022-06-27,25,9,No,Customs Inspection,4123.64,12370.92,29990.87,401030.66,Delayed
BOL003867,Hapag-Lloyd,DB Schenker,Hudson Bay,Auto Parts,40HC,2,Colombo,Chicago,DAP,2022-12-21,2023-01-28,2023-01-28,38,0,Yes,None,3048.99,6097.98,18831.77,215452.61,Delivered
BOL003868,CMA CGM,DB Schenker,Home Depot Canada,Electronics,20GP,3,Singapore,New York,CFR,2024-10-21,2024-11-20,2024-11-20,30,0,Yes,None,2112.89,6338.67,63103.26,38601.38,Delivered
BOL003869,Evergreen,Nippon Express,Best Buy Canada,Electronics,20RF,7,Hamburg,Montreal,CIF,2024-10-21,2024-11-11,2024-11-11,21,0,Yes,None,3236.52,22655.64,104398.31,401336.33,Delivered
BOL003870,COSCO,Sinotrans,Best Buy Canada,Apparel,40GP,8,Colombo,Chicago,EXW,2022-12-14,2023-01-14,2023-01-14,31,0,Yes,None,2096.17,16769.36,79213.93,213776.46,Delivered
BOL003871,Yang Ming,Panalpina,Metro Inc,Chemicals,40HC,2,Singapore,Halifax,CIF,2024-10-10,2024-10-30,2024-10-30,20,0,Yes,None,3107.5,6215.0,10131.76,363649.97,Delivered
BOL003872,Hapag-Lloyd,Nippon Express,Canadian Tire,Electronics,45HC,9,Kaohsiung,New York,FOB,2022-07-06,2022-08-05,2022-08-05,30,0,Yes,None,1873.11,16857.99,186462.25,320574.39,Delivered
BOL003873,ONE,Panalpina,Hudson Bay,Electronics,20RF,10,Hong Kong,Seattle,CIF,2024-01-15,2024-02-09,2024-02-09,25,0,Yes,None,2553.22,25532.2,82014.01,483072.46,Delivered
BOL003874,ONE,Nippon Express,Walmart Canada,Electronics,40GP,8,Kaohsiung,Houston,CIF,2023-05-24,2023-06-14,2023-06-14,21,0,Yes,None,1424.35,11394.8,89510.4,149867.76,Delivered
BOL003875,COSCO,Nippon Express,Walmart Canada,Auto Parts,45HC,8,Hamburg,Seattle,CFR,2023-10-12,2023-11-03,2023-11-03,22,0,Yes,None,4377.06,35016.48,67325.96,313179.79,Delivered
BOL003876,HMM,Expeditors,Giant Tiger,Steel Products,20GP,7,Singapore,Toronto,FOB,2023-10-17,2023-11-05,2023-11-05,19,0,Yes,None,2376.99,16638.93,100098.87,246587.52,Delivered
BOL003877,Hapag-Lloyd,CEVA Logistics,Loblaws,Chemicals,40RF,2,Rotterdam,Vancouver,EXW,2024-08-13,2024-09-04,2024-09-04,22,0,Yes,None,2648.27,5296.54,22614.23,17357.8,Delivered
BOL003878,Hapag-Lloyd,DB Schenker,Loblaws,Apparel,45HC,6,Singapore,Montreal,DDP,2023-01-09,2023-01-28,2023-02-12,19,15,No,Bad Weather,871.52,5229.12,144369.05,376254.3,Delayed
BOL003879,MSC,Sinotrans,Metro Inc,Toys,45HC,1,Hong Kong,Vancouver,EXW,2022-09-17,2022-10-15,2022-10-15,28,0,Yes,None,3423.59,3423.59,8101.08,300751.66,Delivered
BOL003880,Hapag-Lloyd,Nippon Express,Best Buy Canada,Auto Parts,20RF,1,Hamburg,Toronto,EXW,2023-01-23,2023-03-04,2023-03-04,40,0,Yes,None,2095.44,2095.44,10823.28,482158.89,Delivered
BOL003881,Yang Ming,DSV,Home Depot Canada,Auto Parts,45HC,2,Singapore,Houston,DDP,2024-02-07,2024-03-04,2024-03-04,26,0,Yes,None,4056.27,8112.54,11534.86,339936.83,Delivered
BOL003882,ONE,Nippon Express,Costco Canada,Textiles,45HC,6,Hamburg,Houston,EXW,2024-07-04,2024-08-12,2024-08-12,39,0,Yes,None,985.53,5913.18,103888.89,308255.85,Delivered
BOL003883,COSCO,Nippon Express,Empire Company,Toys,20RF,1,Colombo,Montreal,EXW,2024-09-03,2024-09-22,2024-09-22,19,0,Yes,None,3108.39,3108.39,12590.7,61395.05,Delivered
BOL003884,Maersk,Panalpina,Metro Inc,Food Products,45HC,9,Hamburg,Seattle,FOB,2023-02-02,2023-02-27,2023-02-27,25,0,Yes,None,3629.43,32664.87,105728.26,236074.97,Delivered
BOL003885,ONE,Panalpina,Home Depot Canada,Machinery,40HC,7,Ningbo,Seattle,FOB,2023-11-26,2023-12-22,2023-12-22,26,0,Yes,None,1849.24,12944.68,186999.43,123504.6,Delivered
BOL003886,Yang Ming,Kuehne+Nagel,Groupe Touchette,Food Products,20GP,2,Rotterdam,Los Angeles,CFR,2024-05-22,2024-06-28,2024-06-28,37,0,Yes,None,4242.46,8484.92,25837.0,472577.44,Delivered
BOL003887,Yang Ming,CEVA Logistics,Indigo Books,Machinery,20RF,3,Busan,Vancouver,DDP,2022-04-27,2022-06-03,2022-06-03,37,0,Yes,None,898.1,2694.3,53519.98,134872.63,Delivered
BOL003888,COSCO,Expeditors,IKEA Canada,Textiles,40GP,3,Colombo,New York,CIF,2024-03-29,2024-05-07,2024-05-07,39,0,Yes,None,1683.39,5050.17,38096.44,350316.86,Delivered
BOL003889,CMA CGM,Sinotrans,Indigo Books,Electronics,40GP,6,Ningbo,Montreal,DAP,2022-07-02,2022-08-01,2022-08-01,30,0,Yes,None,3948.48,23690.88,100547.79,466213.12,Delivered
BOL003890,Maersk,DB Schenker,Costco Canada,Electronics,45HC,2,Colombo,Vancouver,FOB,2023-10-22,2023-11-18,2023-11-18,27,0,Yes,None,929.37,1858.74,10978.42,84311.41,Delivered
BOL003891,HMM,DB Schenker,Sport Chek,Steel Products,45HC,9,Singapore,Chicago,FOB,2024-05-06,2024-06-14,2024-06-14,39,0,Yes,None,848.39,7635.51,193528.45,414248.14,Delivered
BOL003892,Maersk,Kuehne+Nagel,Loblaw Companies,Apparel,20GP,3,Ningbo,Houston,CIF,2024-10-09,2024-11-23,2024-11-23,45,0,Yes,None,3995.35,11986.05,57015.05,154549.69,Delivered
BOL003893,Yang Ming,DB Schenker,Sport Chek,Food Products,40HC,10,Kaohsiung,Seattle,FOB,2024-01-11,2024-02-06,2024-02-06,26,0,Yes,None,4426.72,44267.2,85942.62,245763.14,Delivered
BOL003894,MSC,DSV,Empire Company,Toys,40GP,4,Hamburg,Toronto,DAP,2023-08-15,2023-09-06,2023-09-06,22,0,Yes,None,2762.93,11051.72,30065.11,337816.58,Delivered
BOL003895,COSCO,Expeditors,Loblaw Companies,Auto Parts,20RF,7,Shanghai,Seattle,FOB,2024-03-22,2024-04-06,2024-04-06,15,0,Yes,None,1781.72,12472.04,53850.4,374249.04,Delivered
BOL003896,MSC,Nippon Express,IKEA Canada,Electronics,40RF,4,Hamburg,Chicago,DDP,2023-04-01,2023-04-22,2023-04-22,21,0,Yes,None,1809.03,7236.12,65877.12,94802.73,Delivered
BOL003897,CMA CGM,Expeditors,Giant Tiger,Auto Parts,40HC,9,Kaohsiung,Montreal,CFR,2023-12-15,2024-01-04,2024-01-04,20,0,Yes,None,3511.46,31603.14,129529.15,198405.79,Delivered
BOL003898,ONE,Kuehne+Nagel,Walmart Canada,Chemicals,40GP,9,Rotterdam,New York,EXW,2022-09-25,2022-11-06,2022-11-06,42,0,Yes,None,1872.52,16852.68,174248.82,423210.3,Delivered
BOL003899,ONE,Panalpina,Groupe Touchette,Auto Parts,20RF,2,Hong Kong,Los Angeles,EXW,2022-10-17,2022-11-04,2022-11-04,18,0,Yes,None,1771.43,3542.86,41130.38,360295.56,Delivered
BOL003900,Hapag-Lloyd,Kuehne+Nagel,Groupe Touchette,Chemicals,45HC,6,Kaohsiung,Chicago,DDP,2023-04-30,2023-05-14,2023-05-14,14,0,Yes,None,1804.83,10828.98,130793.11,38461.55,Delivered
BOL003901,Maersk,Sinotrans,IKEA Canada,Toys,20GP,1,Colombo,Seattle,FOB,2023-06-17,2023-07-21,2023-07-21,34,0,Yes,None,1306.25,1306.25,19717.59,110368.35,Delivered
BOL003902,CMA CGM,DSV,Canadian Tire,Apparel,20GP,1,Hamburg,Houston,FOB,2022-02-15,2022-03-19,2022-03-19,32,0,Yes,None,925.4,925.4,14366.73,247716.92,Delivered
BOL003903,CMA CGM,DSV,Shoppers Drug Mart,Steel Products,40RF,6,Ningbo,Los Angeles,FOB,2024-06-02,2024-07-06,2024-07-06,34,0,Yes,None,3418.15,20508.9,159859.09,263435.84,Delivered
BOL003904,HMM,Sinotrans,Walmart Canada,Electronics,40HC,7,Busan,Miami,DAP,2023-08-04,2023-08-24,2023-08-24,20,0,Yes,None,2642.15,18495.05,131689.78,80347.15,Delivered
BOL003905,HMM,Panalpina,Giant Tiger,Chemicals,40HC,9,Busan,Montreal,FOB,2023-05-30,2023-07-14,2023-07-14,45,0,Yes,None,4363.77,39273.93,250172.0,381535.96,Delivered
BOL003906,CMA CGM,Panalpina,Hudson Bay,Toys,20GP,1,Hamburg,Miami,CIF,2022-10-12,2022-10-29,2022-10-29,17,0,Yes,None,1932.82,1932.82,9493.8,13570.82,Delivered
BOL003907,CMA CGM,Expeditors,Indigo Books,Chemicals,40RF,5,Rotterdam,Los Angeles,FOB,2023-12-04,2023-12-31,2023-12-31,27,0,Yes,None,1599.17,7995.85,51936.39,351410.2,Delivered
BOL003908,Hapag-Lloyd,CEVA Logistics,Mountain Equipment,Food Products,40RF,3,Singapore,Miami,DAP,2023-09-15,2023-10-12,2023-10-12,27,0,Yes,None,4112.91,12338.73,31000.26,11391.62,Delivered
BOL003909,Evergreen,CEVA Logistics,Best Buy Canada,Steel Products,40HC,5,Ningbo,Toronto,DAP,2023-05-25,2023-06-11,2023-06-11,17,0,Yes,None,4126.96,20634.8,34785.36,164530.31,Delivered
BOL003910,HMM,Sinotrans,Canadian Tire,Auto Parts,40GP,4,Shanghai,Halifax,EXW,2022-09-05,2022-09-20,2022-09-20,15,0,Yes,None,932.66,3730.64,90242.36,296116.74,Delivered
BOL003911,Hapag-Lloyd,DB Schenker,Mountain Equipment,Furniture,45HC,7,Hong Kong,Montreal,CIF,2022-02-10,2022-02-27,2022-02-27,17,0,Yes,None,2664.15,18649.05,142378.92,202223.92,Delivered
BOL003912,CMA CGM,Nippon Express,Sobeys,Steel Products,45HC,6,Singapore,Chicago,CIF,2024-08-09,2024-09-20,2024-09-20,42,0,Yes,None,2154.99,12929.94,89992.11,386400.64,Delivered
BOL003913,CMA CGM,Sinotrans,Home Depot Canada,Furniture,40GP,6,Kaohsiung,Chicago,CIF,2023-11-30,2023-12-15,2023-12-15,15,0,Yes,None,1282.82,7696.92,86278.82,226200.03,Delivered
BOL003914,MSC,Expeditors,Walmart Canada,Machinery,40GP,4,Colombo,Seattle,CIF,2024-02-29,2024-03-17,2024-03-27,17,10,No,Bad Weather,2684.04,10736.16,29412.67,144559.14,Delayed
BOL003915,Yang Ming,Expeditors,Loblaw Companies,Auto Parts,20RF,4,Busan,Montreal,DAP,2023-10-14,2023-11-26,2023-11-26,43,0,Yes,None,1244.76,4979.04,43317.26,152048.64,Delivered
BOL003916,Yang Ming,Panalpina,Indigo Books,Auto Parts,40GP,4,Hamburg,Seattle,FOB,2022-05-20,2022-07-04,2022-07-04,45,0,Yes,None,3505.9,14023.6,38409.37,155799.42,Delivered
BOL003917,MSC,Nippon Express,Reitmans,Chemicals,45HC,6,Kaohsiung,Halifax,DDP,2023-12-31,2024-01-23,2024-01-23,23,0,Yes,None,1910.09,11460.54,141866.16,399530.31,Delivered
BOL003918,CMA CGM,Sinotrans,Costco Canada,Steel Products,45HC,9,Singapore,Chicago,CFR,2023-03-25,2023-04-09,2023-04-09,15,0,Yes,None,4229.24,38063.16,251889.32,466157.36,Delivered
BOL003919,ONE,DSV,Sobeys,Apparel,20GP,8,Hong Kong,Houston,FOB,2024-12-25,2025-02-06,2025-02-06,43,0,Yes,None,1959.0,15672.0,98299.31,48500.82,In Transit
BOL003920,MSC,Nippon Express,Loblaw Companies,Textiles,45HC,2,Shenzhen,Seattle,DAP,2022-09-09,2022-10-18,2022-10-18,39,0,Yes,None,1119.66,2239.32,35521.23,308005.58,Delivered
BOL003921,CMA CGM,Panalpina,Canadian Tire,Electronics,45HC,9,Ningbo,Chicago,DAP,2022-01-17,2022-02-05,2022-02-05,19,0,Yes,None,1591.07,14319.63,69193.36,381580.78,Delivered
BOL003922,COSCO,DSV,Home Depot Canada,Furniture,45HC,7,Ningbo,Miami,DDP,2022-05-22,2022-06-11,2022-06-11,20,0,Yes,None,3057.38,21401.66,90270.77,130917.47,Delivered
BOL003923,Evergreen,Panalpina,Giant Tiger,Furniture,40RF,3,Shanghai,Seattle,EXW,2024-07-05,2024-07-24,2024-07-24,19,0,Yes,None,3264.7,9794.1,26944.82,356074.52,Delivered
BOL003924,Yang Ming,Nippon Express,Home Depot Canada,Machinery,20GP,4,Shanghai,Houston,CIF,2022-10-14,2022-11-04,2022-11-04,21,0,Yes,None,3984.21,15936.84,66801.77,286207.79,Delivered
BOL003925,COSCO,CEVA Logistics,Giant Tiger,Food Products,40RF,5,Shenzhen,Vancouver,DDP,2022-10-09,2022-10-28,2022-10-28,19,0,Yes,None,3909.6,19548.0,70436.71,387722.44,Delivered
BOL003926,MSC,Kuehne+Nagel,IKEA Canada,Textiles,40HC,1,Kaohsiung,New York,FOB,2022-05-17,2022-07-01,2022-07-10,45,9,No,Customs Inspection,3325.54,3325.54,11920.93,154636.78,Delayed
BOL003927,ONE,Nippon Express,Walmart Canada,Machinery,20RF,10,Hong Kong,Toronto,DDP,2022-11-01,2022-12-07,2022-12-12,36,5,No,Port Congestion,2648.63,26486.3,108859.32,60631.69,Delivered
BOL003928,Evergreen,Expeditors,Best Buy Canada,Food Products,20GP,9,Kaohsiung,Chicago,CFR,2024-04-23,2024-05-23,2024-05-23,30,0,Yes,None,3893.62,35042.58,124609.5,73648.97,Delivered
BOL003929,ZIM,DSV,Mountain Equipment,Textiles,40GP,10,Ningbo,Toronto,EXW,2022-06-30,2022-08-01,2022-08-01,32,0,Yes,None,1841.38,18413.8,199513.99,391563.92,Delivered
BOL003930,COSCO,Nippon Express,Indigo Books,Electronics,40GP,8,Ningbo,Vancouver,DAP,2023-11-06,2023-12-09,2023-12-09,33,0,Yes,None,3463.16,27705.28,220216.1,346104.29,Delivered
BOL003931,Maersk,DSV,Sobeys,Food Products,40GP,5,Shenzhen,Halifax,DAP,2022-09-17,2022-10-22,2022-10-22,35,0,Yes,None,1741.41,8707.05,56165.44,445529.5,Delivered
BOL003932,MSC,DSV,Metro Inc,Electronics,20RF,4,Busan,Seattle,DDP,2022-10-22,2022-11-09,2022-11-09,18,0,Yes,None,855.05,3420.2,39190.85,145576.23,Delivered
BOL003933,Hapag-Lloyd,DSV,Loblaw Companies,Steel Products,40HC,5,Hong Kong,New York,DAP,2022-12-09,2023-01-13,2023-01-13,35,0,Yes,None,1485.6,7428.0,51343.2,491894.84,Delivered
BOL003934,Maersk,Nippon Express,Giant Tiger,Furniture,20RF,4,Busan,Houston,CIF,2024-12-04,2025-01-13,2025-01-13,40,0,Yes,None,1413.71,5654.84,102600.05,425865.79,In Transit
BOL003935,ONE,Panalpina,Sobeys,Textiles,40GP,4,Hamburg,Toronto,DAP,2023-06-20,2023-07-29,2023-07-29,39,0,Yes,None,2715.94,10863.76,65277.91,64234.93,Delivered
BOL003936,CMA CGM,DB Schenker,Loblaws,Auto Parts,40RF,3,Singapore,Toronto,DDP,2022-10-15,2022-11-08,2022-11-08,24,0,Yes,None,4421.86,13265.58,77619.81,26439.17,Delivered
BOL003937,Maersk,Panalpina,Best Buy Canada,Electronics,20RF,8,Busan,Houston,CIF,2022-04-07,2022-05-03,2022-05-03,26,0,Yes,None,3170.18,25361.44,141755.58,192738.25,Delivered
BOL003938,Yang Ming,Kuehne+Nagel,Aldo Group,Steel Products,45HC,7,Hong Kong,Montreal,EXW,2024-04-22,2024-05-21,2024-05-21,29,0,Yes,None,2893.59,20255.13,138027.97,102474.96,Delivered
BOL003939,Yang Ming,Nippon Express,Costco Canada,Toys,40GP,5,Ningbo,Halifax,DAP,2024-09-09,2024-10-13,2024-10-13,34,0,Yes,None,1886.9,9434.5,61247.31,167162.65,Delivered
BOL003940,Yang Ming,Expeditors,IKEA Canada,Food Products,20RF,4,Rotterdam,Vancouver,DAP,2023-10-08,2023-11-10,2023-11-10,33,0,Yes,None,1128.34,4513.36,79553.62,267419.52,Delivered
BOL003941,CMA CGM,Nippon Express,Giant Tiger,Machinery,20GP,10,Rotterdam,Montreal,CFR,2023-09-06,2023-10-01,2023-10-01,25,0,Yes,None,1102.34,11023.4,128008.79,368496.99,Delivered
BOL003942,ONE,Panalpina,Sport Chek,Machinery,20GP,2,Shanghai,Miami,DAP,2022-01-12,2022-02-17,2022-02-28,36,11,No,Documentation Error,4220.01,8440.02,52873.58,137720.85,Delayed
BOL003943,MSC,DSV,IKEA Canada,Auto Parts,40RF,5,Busan,Houston,CFR,2022-07-15,2022-08-09,2022-08-24,25,15,No,Equipment Shortage,4411.63,22058.15,127493.93,234431.41,Delayed
BOL003944,ONE,Expeditors,Loblaw Companies,Textiles,40GP,4,Hong Kong,Vancouver,CIF,2024-01-19,2024-02-28,2024-02-28,40,0,Yes,None,1917.32,7669.28,75254.93,216759.26,Delivered
BOL003945,MSC,Expeditors,Groupe Touchette,Furniture,40HC,10,Hong Kong,Miami,EXW,2022-04-18,2022-05-21,2022-05-21,33,0,Yes,None,2379.55,23795.5,143905.82,372387.37,Delivered
BOL003946,HMM,Kuehne+Nagel,Hudson Bay,Furniture,45HC,8,Busan,Montreal,EXW,2023-04-17,2023-05-20,2023-05-20,33,0,Yes,None,3755.55,30044.4,195171.35,294910.2,Delivered
BOL003947,MSC,Sinotrans,Sport Chek,Apparel,40GP,6,Colombo,New York,DDP,2023-08-10,2023-09-07,2023-09-07,28,0,Yes,None,3164.95,18989.7,120780.99,310430.78,Delivered
BOL003948,Maersk,Kuehne+Nagel,Reitmans,Toys,45HC,9,Busan,Los Angeles,FOB,2024-07-05,2024-08-04,2024-08-04,30,0,Yes,None,4451.51,40063.59,217586.1,459252.04,Delivered
BOL003949,ZIM,Panalpina,Best Buy Canada,Electronics,20GP,9,Shenzhen,Montreal,DDP,2022-07-18,2022-08-26,2022-08-26,39,0,Yes,None,4445.12,40006.08,126535.31,305383.38,Delivered
BOL003950,Hapag-Lloyd,Kuehne+Nagel,Shoppers Drug Mart,Steel Products,40HC,5,Kaohsiung,Halifax,CFR,2023-04-13,2023-05-26,2023-05-31,43,5,No,Port Congestion,1085.81,5429.05,32427.49,404950.08,Delivered
BOL003951,MSC,Panalpina,Metro Inc,Furniture,20GP,5,Singapore,Houston,CIF,2022-09-08,2022-10-22,2022-10-22,44,0,Yes,None,1284.83,6424.15,127810.3,162044.93,Delivered
BOL003952,MSC,CEVA Logistics,Best Buy Canada,Textiles,20RF,2,Singapore,New York,CFR,2024-10-23,2024-11-19,2024-11-19,27,0,Yes,None,982.98,1965.96,20851.35,231915.91,Delivered
BOL003953,ONE,Nippon Express,Groupe Touchette,Machinery,40GP,5,Ningbo,Montreal,DDP,2022-03-02,2022-04-04,2022-04-04,33,0,Yes,None,2287.47,11437.35,120925.04,69053.59,Delivered
BOL003954,Maersk,Panalpina,Loblaw Companies,Machinery,20GP,6,Rotterdam,Seattle,DDP,2023-01-01,2023-02-09,2023-02-09,39,0,Yes,None,994.57,5967.42,39838.77,281267.63,Delivered
BOL003955,Evergreen,DSV,Metro Inc,Chemicals,40RF,1,Colombo,Los Angeles,CFR,2024-07-08,2024-07-23,2024-07-23,15,0,Yes,None,3871.83,3871.83,13909.18,83358.44,Delivered
BOL003956,CMA CGM,DSV,IKEA Canada,Apparel,20RF,7,Singapore,Vancouver,CIF,2024-12-27,2025-02-10,2025-02-17,45,7,No,Port Congestion,1845.54,12918.78,158167.66,264013.17,Delayed
BOL003957,Evergreen,DSV,Sport Chek,Chemicals,40RF,4,Hamburg,Los Angeles,CIF,2024-02-17,2024-03-04,2024-03-04,16,0,Yes,None,3601.66,14406.64,23896.1,202019.22,Delivered
BOL003958,HMM,Panalpina,Sobeys,Textiles,20RF,9,Rotterdam,Los Angeles,EXW,2023-03-06,2023-04-13,2023-04-13,38,0,Yes,None,2554.65,22991.85,191435.94,239952.62,Delivered
BOL003959,Hapag-Lloyd,Panalpina,Metro Inc,Textiles,20GP,10,Kaohsiung,Halifax,CIF,2023-09-12,2023-10-27,2023-10-27,45,0,Yes,None,2393.34,23933.4,144727.59,140791.08,Delivered
BOL003960,HMM,DSV,Loblaw Companies,Chemicals,45HC,9,Hamburg,Montreal,CIF,2024-04-09,2024-04-25,2024-04-25,16,0,Yes,None,2052.69,18474.21,235025.04,212693.0,Delivered
BOL003961,HMM,CEVA Logistics,Sport Chek,Auto Parts,40GP,1,Kaohsiung,Halifax,CIF,2024-07-11,2024-08-15,2024-08-15,35,0,Yes,None,1639.73,1639.73,13987.02,47153.52,Delivered
BOL003962,Yang Ming,CEVA Logistics,Giant Tiger,Textiles,40RF,8,Ningbo,New York,CIF,2023-05-23,2023-07-01,2023-07-01,39,0,Yes,None,4052.18,32417.44,186062.11,149843.02,Delivered
BOL003963,MSC,Sinotrans,Loblaws,Furniture,20RF,7,Singapore,Miami,FOB,2023-03-24,2023-05-05,2023-05-05,42,0,Yes,None,1991.19,13938.33,176730.1,20458.41,Delivered
BOL003964,COSCO,DB Schenker,Aldo Group,Apparel,45HC,7,Rotterdam,New York,CIF,2023-11-23,2023-12-26,2023-12-26,33,0,Yes,None,1618.01,11326.07,97061.45,379143.6,Delivered
BOL003965,CMA CGM,Nippon Express,Reitmans,Electronics,40HC,3,Kaohsiung,Montreal,EXW,2022-10-15,2022-11-09,2022-11-09,25,0,Yes,None,1158.3,3474.9,30932.66,301289.34,Delivered
BOL003966,ZIM,CEVA Logistics,Mountain Equipment,Toys,20GP,3,Kaohsiung,New York,DDP,2023-03-17,2023-05-01,2023-05-01,45,0,Yes,None,1657.47,4972.41,38125.57,229204.97,Delivered
BOL003967,ZIM,Panalpina,Empire Company,Electronics,40RF,10,Busan,New York,DDP,2022-06-15,2022-07-10,2022-07-10,25,0,Yes,None,1280.21,12802.1,85597.05,21788.26,Delivered
BOL003968,MSC,DB Schenker,Aldo Group,Apparel,20RF,6,Singapore,Halifax,CIF,2024-08-29,2024-09-29,2024-09-29,31,0,Yes,None,982.63,5895.78,129925.44,241525.43,Delivered
BOL003969,Evergreen,CEVA Logistics,Reitmans,Apparel,45HC,5,Rotterdam,Montreal,CIF,2022-10-03,2022-10-29,2022-11-12,26,14,No,Documentation Error,3105.87,15529.35,87793.85,82409.94,Delayed
BOL003970,MSC,DSV,Canadian Tire,Machinery,40GP,7,Busan,Miami,DDP,2022-02-09,2022-03-08,2022-03-08,27,0,Yes,None,3573.36,25013.52,155296.44,418513.68,Delivered
BOL003971,MSC,DSV,Sport Chek,Apparel,40HC,7,Shenzhen,Montreal,FOB,2024-10-18,2024-11-27,2024-11-27,40,0,Yes,None,1122.76,7859.32,142808.4,166586.52,Delivered
BOL003972,HMM,CEVA Logistics,Loblaw Companies,Auto Parts,40RF,10,Hong Kong,Montreal,DDP,2022-11-06,2022-12-01,2022-12-04,25,3,No,Port Congestion,2614.6,26146.0,166055.97,358888.91,Delivered
BOL003973,Hapag-Lloyd,CEVA Logistics,IKEA Canada,Toys,20RF,2,Ningbo,Seattle,CFR,2022-05-12,2022-05-28,2022-05-28,16,0,Yes,None,4198.65,8397.3,32115.79,122540.16,Delivered
BOL003974,Evergreen,DSV,Loblaw Companies,Toys,20RF,9,Ningbo,Houston,EXW,2022-07-05,2022-08-07,2022-08-07,33,0,Yes,None,1552.77,13974.93,202662.06,142014.69,Delivered
BOL003975,CMA CGM,Kuehne+Nagel,Costco Canada,Textiles,40HC,9,Busan,Halifax,DDP,2023-09-07,2023-09-26,2023-09-26,19,0,Yes,None,1772.82,15955.38,199990.86,31230.6,Delivered
BOL003976,HMM,Kuehne+Nagel,Empire Company,Furniture,20GP,10,Kaohsiung,Seattle,CIF,2022-04-24,2022-05-12,2022-05-12,18,0,Yes,None,4004.61,40046.1,52438.25,324205.2,Delivered
BOL003977,CMA CGM,DSV,Empire Company,Food Products,40HC,1,Shanghai,Miami,CFR,2022-02-27,2022-03-22,2022-03-22,23,0,Yes,None,1991.5,1991.5,20797.91,109641.24,Delivered
BOL003978,ZIM,DB Schenker,Indigo Books,Furniture,45HC,9,Rotterdam,Montreal,CFR,2022-05-16,2022-06-28,2022-06-28,43,0,Yes,None,3060.63,27545.67,63093.72,239823.98,Delivered
BOL003979,MSC,DB Schenker,Walmart Canada,Electronics,45HC,6,Shenzhen,Chicago,DDP,2022-02-10,2022-03-15,2022-03-15,33,0,Yes,None,3734.45,22406.7,105357.26,53174.85,Delivered
BOL003980,ONE,CEVA Logistics,Metro Inc,Furniture,40HC,2,Hong Kong,Vancouver,CFR,2023-12-06,2023-12-31,2023-12-31,25,0,Yes,None,1228.48,2456.96,29024.22,88916.75,Delivered
BOL003981,HMM,Nippon Express,Home Depot Canada,Chemicals,40HC,5,Colombo,Chicago,DDP,2022-03-28,2022-04-30,2022-05-10,33,10,No,Port Congestion,2349.97,11749.85,27766.77,423101.22,Delayed
BOL003982,COSCO,Sinotrans,Loblaw Companies,Toys,40HC,8,Hamburg,Montreal,EXW,2022-01-30,2022-03-01,2022-03-01,30,0,Yes,None,1579.54,12636.32,44021.71,266622.06,Delivered
BOL003983,Maersk,CEVA Logistics,Home Depot Canada,Furniture,20RF,5,Hong Kong,Montreal,DDP,2023-04-05,2023-04-29,2023-04-29,24,0,Yes,None,1893.57,9467.85,51787.11,342576.08,Delivered
BOL003984,Maersk,DSV,Giant Tiger,Food Products,20GP,3,Busan,Houston,CIF,2023-03-18,2023-05-01,2023-05-01,44,0,Yes,None,1683.22,5049.66,29803.05,275928.61,Delivered
BOL003985,MSC,Expeditors,Empire Company,Food Products,20RF,9,Shanghai,Chicago,FOB,2022-06-19,2022-07-26,2022-07-26,37,0,Yes,None,1546.21,13915.89,150054.77,202646.86,Delivered
BOL003986,CMA CGM,Nippon Express,Shoppers Drug Mart,Machinery,40HC,10,Colombo,Halifax,EXW,2023-12-01,2024-01-01,2024-01-01,31,0,Yes,None,4166.92,41669.2,214490.68,327446.32,Delivered
BOL003987,ONE,Kuehne+Nagel,Metro Inc,Textiles,40GP,4,Busan,Toronto,FOB,2023-08-10,2023-09-19,2023-09-19,40,0,Yes,None,4461.29,17845.16,25193.84,410157.78,Delivered
BOL003988,HMM,DSV,Home Depot Canada,Machinery,45HC,3,Shanghai,Halifax,CFR,2024-01-08,2024-02-13,2024-02-13,36,0,Yes,None,3028.58,9085.74,39886.5,420739.54,Delivered
BOL003989,Yang Ming,Panalpina,Sport Chek,Chemicals,40GP,2,Busan,Montreal,EXW,2023-05-07,2023-06-18,2023-06-18,42,0,Yes,None,1451.82,2903.64,55510.22,311304.26,Delivered
BOL003990,CMA CGM,Kuehne+Nagel,Mountain Equipment,Toys,40RF,9,Hamburg,Halifax,CFR,2022-05-02,2022-05-26,2022-05-26,24,0,Yes,None,866.74,7800.66,84328.52,356276.19,Delivered
BOL003991,Hapag-Lloyd,CEVA Logistics,Hudson Bay,Food Products,45HC,6,Kaohsiung,Vancouver,FOB,2023-03-11,2023-04-05,2023-04-05,25,0,Yes,None,1081.26,6487.56,56064.21,191158.82,Delivered
BOL003992,Yang Ming,Expeditors,Walmart Canada,Electronics,20RF,9,Hamburg,Vancouver,FOB,2022-08-23,2022-09-22,2022-09-22,30,0,Yes,None,4237.36,38136.24,101830.56,12714.75,Delivered
BOL003993,HMM,Kuehne+Nagel,Costco Canada,Toys,20RF,10,Busan,New York,EXW,2022-08-13,2022-09-24,2022-09-24,42,0,Yes,None,2392.53,23925.3,90273.44,190359.88,Delivered
BOL003994,Maersk,Expeditors,Shoppers Drug Mart,Electronics,20RF,7,Singapore,Toronto,CIF,2024-10-09,2024-11-12,2024-11-12,34,0,Yes,None,1170.18,8191.26,64773.62,333821.18,Delivered
BOL003995,Hapag-Lloyd,Nippon Express,Metro Inc,Electronics,20RF,4,Colombo,Seattle,DDP,2024-10-08,2024-11-12,2024-11-12,35,0,Yes,None,2071.53,8286.12,78791.93,100670.44,Delivered
BOL003996,Yang Ming,DSV,Best Buy Canada,Machinery,40HC,3,Shanghai,Los Angeles,CIF,2024-02-01,2024-03-17,2024-03-17,45,0,Yes,None,4186.54,12559.62,38902.4,317854.38,Delivered
BOL003997,HMM,DB Schenker,Costco Canada,Food Products,40GP,5,Ningbo,Seattle,CFR,2022-10-13,2022-11-15,2022-11-15,33,0,Yes,None,4038.71,20193.55,81488.77,328483.63,Delivered
BOL003998,Maersk,DSV,Loblaws,Machinery,40HC,8,Busan,New York,CIF,2022-01-12,2022-02-17,2022-02-17,36,0,Yes,None,820.63,6565.04,86185.57,183951.64,Delivered
BOL003999,ZIM,CEVA Logistics,Loblaws,Auto Parts,20RF,3,Busan,New York,FOB,2022-08-17,2022-09-23,2022-09-23,37,0,Yes,None,3355.35,10066.05,50638.42,153433.27,Delivered
BOL004000,MSC,Panalpina,Sobeys,Machinery,20RF,2,Shenzhen,Vancouver,FOB,2022-10-20,2022-11-04,2022-11-08,15,4,No,Port Congestion,3726.54,7453.08,46626.85,118819.95,Delivered
BOL004001,Evergreen,DSV,Costco Canada,Electronics,40GP,2,Singapore,Chicago,EXW,2024-02-05,2024-03-19,2024-03-19,43,0,Yes,None,3951.94,7903.88,51688.95,133651.59,Delivered
BOL004002,MSC,Nippon Express,IKEA Canada,Food Products,20GP,9,Colombo,Montreal,FOB,2023-06-19,2023-08-02,2023-08-02,44,0,Yes,None,1346.94,12122.46,92443.84,81288.48,Delivered
BOL004003,Hapag-Lloyd,Panalpina,Mountain Equipment,Food Products,20GP,8,Hamburg,Vancouver,CIF,2022-06-24,2022-07-28,2022-07-28,34,0,Yes,None,1635.22,13081.76,192774.3,80328.44,Delivered
BOL004004,CMA CGM,Expeditors,Hudson Bay,Electronics,20RF,7,Colombo,Seattle,CIF,2023-08-26,2023-09-18,2023-09-18,23,0,Yes,None,1594.42,11160.94,181820.49,359975.15,Delivered
BOL004005,Hapag-Lloyd,Panalpina,Sport Chek,Electronics,40GP,8,Ningbo,Seattle,CIF,2024-12-11,2025-01-08,2025-01-08,28,0,Yes,None,1024.02,8192.16,152165.44,127142.29,In Transit
BOL004006,Maersk,Panalpina,Metro Inc,Textiles,40HC,9,Busan,Vancouver,FOB,2023-12-04,2024-01-07,2024-01-07,34,0,Yes,None,4229.68,38067.12,79257.97,363365.32,Delivered
BOL004007,Evergreen,CEVA Logistics,Loblaws,Toys,40RF,2,Ningbo,Seattle,DDP,2023-07-27,2023-08-11,2023-08-11,15,0,Yes,None,1736.68,3473.36,40332.2,265763.66,Delivered
BOL004008,CMA CGM,Sinotrans,Empire Company,Apparel,40RF,2,Shanghai,Miami,DDP,2023-06-15,2023-07-16,2023-07-24,31,8,No,Documentation Error,3471.36,6942.72,48031.73,80680.81,Delayed
BOL004009,ONE,Kuehne+Nagel,Empire Company,Food Products,45HC,4,Hong Kong,Houston,CIF,2022-07-14,2022-08-11,2022-08-11,28,0,Yes,None,3746.48,14985.92,42746.69,38819.43,Delivered
BOL004010,Hapag-Lloyd,Expeditors,Loblaw Companies,Steel Products,40HC,8,Shanghai,Seattle,CIF,2023-06-28,2023-07-19,2023-07-19,21,0,Yes,None,4418.8,35350.4,162204.31,497330.94,Delivered
BOL004011,CMA CGM,Nippon Express,Shoppers Drug Mart,Toys,40RF,6,Shanghai,Montreal,EXW,2024-05-28,2024-07-07,2024-07-07,40,0,Yes,None,3400.14,20400.84,118161.59,62104.62,Delivered
BOL004012,ZIM,Expeditors,Empire Company,Auto Parts,20RF,10,Busan,New York,DAP,2023-07-18,2023-08-24,2023-08-24,37,0,Yes,None,1355.6,13556.0,135429.89,249042.48,Delivered
BOL004013,ONE,DSV,Walmart Canada,Textiles,20GP,5,Shanghai,Halifax,CIF,2024-02-05,2024-03-04,2024-03-04,28,0,Yes,None,2258.32,11291.6,31099.24,39422.38,Delivered
BOL004014,ZIM,Expeditors,Empire Company,Machinery,20GP,1,Hamburg,Chicago,DDP,2022-12-18,2023-01-26,2023-01-26,39,0,Yes,None,1455.34,1455.34,13256.42,166701.01,Delivered
BOL004015,HMM,Expeditors,Walmart Canada,Toys,40GP,2,Ningbo,Montreal,EXW,2024-03-21,2024-04-29,2024-04-29,39,0,Yes,None,2280.18,4560.36,33933.84,155964.06,Delivered
BOL004016,ONE,Panalpina,Best Buy Canada,Food Products,40HC,8,Busan,Halifax,CIF,2023-02-21,2023-03-24,2023-04-08,31,15,No,Equipment Shortage,3778.98,30231.84,150295.16,106223.63,Delayed
BOL004017,Yang Ming,Expeditors,Home Depot Canada,Toys,40GP,7,Kaohsiung,Los Angeles,FOB,2023-08-20,2023-09-12,2023-09-12,23,0,Yes,None,2481.87,17373.09,48052.14,267535.84,Delivered
BOL004018,ONE,DSV,Home Depot Canada,Steel Products,45HC,8,Hamburg,Seattle,EXW,2024-06-01,2024-06-19,2024-06-19,18,0,Yes,None,1609.5,12876.0,185727.78,68967.48,Delivered
BOL004019,HMM,Sinotrans,Best Buy Canada,Toys,20GP,5,Hamburg,Miami,CFR,2023-06-28,2023-08-12,2023-08-12,45,0,Yes,None,2064.04,10320.2,127563.57,487392.26,Delivered
BOL004020,Maersk,DB Schenker,Groupe Touchette,Electronics,40HC,4,Rotterdam,New York,DAP,2022-10-09,2022-11-21,2022-11-21,43,0,Yes,None,2929.77,11719.08,80583.31,34502.11,Delivered
BOL004021,Yang Ming,Kuehne+Nagel,Hudson Bay,Auto Parts,40RF,9,Busan,Houston,CFR,2023-03-02,2023-03-29,2023-03-29,27,0,Yes,None,2952.64,26573.76,60779.18,255056.54,Delivered
BOL004022,ZIM,CEVA Logistics,Best Buy Canada,Auto Parts,20GP,7,Colombo,Seattle,EXW,2022-08-11,2022-09-23,2022-09-23,43,0,Yes,None,1325.3,9277.1,138476.37,431771.63,Delivered
BOL004023,HMM,DB Schenker,Groupe Touchette,Machinery,45HC,9,Singapore,Seattle,DAP,2023-12-25,2024-02-06,2024-02-06,43,0,Yes,None,2069.76,18627.84,250450.65,28050.73,Delivered
BOL004024,COSCO,Sinotrans,Loblaw Companies,Toys,45HC,7,Kaohsiung,Toronto,CFR,2023-04-25,2023-06-03,2023-06-16,39,13,No,Port Congestion,3998.24,27987.68,181142.93,354123.21,Delayed
BOL004025,ONE,Sinotrans,IKEA Canada,Furniture,45HC,8,Rotterdam,New York,DAP,2024-02-24,2024-03-23,2024-03-23,28,0,Yes,None,2475.86,19806.88,118692.32,315519.3,Delivered
BOL004026,COSCO,CEVA Logistics,Groupe Touchette,Auto Parts,40HC,6,Shenzhen,New York,CFR,2022-01-24,2022-02-08,2022-02-08,15,0,Yes,None,841.36,5048.16,31248.85,283856.31,Delivered
BOL004027,Maersk,Sinotrans,Groupe Touchette,Toys,40GP,9,Hamburg,Halifax,DAP,2022-07-20,2022-08-07,2022-08-07,18,0,Yes,None,3188.98,28700.82,45925.41,492935.91,Delivered
BOL004028,COSCO,DB Schenker,Hudson Bay,Electronics,20GP,7,Shanghai,Los Angeles,CIF,2022-09-11,2022-10-06,2022-10-06,25,0,Yes,None,2377.65,16643.55,41461.58,93836.95,Delivered
BOL004029,Yang Ming,Panalpina,Sport Chek,Food Products,20GP,7,Colombo,Miami,CIF,2023-09-09,2023-10-11,2023-10-11,32,0,Yes,None,2005.28,14036.96,111148.76,415518.48,Delivered
BOL004030,Maersk,DB Schenker,Best Buy Canada,Steel Products,20RF,4,Colombo,Chicago,CFR,2024-10-16,2024-11-02,2024-11-07,17,5,No,Documentation Error,1529.37,6117.48,72521.61,106880.52,Delivered
BOL004031,ZIM,DSV,Groupe Touchette,Auto Parts,40HC,10,Singapore,Los Angeles,EXW,2024-03-20,2024-04-07,2024-04-07,18,0,Yes,None,2863.92,28639.2,152990.76,487988.19,Delivered
BOL004032,Yang Ming,Sinotrans,Groupe Touchette,Chemicals,40HC,5,Rotterdam,Chicago,CIF,2022-04-24,2022-06-06,2022-06-06,43,0,Yes,None,2533.35,12666.75,30528.95,313954.18,Delivered
BOL004033,ZIM,CEVA Logistics,Best Buy Canada,Auto Parts,20RF,10,Colombo,Toronto,DDP,2024-07-29,2024-08-28,2024-08-28,30,0,Yes,None,3911.46,39114.6,67884.36,220413.29,Delivered
BOL004034,Maersk,Sinotrans,IKEA Canada,Electronics,45HC,8,Ningbo,Los Angeles,DDP,2022-02-28,2022-03-19,2022-03-19,19,0,Yes,None,2286.38,18291.04,213225.33,32776.03,Delivered
BOL004035,CMA CGM,DB Schenker,Sport Chek,Machinery,40GP,4,Singapore,Vancouver,EXW,2023-09-23,2023-10-15,2023-10-15,22,0,Yes,None,2071.54,8286.16,36622.3,24506.28,Delivered
BOL004036,Hapag-Lloyd,Sinotrans,Costco Canada,Apparel,20GP,3,Shanghai,Halifax,FOB,2022-08-11,2022-09-03,2022-09-03,23,0,Yes,None,2135.87,6407.61,83992.28,326886.79,Delivered
BOL004037,Evergreen,Panalpina,Aldo Group,Food Products,40RF,6,Kaohsiung,Montreal,EXW,2023-11-14,2023-12-14,2023-12-14,30,0,Yes,None,1160.89,6965.34,137143.42,166554.25,Delivered
BOL004038,Hapag-Lloyd,Kuehne+Nagel,Sport Chek,Auto Parts,20RF,8,Busan,Vancouver,FOB,2022-02-23,2022-03-20,2022-03-20,25,0,Yes,None,2171.73,17373.84,218982.97,84778.25,Delivered
BOL004039,HMM,Kuehne+Nagel,Aldo Group,Electronics,20RF,6,Shanghai,Halifax,DAP,2023-09-06,2023-10-05,2023-10-05,29,0,Yes,None,4282.27,25693.62,109695.58,152117.92,Delivered
BOL004040,Yang Ming,CEVA Logistics,Reitmans,Machinery,20GP,1,Shenzhen,New York,DAP,2022-09-21,2022-10-19,2022-10-19,28,0,Yes,None,1754.06,1754.06,18305.37,252523.06,Delivered
BOL004041,Maersk,Nippon Express,Reitmans,Chemicals,20GP,4,Hamburg,Halifax,CIF,2024-02-28,2024-04-11,2024-04-11,43,0,Yes,None,3015.54,12062.16,33085.99,403087.39,Delivered
BOL004042,ZIM,Nippon Express,Groupe Touchette,Electronics,40RF,10,Ningbo,Halifax,CIF,2023-11-13,2023-12-01,2023-12-01,18,0,Yes,None,2061.22,20612.2,217943.13,133335.76,Delivered
BOL004043,Yang Ming,Kuehne+Nagel,Empire Company,Steel Products,20GP,5,Busan,Los Angeles,EXW,2024-10-07,2024-11-02,2024-11-06,26,4,No,Port Congestion,4147.63,20738.15,54461.83,477474.43,Delivered
BOL004044,ONE,Expeditors,Hudson Bay,Textiles,40GP,3,Colombo,Miami,DAP,2022-01-17,2022-02-16,2022-02-16,30,0,Yes,None,4247.55,12742.65,17315.49,484927.94,Delivered
BOL004045,ZIM,Panalpina,Giant Tiger,Machinery,20GP,10,Shenzhen,Chicago,DAP,2023-04-03,2023-05-03,2023-05-03,30,0,Yes,None,1647.41,16474.1,247550.06,449649.86,Delivered
BOL004046,CMA CGM,Kuehne+Nagel,Loblaw Companies,Machinery,20GP,5,Busan,Vancouver,CIF,2024-09-23,2024-10-21,2024-10-21,28,0,Yes,None,1203.31,6016.55,126498.18,44290.82,Delivered
BOL004047,Maersk,DSV,Metro Inc,Chemicals,20GP,8,Busan,Toronto,DAP,2024-07-27,2024-08-19,2024-08-24,23,5,No,Equipment Shortage,1813.35,14506.8,82030.1,321960.38,Delivered
BOL004048,MSC,Expeditors,Sport Chek,Auto Parts,40HC,1,Hong Kong,Chicago,CIF,2022-09-11,2022-10-23,2022-10-23,42,0,Yes,None,2246.73,2246.73,24239.08,250292.1,Delivered
BOL004049,CMA CGM,CEVA Logistics,Costco Canada,Steel Products,40HC,1,Kaohsiung,Los Angeles,CFR,2022-01-12,2022-02-01,2022-02-01,20,0,Yes,None,4170.17,4170.17,17683.87,323997.72,Delivered
BOL004050,COSCO,DB Schenker,Sobeys,Food Products,40GP,8,Shanghai,New York,FOB,2022-11-07,2022-11-30,2022-11-30,23,0,Yes,None,912.97,7303.76,162842.49,396128.63,Delivered
BOL004051,MSC,Panalpina,Loblaw Companies,Steel Products,20RF,8,Kaohsiung,Houston,DAP,2023-09-04,2023-09-30,2023-09-30,26,0,Yes,None,1494.61,11956.88,90488.15,70511.15,Delivered
BOL004052,COSCO,Nippon Express,Empire Company,Food Products,40GP,2,Ningbo,Seattle,CIF,2023-11-14,2023-12-22,2023-12-22,38,0,Yes,None,2203.84,4407.68,50245.96,326230.57,Delivered
BOL004053,ONE,Kuehne+Nagel,Best Buy Canada,Chemicals,40RF,2,Rotterdam,Halifax,CIF,2024-05-08,2024-06-14,2024-06-14,37,0,Yes,None,1293.21,2586.42,48652.71,496185.51,Delivered
BOL004054,ZIM,Kuehne+Nagel,Loblaws,Apparel,20GP,6,Hong Kong,Halifax,CIF,2022-03-14,2022-04-18,2022-04-18,35,0,Yes,None,2214.66,13287.96,83907.89,361382.78,Delivered
BOL004055,CMA CGM,Sinotrans,Aldo Group,Machinery,20RF,9,Colombo,Houston,DAP,2022-08-21,2022-09-12,2022-09-12,22,0,Yes,None,1048.29,9434.61,100895.58,427049.44,Delivered
BOL004056,Maersk,DSV,Canadian Tire,Food Products,20RF,6,Kaohsiung,Montreal,CFR,2023-10-17,2023-11-22,2023-11-27,36,5,No,Port Congestion,1995.46,11972.76,104621.37,443963.13,Delivered
BOL004057,Maersk,Sinotrans,Loblaw Companies,Food Products,20RF,10,Singapore,Chicago,FOB,2023-05-08,2023-06-21,2023-06-21,44,0,Yes,None,2938.58,29385.8,192961.33,418015.45,Delivered
BOL004058,Maersk,Expeditors,Sobeys,Toys,40HC,3,Shanghai,Los Angeles,DAP,2022-03-13,2022-04-19,2022-04-19,37,0,Yes,None,1189.57,3568.71,54031.88,291178.59,Delivered
BOL004059,Maersk,Nippon Express,Groupe Touchette,Chemicals,40GP,10,Hamburg,Seattle,CIF,2022-04-15,2022-05-04,2022-05-04,19,0,Yes,None,1615.52,16155.2,96653.16,199816.64,Delivered
BOL004060,CMA CGM,DB Schenker,IKEA Canada,Chemicals,20GP,3,Shenzhen,New York,CIF,2022-10-07,2022-11-12,2022-11-12,36,0,Yes,None,4265.48,12796.44,63035.13,298090.17,Delivered
BOL004061,CMA CGM,Kuehne+Nagel,Best Buy Canada,Apparel,40RF,1,Singapore,Los Angeles,CIF,2024-01-03,2024-02-02,2024-02-02,30,0,Yes,None,1924.17,1924.17,6816.51,94673.03,Delivered
BOL004062,Maersk,Kuehne+Nagel,Reitmans,Apparel,40RF,9,Rotterdam,Vancouver,DAP,2023-10-30,2023-12-02,2023-12-02,33,0,Yes,None,3584.6,32261.4,48183.87,341862.16,Delivered
BOL004063,ONE,Sinotrans,Empire Company,Apparel,45HC,8,Shanghai,Halifax,DDP,2022-01-08,2022-02-22,2022-02-22,45,0,Yes,None,3309.87,26478.96,195664.84,249965.2,Delivered
BOL004064,Hapag-Lloyd,DB Schenker,Best Buy Canada,Machinery,40GP,1,Singapore,Toronto,FOB,2022-01-22,2022-03-05,2022-03-05,42,0,Yes,None,1938.33,1938.33,10596.63,97229.87,Delivered
BOL004065,ONE,DB Schenker,Home Depot Canada,Chemicals,45HC,4,Shenzhen,Chicago,FOB,2022-06-04,2022-07-16,2022-07-16,42,0,Yes,None,4130.09,16520.36,89592.43,107992.49,Delivered
BOL004066,ONE,Expeditors,Sport Chek,Food Products,40GP,9,Hamburg,Seattle,EXW,2022-02-02,2022-03-04,2022-03-04,30,0,Yes,None,4413.91,39725.19,155981.68,218173.5,Delivered
BOL004067,Evergreen,CEVA Logistics,Groupe Touchette,Apparel,40GP,1,Colombo,Houston,CFR,2024-02-23,2024-03-23,2024-03-23,29,0,Yes,None,2903.85,2903.85,17027.19,56357.36,Delivered
BOL004068,ZIM,DSV,Loblaw Companies,Auto Parts,40HC,7,Shanghai,Los Angeles,CFR,2024-12-11,2025-01-24,2025-01-24,44,0,Yes,None,1218.2,8527.4,117941.53,442554.93,In Transit
BOL004069,COSCO,Expeditors,Hudson Bay,Textiles,20GP,5,Hong Kong,Toronto,DDP,2024-03-09,2024-04-21,2024-04-21,43,0,Yes,None,4385.36,21926.8,115027.79,147291.99,Delivered
BOL004070,Evergreen,DB Schenker,Sobeys,Furniture,45HC,10,Hamburg,Seattle,CIF,2022-10-17,2022-11-16,2022-11-16,30,0,Yes,None,2397.87,23978.7,194155.59,159527.08,Delivered
BOL004071,COSCO,DSV,Aldo Group,Food Products,20GP,4,Rotterdam,Vancouver,DDP,2023-06-08,2023-07-02,2023-07-02,24,0,Yes,None,1652.89,6611.56,48131.31,12604.83,Delivered
BOL004072,ONE,Kuehne+Nagel,Sport Chek,Textiles,40GP,8,Rotterdam,Halifax,CIF,2024-04-07,2024-04-22,2024-04-22,15,0,Yes,None,1733.48,13867.84,108248.43,462745.56,Delivered
BOL004073,CMA CGM,Kuehne+Nagel,Hudson Bay,Chemicals,40GP,9,Colombo,Toronto,DAP,2024-05-29,2024-06-18,2024-06-18,20,0,Yes,None,3298.28,29684.52,59616.97,384778.91,Delivered
BOL004074,ONE,Kuehne+Nagel,Indigo Books,Food Products,40HC,5,Ningbo,Miami,CIF,2024-06-25,2024-07-26,2024-07-26,31,0,Yes,None,1015.69,5078.45,41920.83,63192.35,Delivered
BOL004075,Yang Ming,Kuehne+Nagel,Costco Canada,Electronics,40GP,1,Hamburg,Miami,EXW,2024-03-20,2024-04-06,2024-04-06,17,0,Yes,None,4051.06,4051.06,5622.6,88499.26,Delivered
BOL004076,ZIM,DB Schenker,Empire Company,Toys,45HC,5,Busan,Seattle,CIF,2023-03-23,2023-05-06,2023-05-06,44,0,Yes,None,2567.64,12838.2,68681.1,363670.3,Delivered
BOL004077,CMA CGM,Kuehne+Nagel,Indigo Books,Textiles,40RF,2,Rotterdam,Vancouver,CIF,2023-06-11,2023-07-05,2023-07-05,24,0,Yes,None,1451.81,2903.62,34785.32,250868.31,Delivered
BOL004078,MSC,Sinotrans,Canadian Tire,Steel Products,20RF,9,Singapore,Montreal,EXW,2022-11-23,2022-12-24,2022-12-24,31,0,Yes,None,2507.8,22570.2,171117.79,304150.07,Delivered
BOL004079,Evergreen,Sinotrans,Metro Inc,Furniture,45HC,2,Rotterdam,Seattle,EXW,2022-09-07,2022-10-02,2022-10-02,25,0,Yes,None,3476.42,6952.84,23537.7,28040.33,Delivered
BOL004080,HMM,Sinotrans,Reitmans,Auto Parts,45HC,3,Hong Kong,Miami,DDP,2024-10-27,2024-11-27,2024-11-27,31,0,Yes,None,1820.84,5462.52,20121.97,470542.83,Delivered
BOL004081,Yang Ming,CEVA Logistics,Sobeys,Machinery,40HC,5,Hamburg,Montreal,DAP,2023-10-12,2023-10-30,2023-10-30,18,0,Yes,None,1210.13,6050.65,116026.17,256139.35,Delivered
BOL004082,ZIM,Expeditors,Mountain Equipment,Electronics,40GP,1,Rotterdam,Los Angeles,DAP,2022-08-21,2022-09-30,2022-09-30,40,0,Yes,None,4074.29,4074.29,8472.0,127305.2,Delivered
BOL004083,Evergreen,DB Schenker,Home Depot Canada,Chemicals,20RF,6,Hong Kong,Chicago,DDP,2022-05-28,2022-06-24,2022-06-24,27,0,Yes,None,4297.4,25784.4,125158.17,469242.2,Delivered
BOL004084,Hapag-Lloyd,CEVA Logistics,Canadian Tire,Electronics,20RF,7,Hong Kong,Los Angeles,EXW,2022-02-09,2022-03-14,2022-03-14,33,0,Yes,None,1610.51,11273.57,123762.32,421074.44,Delivered
BOL004085,Maersk,DB Schenker,Groupe Touchette,Steel Products,20GP,7,Colombo,Montreal,EXW,2023-07-23,2023-08-26,2023-08-26,34,0,Yes,None,3177.73,22244.11,158022.29,16214.54,Delivered
BOL004086,CMA CGM,DB Schenker,Canadian Tire,Chemicals,40RF,9,Busan,Los Angeles,DAP,2023-06-19,2023-07-16,2023-07-16,27,0,Yes,None,1115.32,10037.88,250853.45,316742.5,Delivered
BOL004087,CMA CGM,Sinotrans,Loblaws,Textiles,45HC,7,Colombo,Halifax,FOB,2022-08-15,2022-09-04,2022-09-04,20,0,Yes,None,4392.27,30745.89,166725.04,88746.79,Delivered
BOL004088,COSCO,Kuehne+Nagel,Home Depot Canada,Auto Parts,40RF,2,Hong Kong,Chicago,DAP,2023-12-18,2024-01-28,2024-01-28,41,0,Yes,None,3858.5,7717.0,32182.46,64090.81,Delivered
BOL004089,Hapag-Lloyd,Expeditors,Empire Company,Toys,45HC,7,Kaohsiung,New York,DDP,2023-10-10,2023-11-08,2023-11-08,29,0,Yes,None,3618.79,25331.53,171596.93,159746.89,Delivered
BOL004090,MSC,Sinotrans,Mountain Equipment,Apparel,45HC,8,Rotterdam,Miami,EXW,2022-04-18,2022-05-16,2022-05-16,28,0,Yes,None,2824.83,22598.64,182852.2,408013.17,Delivered
BOL004091,Maersk,DB Schenker,Reitmans,Apparel,45HC,5,Rotterdam,Miami,DAP,2022-06-07,2022-07-17,2022-07-17,40,0,Yes,None,3285.51,16427.55,67557.05,260581.86,Delivered
BOL004092,ZIM,Nippon Express,Loblaw Companies,Steel Products,40RF,8,Shanghai,Los Angeles,DAP,2024-02-20,2024-03-11,2024-03-11,20,0,Yes,None,1641.83,13134.64,123255.23,461264.28,Delivered
BOL004093,MSC,Sinotrans,Mountain Equipment,Toys,20RF,7,Hong Kong,Los Angeles,EXW,2023-02-19,2023-03-05,2023-03-05,14,0,Yes,None,3112.31,21786.17,174808.44,159342.9,Delivered
BOL004094,Yang Ming,DSV,Best Buy Canada,Textiles,45HC,9,Colombo,Toronto,EXW,2023-10-06,2023-11-06,2023-11-06,31,0,Yes,None,1894.6,17051.4,107788.38,120906.34,Delivered
BOL004095,HMM,Kuehne+Nagel,Loblaw Companies,Steel Products,40HC,8,Rotterdam,Seattle,DAP,2024-02-05,2024-03-19,2024-03-19,43,0,Yes,None,1528.92,12231.36,199102.04,177738.82,Delivered
BOL004096,Evergreen,DSV,Sport Chek,Steel Products,20GP,3,Hamburg,Miami,FOB,2023-12-06,2024-01-16,2024-01-16,41,0,Yes,None,4459.45,13378.35,58270.9,429772.7,Delivered
BOL004097,Hapag-Lloyd,Kuehne+Nagel,Reitmans,Toys,45HC,7,Kaohsiung,Miami,FOB,2024-10-19,2024-11-15,2024-11-15,27,0,Yes,None,2736.67,19156.69,144445.75,197857.51,Delivered
BOL004098,ONE,Panalpina,Sobeys,Apparel,20RF,7,Kaohsiung,Seattle,FOB,2024-09-14,2024-10-20,2024-10-20,36,0,Yes,None,1198.55,8389.85,137010.39,453392.18,Delivered
BOL004099,CMA CGM,Sinotrans,Indigo Books,Food Products,40HC,1,Shenzhen,Miami,CFR,2024-05-08,2024-06-04,2024-06-04,27,0,Yes,None,2326.08,2326.08,8504.39,27070.91,Delivered
BOL004100,Evergreen,DB Schenker,Indigo Books,Apparel,20RF,4,Busan,Seattle,CFR,2024-09-10,2024-10-04,2024-10-04,24,0,Yes,None,1594.34,6377.36,94486.75,97090.37,Delivered
BOL004101,CMA CGM,Panalpina,Best Buy Canada,Food Products,20GP,3,Kaohsiung,Seattle,DAP,2023-09-16,2023-10-12,2023-10-12,26,0,Yes,None,4084.03,12252.09,18083.15,241635.65,Delivered
BOL004102,HMM,DSV,Mountain Equipment,Machinery,40RF,8,Colombo,New York,DDP,2024-05-14,2024-06-02,2024-06-02,19,0,Yes,None,3781.33,30250.64,42735.46,87263.59,Delivered
BOL004103,CMA CGM,CEVA Logistics,Costco Canada,Textiles,45HC,2,Rotterdam,Houston,EXW,2022-06-10,2022-07-18,2022-07-18,38,0,Yes,None,2099.42,4198.84,10053.19,323554.75,Delivered
BOL004104,CMA CGM,CEVA Logistics,Canadian Tire,Furniture,40RF,9,Kaohsiung,Los Angeles,CIF,2022-03-06,2022-04-05,2022-04-05,30,0,Yes,None,4071.07,36639.63,155531.18,402208.37,Delivered
BOL004105,COSCO,DB Schenker,Empire Company,Electronics,45HC,8,Shanghai,Vancouver,CIF,2024-02-28,2024-04-04,2024-04-04,36,0,Yes,None,1931.43,15451.44,61222.82,143348.15,Delivered
BOL004106,COSCO,Kuehne+Nagel,Walmart Canada,Toys,40GP,2,Rotterdam,Miami,DDP,2022-01-03,2022-02-10,2022-02-22,38,12,No,Equipment Shortage,4220.29,8440.58,11262.49,418953.52,Delayed
BOL004107,Evergreen,CEVA Logistics,Aldo Group,Food Products,45HC,8,Hong Kong,Montreal,EXW,2024-09-28,2024-11-05,2024-11-05,38,0,Yes,None,1202.15,9617.2,83278.99,139961.82,Delivered
BOL004108,CMA CGM,Kuehne+Nagel,Sport Chek,Electronics,20RF,2,Ningbo,Los Angeles,CFR,2022-07-16,2022-08-25,2022-08-25,40,0,Yes,None,3877.29,7754.58,29408.42,209778.35,Delivered
BOL004109,HMM,Expeditors,Reitmans,Machinery,20GP,6,Busan,Halifax,DAP,2022-02-26,2022-03-20,2022-03-20,22,0,Yes,None,890.63,5343.78,108779.39,196666.19,Delivered
BOL004110,Hapag-Lloyd,DSV,Empire Company,Auto Parts,20GP,9,Hamburg,Halifax,EXW,2023-08-27,2023-09-14,2023-09-14,18,0,Yes,None,1338.17,12043.53,189123.99,157974.44,Delivered
BOL004111,CMA CGM,Panalpina,Hudson Bay,Auto Parts,45HC,7,Shenzhen,New York,CFR,2022-08-20,2022-10-02,2022-10-02,43,0,Yes,None,1130.55,7913.85,189879.64,205230.9,Delivered
BOL004112,Yang Ming,Nippon Express,Walmart Canada,Chemicals,20RF,8,Ningbo,Vancouver,CFR,2022-01-21,2022-02-11,2022-02-11,21,0,Yes,None,3796.87,30374.96,55108.0,384376.79,Delivered
BOL004113,Evergreen,DSV,Walmart Canada,Electronics,20GP,6,Colombo,Montreal,CFR,2022-11-04,2022-12-12,2022-12-12,38,0,Yes,None,3237.5,19425.0,130657.22,313797.45,Delivered
BOL004114,CMA CGM,Panalpina,Reitmans,Electronics,45HC,3,Shanghai,Chicago,FOB,2023-12-01,2023-12-20,2023-12-20,19,0,Yes,None,3023.62,9070.86,20689.28,471559.86,Delivered
BOL004115,CMA CGM,DB Schenker,Best Buy Canada,Furniture,20GP,2,Rotterdam,Seattle,EXW,2022-05-06,2022-06-11,2022-06-11,36,0,Yes,None,3630.43,7260.86,30171.59,202848.8,Delivered
BOL004116,ONE,DB Schenker,Hudson Bay,Steel Products,20GP,4,Shenzhen,Halifax,CFR,2024-11-11,2024-12-19,2024-12-19,38,0,Yes,None,4354.57,17418.28,67499.74,71181.22,Delivered
BOL004117,MSC,DB Schenker,Hudson Bay,Chemicals,40HC,5,Rotterdam,Miami,CFR,2023-01-07,2023-02-06,2023-02-06,30,0,Yes,None,3728.75,18643.75,55320.67,361353.16,Delivered
BOL004118,ONE,Kuehne+Nagel,Groupe Touchette,Chemicals,45HC,5,Colombo,Los Angeles,DDP,2022-10-02,2022-10-19,2022-10-19,17,0,Yes,None,3830.95,19154.75,69465.39,280353.15,Delivered
BOL004119,COSCO,CEVA Logistics,Metro Inc,Furniture,20GP,8,Hong Kong,Vancouver,FOB,2023-08-27,2023-09-24,2023-09-24,28,0,Yes,None,1430.71,11445.68,104409.3,370630.28,Delivered
BOL004120,ZIM,DB Schenker,Loblaws,Auto Parts,20GP,9,Colombo,Chicago,CIF,2024-04-27,2024-05-18,2024-05-31,21,13,No,Documentation Error,2629.38,23664.42,67972.33,176667.27,Delayed
BOL004121,Maersk,Nippon Express,Hudson Bay,Toys,40GP,7,Hong Kong,Seattle,DDP,2022-05-02,2022-06-07,2022-06-07,36,0,Yes,None,2146.14,15022.98,158395.59,294418.35,Delivered
BOL004122,ZIM,Nippon Express,IKEA Canada,Furniture,45HC,10,Shenzhen,Vancouver,FOB,2022-11-18,2022-12-02,2022-12-02,14,0,Yes,None,4326.56,43265.6,191524.82,380595.22,Delivered
BOL004123,Maersk,Kuehne+Nagel,Empire Company,Furniture,20GP,7,Ningbo,Seattle,CIF,2022-04-15,2022-05-10,2022-05-10,25,0,Yes,None,2609.91,18269.37,97184.0,348263.05,Delivered
BOL004124,MSC,Kuehne+Nagel,IKEA Canada,Machinery,20GP,9,Shanghai,Halifax,DDP,2022-03-19,2022-04-12,2022-04-12,24,0,Yes,None,1563.97,14075.73,158766.91,418852.4,Delivered
BOL004125,CMA CGM,Expeditors,Sobeys,Auto Parts,40HC,4,Colombo,Halifax,FOB,2023-05-02,2023-06-01,2023-06-01,30,0,Yes,None,4460.32,17841.28,82313.39,356333.53,Delivered
BOL004126,Evergreen,Expeditors,Loblaw Companies,Electronics,20RF,9,Hamburg,Vancouver,EXW,2022-06-13,2022-07-11,2022-07-11,28,0,Yes,None,2722.08,24498.72,214002.72,269274.39,Delivered
BOL004127,Yang Ming,Nippon Express,Giant Tiger,Machinery,20GP,10,Hamburg,Halifax,CIF,2024-11-05,2024-12-19,2024-12-19,44,0,Yes,None,825.46,8254.6,220484.29,247227.84,Delivered
BOL004128,COSCO,Expeditors,Home Depot Canada,Chemicals,40GP,6,Shenzhen,New York,EXW,2022-03-12,2022-04-24,2022-04-24,43,0,Yes,None,1709.68,10258.08,163540.92,297619.14,Delivered
BOL004129,Hapag-Lloyd,Expeditors,IKEA Canada,Machinery,40HC,9,Kaohsiung,Houston,CIF,2022-09-08,2022-10-21,2022-10-21,43,0,Yes,None,3288.71,29598.39,114370.16,352327.77,Delivered
BOL004130,COSCO,Kuehne+Nagel,Loblaw Companies,Textiles,40RF,9,Shenzhen,Toronto,CFR,2023-06-17,2023-07-17,2023-07-17,30,0,Yes,None,3214.54,28930.86,242458.12,398503.08,Delivered
BOL004131,Yang Ming,CEVA Logistics,Sport Chek,Machinery,40RF,8,Kaohsiung,Halifax,DDP,2024-06-27,2024-07-17,2024-07-17,20,0,Yes,None,1811.74,14493.92,99818.99,49294.84,Delivered
BOL004132,MSC,Expeditors,Reitmans,Toys,40HC,8,Colombo,Montreal,DAP,2024-07-07,2024-07-29,2024-07-29,22,0,Yes,None,3997.3,31978.4,219085.89,171992.19,Delivered
BOL004133,CMA CGM,Nippon Express,Metro Inc,Apparel,20RF,2,Shenzhen,Miami,CFR,2024-01-25,2024-02-20,2024-02-20,26,0,Yes,None,3788.61,7577.22,42955.96,15663.12,Delivered
BOL004134,Yang Ming,CEVA Logistics,Best Buy Canada,Machinery,40GP,2,Hong Kong,Vancouver,CFR,2023-06-08,2023-07-10,2023-07-10,32,0,Yes,None,2350.4,4700.8,41851.12,405183.91,Delivered
BOL004135,Evergreen,Kuehne+Nagel,Indigo Books,Electronics,40HC,6,Kaohsiung,Los Angeles,DAP,2024-10-07,2024-10-24,2024-10-24,17,0,Yes,None,1229.17,7375.02,125360.44,151412.73,Delivered
BOL004136,MSC,Sinotrans,Canadian Tire,Steel Products,20RF,5,Rotterdam,Seattle,CIF,2022-01-29,2022-02-19,2022-02-19,21,0,Yes,None,1406.61,7033.05,61811.36,141688.27,Delivered
BOL004137,COSCO,Expeditors,Loblaws,Auto Parts,20RF,1,Colombo,Halifax,CIF,2023-08-31,2023-10-15,2023-10-15,45,0,Yes,None,3650.45,3650.45,16023.81,104387.12,Delivered
BOL004138,Hapag-Lloyd,DB Schenker,IKEA Canada,Auto Parts,40GP,4,Kaohsiung,Houston,CIF,2023-11-06,2023-12-13,2023-12-28,37,15,No,Port Congestion,1637.79,6551.16,103103.72,467163.24,Delayed
BOL004139,ZIM,DSV,Canadian Tire,Toys,40HC,2,Busan,Seattle,CIF,2023-07-19,2023-08-28,2023-08-28,40,0,Yes,None,2348.2,4696.4,32828.94,263081.72,Delivered
BOL004140,Yang Ming,Panalpina,Empire Company,Chemicals,20RF,9,Rotterdam,Halifax,DAP,2023-04-17,2023-06-01,2023-06-01,45,0,Yes,None,3312.44,29811.96,74335.39,424426.91,Delivered
BOL004141,HMM,DSV,Mountain Equipment,Food Products,40GP,9,Hamburg,Miami,EXW,2024-01-07,2024-02-03,2024-02-03,27,0,Yes,None,1765.05,15885.45,225807.18,472738.51,Delivered
BOL004142,Yang Ming,CEVA Logistics,Walmart Canada,Steel Products,20RF,10,Colombo,New York,CIF,2023-09-20,2023-10-04,2023-10-04,14,0,Yes,None,3492.32,34923.2,84383.47,116218.41,Delivered
BOL004143,CMA CGM,Panalpina,Walmart Canada,Electronics,20RF,8,Busan,Toronto,DDP,2022-05-31,2022-06-20,2022-06-20,20,0,Yes,None,1446.97,11575.76,159747.69,288182.32,Delivered
BOL004144,COSCO,Kuehne+Nagel,Groupe Touchette,Food Products,40GP,4,Shanghai,Vancouver,FOB,2024-05-26,2024-06-30,2024-06-30,35,0,Yes,None,2786.59,11146.36,81366.13,209917.5,Delivered
BOL004145,COSCO,Nippon Express,Empire Company,Machinery,20GP,7,Hong Kong,Vancouver,FOB,2023-05-15,2023-06-25,2023-06-25,41,0,Yes,None,2992.73,20949.11,187266.91,25716.58,Delivered
BOL004146,Yang Ming,Panalpina,Hudson Bay,Auto Parts,20GP,9,Singapore,Vancouver,CIF,2024-09-26,2024-10-25,2024-10-25,29,0,Yes,None,3704.94,33344.46,107512.11,235390.27,Delivered
BOL004147,ONE,Nippon Express,Home Depot Canada,Furniture,40GP,7,Ningbo,New York,DDP,2023-12-28,2024-02-06,2024-02-20,40,14,No,Customs Inspection,2308.23,16157.61,171587.99,335159.87,Delayed
BOL004148,Maersk,CEVA Logistics,Home Depot Canada,Furniture,40GP,9,Hong Kong,Vancouver,DAP,2022-10-02,2022-10-22,2022-10-22,20,0,Yes,None,2923.53,26311.77,96310.54,408216.75,Delivered
BOL004149,Evergreen,Nippon Express,Loblaws,Electronics,40RF,10,Ningbo,New York,CFR,2023-12-22,2024-01-10,2024-01-10,19,0,Yes,None,2352.71,23527.1,61794.59,173084.82,Delivered
BOL004150,COSCO,DSV,Shoppers Drug Mart,Furniture,40RF,5,Singapore,Houston,CFR,2024-07-11,2024-08-19,2024-08-19,39,0,Yes,None,1530.67,7653.35,115976.82,198893.7,Delivered
BOL004151,ZIM,DB Schenker,Sport Chek,Apparel,40GP,4,Shanghai,Chicago,DAP,2024-04-05,2024-05-02,2024-05-02,27,0,Yes,None,1612.56,6450.24,20907.14,119136.15,Delivered
BOL004152,Hapag-Lloyd,Kuehne+Nagel,Best Buy Canada,Electronics,40GP,1,Shenzhen,Halifax,FOB,2023-04-28,2023-05-30,2023-05-30,32,0,Yes,None,4432.59,4432.59,25903.11,320375.05,Delivered
BOL004153,Yang Ming,Expeditors,Indigo Books,Chemicals,40RF,9,Shenzhen,Chicago,DAP,2022-10-06,2022-11-11,2022-11-11,36,0,Yes,None,1177.81,10600.29,147473.69,331728.98,Delivered
BOL004154,MSC,Expeditors,Mountain Equipment,Machinery,40HC,4,Hamburg,Houston,CIF,2024-07-11,2024-07-27,2024-07-27,16,0,Yes,None,3168.9,12675.6,63684.68,385078.77,Delivered
BOL004155,Yang Ming,Nippon Express,Canadian Tire,Food Products,40RF,3,Singapore,Seattle,FOB,2023-10-20,2023-11-25,2023-11-25,36,0,Yes,None,1266.28,3798.84,61991.62,443419.83,Delivered
BOL004156,MSC,Panalpina,Reitmans,Machinery,40RF,3,Shenzhen,Houston,FOB,2023-09-21,2023-10-05,2023-10-15,14,10,No,Port Congestion,2208.22,6624.66,56846.86,193025.91,Delayed
BOL004157,HMM,Panalpina,Loblaws,Chemicals,20RF,10,Singapore,Miami,EXW,2023-09-01,2023-09-18,2023-09-18,17,0,Yes,None,3770.83,37708.3,127085.49,13815.45,Delivered
BOL004158,CMA CGM,DSV,Walmart Canada,Furniture,45HC,2,Shenzhen,Houston,CFR,2024-02-13,2024-03-27,2024-03-27,43,0,Yes,None,1393.63,2787.26,23419.61,32245.94,Delivered
BOL004159,MSC,CEVA Logistics,Hudson Bay,Toys,45HC,3,Shenzhen,Los Angeles,CIF,2022-02-21,2022-03-12,2022-03-12,19,0,Yes,None,2996.23,8988.69,70914.14,93624.9,Delivered
BOL004160,COSCO,Nippon Express,Giant Tiger,Chemicals,20GP,9,Shenzhen,Halifax,DAP,2023-09-08,2023-10-06,2023-10-06,28,0,Yes,None,4219.44,37974.96,106503.12,433758.51,Delivered
BOL004161,ZIM,Sinotrans,Costco Canada,Apparel,40GP,8,Busan,Houston,DDP,2023-03-09,2023-04-10,2023-04-10,32,0,Yes,None,1351.49,10811.92,47263.54,354409.93,Delivered
BOL004162,ONE,Panalpina,IKEA Canada,Textiles,45HC,9,Hong Kong,Los Angeles,EXW,2022-05-21,2022-07-02,2022-07-02,42,0,Yes,None,4166.62,37499.58,167609.94,112343.29,Delivered
BOL004163,CMA CGM,DSV,Walmart Canada,Machinery,20GP,5,Colombo,Seattle,CIF,2023-10-25,2023-11-29,2023-11-29,35,0,Yes,None,1718.14,8590.7,131901.01,151576.35,Delivered
BOL004164,HMM,Expeditors,Costco Canada,Food Products,40RF,2,Hong Kong,Toronto,CFR,2024-04-08,2024-04-24,2024-04-24,16,0,Yes,None,4235.34,8470.68,23726.9,371678.74,Delivered
BOL004165,Maersk,Panalpina,Groupe Touchette,Food Products,40RF,1,Colombo,Montreal,CIF,2024-10-14,2024-11-18,2024-11-18,35,0,Yes,None,1173.38,1173.38,26996.01,478995.63,Delivered
BOL004166,ONE,DSV,Canadian Tire,Auto Parts,20GP,6,Kaohsiung,Miami,DAP,2024-12-02,2025-01-03,2025-01-03,32,0,Yes,None,4118.93,24713.58,121124.97,98637.02,In Transit
BOL004167,Maersk,Expeditors,Metro Inc,Chemicals,20GP,10,Busan,Houston,FOB,2024-08-28,2024-10-07,2024-10-07,40,0,Yes,None,2845.27,28452.7,267850.91,204228.27,Delivered
BOL004168,HMM,Expeditors,IKEA Canada,Chemicals,40HC,6,Singapore,Los Angeles,FOB,2023-07-21,2023-08-23,2023-08-23,33,0,Yes,None,1768.81,10612.86,97671.88,35915.05,Delivered
BOL004169,HMM,Sinotrans,Empire Company,Textiles,40HC,1,Hong Kong,Chicago,FOB,2024-05-26,2024-06-24,2024-06-24,29,0,Yes,None,1372.0,1372.0,7360.22,24125.57,Delivered
BOL004170,Hapag-Lloyd,Sinotrans,Indigo Books,Steel Products,40HC,10,Rotterdam,New York,FOB,2022-02-23,2022-04-03,2022-04-03,39,0,Yes,None,1587.94,15879.4,192652.65,211296.77,Delivered
BOL004171,Evergreen,Expeditors,IKEA Canada,Food Products,45HC,4,Hong Kong,Chicago,CIF,2022-04-21,2022-05-28,2022-05-28,37,0,Yes,None,3944.17,15776.68,72899.21,137863.55,Delivered
BOL004172,COSCO,CEVA Logistics,Costco Canada,Toys,40RF,2,Shanghai,New York,DAP,2022-06-15,2022-07-12,2022-07-12,27,0,Yes,None,3458.19,6916.38,35544.46,67595.71,Delivered
BOL004173,ZIM,Sinotrans,Indigo Books,Electronics,20RF,10,Rotterdam,Montreal,DDP,2022-03-10,2022-04-21,2022-04-21,42,0,Yes,None,3701.91,37019.1,168799.61,430844.1,Delivered
BOL004174,MSC,DSV,Loblaw Companies,Furniture,40GP,2,Busan,Montreal,DAP,2024-05-30,2024-07-02,2024-07-02,33,0,Yes,None,2404.1,4808.2,11494.03,276034.72,Delivered
BOL004175,HMM,Expeditors,Sobeys,Textiles,40HC,5,Kaohsiung,Montreal,EXW,2022-04-02,2022-04-22,2022-05-06,20,14,No,Port Congestion,1537.19,7685.95,93531.46,146908.29,Delayed
BOL004176,Evergreen,Sinotrans,Empire Company,Chemicals,40GP,8,Shenzhen,Houston,CFR,2024-11-21,2024-12-23,2024-12-23,32,0,Yes,None,1458.36,11666.88,107623.68,263449.12,Delivered
BOL004177,COSCO,Nippon Express,Best Buy Canada,Food Products,40GP,1,Ningbo,Miami,FOB,2022-11-09,2022-11-24,2022-11-24,15,0,Yes,None,1400.86,1400.86,7567.98,363050.12,Delivered
BOL004178,MSC,Sinotrans,Sport Chek,Machinery,40HC,6,Hamburg,Miami,CIF,2023-04-15,2023-05-21,2023-05-21,36,0,Yes,None,982.48,5894.88,43131.74,276504.8,Delivered
BOL004179,Maersk,DB Schenker,Canadian Tire,Textiles,45HC,8,Shenzhen,Vancouver,FOB,2022-10-11,2022-11-12,2022-11-12,32,0,Yes,None,3620.07,28960.56,40570.48,136019.82,Delivered
BOL004180,Yang Ming,DB Schenker,Mountain Equipment,Machinery,40HC,10,Kaohsiung,Houston,CIF,2024-03-15,2024-04-15,2024-04-15,31,0,Yes,None,2563.29,25632.9,244299.55,498709.02,Delivered
BOL004181,CMA CGM,Sinotrans,Mountain Equipment,Chemicals,45HC,8,Busan,Seattle,DAP,2024-10-03,2024-11-07,2024-11-07,35,0,Yes,None,3590.24,28721.92,212015.3,13274.76,Delivered
BOL004182,Maersk,DSV,Hudson Bay,Electronics,40HC,4,Kaohsiung,Toronto,FOB,2023-04-04,2023-05-01,2023-05-01,27,0,Yes,None,3938.11,15752.44,70294.23,307863.75,Delivered
BOL004183,ONE,Nippon Express,Sobeys,Steel Products,40GP,8,Rotterdam,Los Angeles,EXW,2022-12-29,2023-01-13,2023-01-13,15,0,Yes,None,2510.09,20080.72,185714.04,200667.36,Delivered
BOL004184,Hapag-Lloyd,DSV,Aldo Group,Furniture,40RF,9,Ningbo,Seattle,FOB,2023-08-29,2023-10-01,2023-10-01,33,0,Yes,None,1949.37,17544.33,104416.93,55797.98,Delivered
BOL004185,Yang Ming,DSV,Indigo Books,Apparel,40RF,10,Hamburg,Vancouver,DDP,2022-04-23,2022-05-25,2022-05-25,32,0,Yes,None,3942.28,39422.8,204443.83,109269.21,Delivered
BOL004186,Hapag-Lloyd,CEVA Logistics,Mountain Equipment,Chemicals,40GP,9,Singapore,Vancouver,DDP,2024-10-28,2024-11-15,2024-11-15,18,0,Yes,None,3345.06,30105.54,71269.08,441112.59,Delivered
BOL004187,Hapag-Lloyd,Panalpina,Reitmans,Furniture,40GP,1,Colombo,Los Angeles,CFR,2024-08-11,2024-09-09,2024-09-09,29,0,Yes,None,3032.69,3032.69,16991.74,32755.71,Delivered
BOL004188,Hapag-Lloyd,DSV,Sobeys,Food Products,45HC,4,Rotterdam,New York,EXW,2022-11-16,2022-12-31,2022-12-31,45,0,Yes,None,1827.46,7309.84,103681.24,472564.86,Delivered
BOL004189,COSCO,Panalpina,Groupe Touchette,Apparel,20GP,2,Ningbo,Vancouver,EXW,2024-06-06,2024-07-11,2024-07-11,35,0,Yes,None,853.52,1707.04,53652.3,192444.47,Delivered
BOL004190,Evergreen,Kuehne+Nagel,Mountain Equipment,Furniture,40RF,9,Colombo,Los Angeles,CIF,2024-12-26,2025-01-13,2025-01-13,18,0,Yes,None,2749.09,24741.81,124530.31,259025.99,In Transit
BOL004191,ZIM,Nippon Express,Home Depot Canada,Electronics,40RF,3,Singapore,Houston,CIF,2022-05-27,2022-06-25,2022-06-25,29,0,Yes,None,1438.83,4316.49,64685.97,291934.35,Delivered
BOL004192,Maersk,Kuehne+Nagel,Empire Company,Textiles,20GP,4,Hamburg,New York,FOB,2024-04-03,2024-04-23,2024-04-23,20,0,Yes,None,3873.38,15493.52,45594.14,36387.59,Delivered
BOL004193,ZIM,CEVA Logistics,Costco Canada,Auto Parts,45HC,5,Hong Kong,Vancouver,DDP,2023-07-23,2023-08-17,2023-08-17,25,0,Yes,None,3421.77,17108.85,103271.26,495937.55,Delivered
BOL004194,MSC,Panalpina,Mountain Equipment,Food Products,40HC,9,Hong Kong,Halifax,DAP,2022-05-18,2022-06-27,2022-06-27,40,0,Yes,None,2485.56,22370.04,121356.07,270036.75,Delivered
BOL004195,MSC,DB Schenker,Hudson Bay,Machinery,45HC,5,Shenzhen,Seattle,DAP,2022-07-10,2022-08-21,2022-08-21,42,0,Yes,None,1370.43,6852.15,113360.89,222744.49,Delivered
BOL004196,MSC,Panalpina,Walmart Canada,Textiles,20GP,10,Singapore,Chicago,DDP,2022-09-15,2022-10-17,2022-10-17,32,0,Yes,None,2300.16,23001.6,235344.72,49857.63,Delivered
BOL004197,CMA CGM,Sinotrans,Aldo Group,Electronics,40RF,4,Kaohsiung,Chicago,DAP,2023-07-04,2023-07-18,2023-07-18,14,0,Yes,None,2715.59,10862.36,94345.41,16641.75,Delivered
BOL004198,Evergreen,Nippon Express,Reitmans,Apparel,45HC,10,Kaohsiung,Vancouver,FOB,2022-08-08,2022-08-24,2022-08-24,16,0,Yes,None,2805.16,28051.6,186058.47,171279.45,Delivered
BOL004199,ZIM,Sinotrans,Shoppers Drug Mart,Apparel,40HC,8,Shenzhen,Miami,DAP,2022-02-15,2022-03-30,2022-03-30,43,0,Yes,None,4160.66,33285.28,167711.65,465980.47,Delivered
BOL004200,COSCO,Panalpina,Costco Canada,Furniture,45HC,7,Shenzhen,Miami,FOB,2024-08-24,2024-09-10,2024-09-10,17,0,Yes,None,2621.37,18349.59,168655.08,272131.41,Delivered
BOL004201,Maersk,Panalpina,Groupe Touchette,Food Products,20GP,2,Shenzhen,Houston,CFR,2022-10-26,2022-12-02,2022-12-02,37,0,Yes,None,4018.58,8037.16,25509.69,460759.54,Delivered
BOL004202,Evergreen,Panalpina,Canadian Tire,Machinery,20GP,2,Colombo,Seattle,CFR,2022-07-03,2022-07-23,2022-07-23,20,0,Yes,None,2207.93,4415.86,46038.12,425283.38,Delivered
BOL004203,ONE,Expeditors,Loblaw Companies,Machinery,45HC,8,Rotterdam,Halifax,FOB,2022-08-28,2022-09-27,2022-09-27,30,0,Yes,None,2185.68,17485.44,161228.8,350955.15,Delivered
BOL004204,HMM,Expeditors,Best Buy Canada,Chemicals,40GP,7,Rotterdam,Halifax,DAP,2022-07-12,2022-08-07,2022-08-07,26,0,Yes,None,2872.68,20108.76,133698.12,391774.46,Delivered
BOL004205,Maersk,Nippon Express,Metro Inc,Furniture,45HC,9,Ningbo,Chicago,CIF,2023-12-25,2024-02-06,2024-02-06,43,0,Yes,None,4422.06,39798.54,116961.84,316565.52,Delivered
BOL004206,CMA CGM,DB Schenker,Groupe Touchette,Food Products,40HC,8,Kaohsiung,Miami,CIF,2023-01-23,2023-02-08,2023-02-08,16,0,Yes,None,2252.11,18016.88,191692.02,144725.96,Delivered
BOL004207,ONE,DB Schenker,Giant Tiger,Auto Parts,40GP,8,Kaohsiung,Montreal,CIF,2022-11-05,2022-12-11,2022-12-24,36,13,No,Bad Weather,2375.59,19004.72,61855.18,12716.26,Delayed
BOL004208,HMM,Expeditors,Walmart Canada,Toys,45HC,8,Shanghai,Houston,CIF,2024-06-18,2024-07-10,2024-07-23,22,13,No,Equipment Shortage,2163.83,17310.64,90450.91,295140.86,Delayed
BOL004209,Evergreen,DB Schenker,Sport Chek,Electronics,40HC,6,Colombo,Montreal,DDP,2024-07-24,2024-08-27,2024-08-27,34,0,Yes,None,4436.15,26616.9,143990.73,450102.8,Delivered
BOL004210,CMA CGM,Kuehne+Nagel,Aldo Group,Toys,20GP,5,Kaohsiung,Chicago,DDP,2023-06-18,2023-07-09,2023-07-09,21,0,Yes,None,4289.65,21448.25,104246.73,249175.71,Delivered
BOL004211,Maersk,DB Schenker,Metro Inc,Furniture,45HC,10,Hamburg,Los Angeles,DDP,2022-05-24,2022-07-04,2022-07-19,41,15,No,Customs Inspection,2735.2,27352.0,266051.05,27500.34,Delayed
BOL004212,CMA CGM,DSV,Hudson Bay,Machinery,20GP,9,Shenzhen,Houston,DDP,2023-03-14,2023-04-25,2023-05-05,42,10,No,Equipment Shortage,4283.18,38548.62,136149.61,29120.25,Delayed
BOL004213,ZIM,DB Schenker,Canadian Tire,Machinery,40GP,10,Busan,Miami,FOB,2023-08-04,2023-09-02,2023-09-02,29,0,Yes,None,2922.01,29220.1,236587.53,56374.32,Delivered
BOL004214,Maersk,CEVA Logistics,Costco Canada,Auto Parts,20RF,9,Shenzhen,Montreal,EXW,2023-11-29,2023-12-29,2023-12-29,30,0,Yes,None,1596.4,14367.6,188207.52,261897.73,Delivered
BOL004215,Maersk,Panalpina,Sobeys,Textiles,20RF,4,Singapore,Houston,CIF,2024-07-24,2024-08-13,2024-08-13,20,0,Yes,None,4060.73,16242.92,105783.95,375896.92,Delivered
BOL004216,Hapag-Lloyd,Expeditors,Hudson Bay,Textiles,45HC,5,Rotterdam,Seattle,CIF,2024-03-23,2024-04-29,2024-04-29,37,0,Yes,None,2673.17,13365.85,103178.94,396901.59,Delivered
BOL004217,CMA CGM,DSV,Reitmans,Food Products,40HC,1,Hamburg,Chicago,EXW,2022-12-17,2023-01-25,2023-01-25,39,0,Yes,None,1920.25,1920.25,11409.18,236259.8,Delivered
BOL004218,CMA CGM,Kuehne+Nagel,Best Buy Canada,Machinery,40GP,5,Shanghai,Vancouver,DDP,2022-04-20,2022-05-30,2022-05-30,40,0,Yes,None,2076.34,10381.7,34592.37,222151.01,Delivered
BOL004219,CMA CGM,DSV,Reitmans,Apparel,40GP,2,Ningbo,Miami,DAP,2022-07-27,2022-09-05,2022-09-05,40,0,Yes,None,885.01,1770.02,53137.28,205905.97,Delivered
BOL004220,CMA CGM,DB Schenker,Costco Canada,Machinery,20GP,7,Shanghai,Halifax,EXW,2024-08-18,2024-09-12,2024-09-12,25,0,Yes,None,1521.2,10648.4,161180.43,43204.4,Delivered
BOL004221,ZIM,DB Schenker,Giant Tiger,Furniture,45HC,9,Rotterdam,Vancouver,EXW,2024-01-02,2024-02-04,2024-02-04,33,0,Yes,None,3397.29,30575.61,104075.51,475178.85,Delivered
BOL004222,CMA CGM,DSV,Giant Tiger,Electronics,20RF,10,Singapore,Miami,CIF,2024-10-04,2024-10-31,2024-10-31,27,0,Yes,None,2616.01,26160.1,149845.91,33315.02,Delivered
BOL004223,Hapag-Lloyd,DSV,Best Buy Canada,Furniture,20RF,2,Ningbo,Vancouver,FOB,2023-08-13,2023-09-18,2023-09-18,36,0,Yes,None,3267.88,6535.76,41268.57,107981.4,Delivered
BOL004224,HMM,Expeditors,Canadian Tire,Electronics,20GP,4,Kaohsiung,Los Angeles,DAP,2022-02-20,2022-04-04,2022-04-04,43,0,Yes,None,4372.84,17491.36,81047.25,412451.75,Delivered
BOL004225,ZIM,DB Schenker,Empire Company,Electronics,40GP,8,Ningbo,Chicago,DAP,2024-11-26,2024-12-24,2024-12-24,28,0,Yes,None,1223.76,9790.08,177391.83,366333.52,Delivered
BOL004226,HMM,Kuehne+Nagel,Loblaws,Chemicals,20GP,7,Singapore,Montreal,CIF,2022-09-20,2022-10-12,2022-10-12,22,0,Yes,None,3479.94,24359.58,81816.29,398899.83,Delivered
BOL004227,MSC,DB Schenker,Home Depot Canada,Textiles,40RF,6,Kaohsiung,Seattle,FOB,2023-06-29,2023-07-27,2023-07-27,28,0,Yes,None,2387.02,14322.12,86337.35,203345.62,Delivered
BOL004228,ZIM,Panalpina,Giant Tiger,Chemicals,45HC,6,Singapore,Halifax,DAP,2022-04-02,2022-05-10,2022-05-10,38,0,Yes,None,3155.63,18933.78,114516.01,243849.34,Delivered
BOL004229,Evergreen,Kuehne+Nagel,Metro Inc,Machinery,45HC,7,Kaohsiung,Vancouver,DDP,2024-05-07,2024-06-07,2024-06-07,31,0,Yes,None,2268.01,15876.07,106028.27,135231.21,Delivered
BOL004230,Evergreen,DSV,Empire Company,Furniture,40GP,5,Singapore,Houston,DDP,2024-03-15,2024-04-15,2024-04-15,31,0,Yes,None,3681.39,18406.95,43561.78,217381.01,Delivered
BOL004231,Maersk,Expeditors,Best Buy Canada,Chemicals,20GP,1,Kaohsiung,Toronto,CFR,2022-09-30,2022-10-21,2022-10-21,21,0,Yes,None,1851.0,1851.0,16814.92,164540.28,Delivered
BOL004232,Yang Ming,Nippon Express,Aldo Group,Chemicals,45HC,10,Busan,Seattle,CIF,2024-05-15,2024-06-21,2024-06-21,37,0,Yes,None,1012.06,10120.6,186934.68,51946.74,Delivered
BOL004233,Maersk,Expeditors,Canadian Tire,Steel Products,20RF,4,Hamburg,Houston,EXW,2022-03-09,2022-03-25,2022-03-25,16,0,Yes,None,3632.75,14531.0,28393.91,276032.68,Delivered
BOL004234,CMA CGM,Panalpina,Canadian Tire,Furniture,40GP,7,Kaohsiung,Chicago,DDP,2023-10-25,2023-11-25,2023-12-10,31,15,No,Port Congestion,4415.33,30907.31,41016.02,365384.71,Delayed
BOL004235,HMM,Nippon Express,Home Depot Canada,Furniture,40GP,2,Kaohsiung,Houston,EXW,2023-10-21,2023-11-04,2023-11-08,14,4,No,Port Congestion,2131.54,4263.08,51879.61,184825.07,Delivered
BOL004236,Evergreen,Expeditors,Canadian Tire,Furniture,40GP,7,Hamburg,Toronto,CFR,2022-08-16,2022-09-26,2022-09-26,41,0,Yes,None,3797.44,26582.08,54011.14,52267.63,Delivered
BOL004237,ZIM,Sinotrans,Home Depot Canada,Steel Products,45HC,2,Kaohsiung,Vancouver,CIF,2022-11-06,2022-12-12,2022-12-12,36,0,Yes,None,4042.73,8085.46,22305.71,414991.76,Delivered
BOL004238,COSCO,Kuehne+Nagel,Sport Chek,Toys,20RF,2,Singapore,Miami,CIF,2023-11-24,2023-12-12,2023-12-12,18,0,Yes,None,4036.4,8072.8,14577.14,474641.65,Delivered
BOL004239,Maersk,Sinotrans,Shoppers Drug Mart,Auto Parts,40GP,2,Singapore,Houston,EXW,2022-08-31,2022-10-15,2022-10-15,45,0,Yes,None,2187.09,4374.18,35072.78,384362.12,Delivered
BOL004240,Hapag-Lloyd,Sinotrans,Sport Chek,Auto Parts,20GP,3,Shenzhen,Los Angeles,EXW,2024-08-02,2024-08-30,2024-08-30,28,0,Yes,None,1233.74,3701.22,70428.78,406177.76,Delivered
BOL004241,Maersk,DSV,Home Depot Canada,Food Products,40GP,7,Singapore,Chicago,FOB,2024-03-06,2024-03-28,2024-03-28,22,0,Yes,None,4399.74,30798.18,47601.35,121226.04,Delivered
BOL004242,Evergreen,CEVA Logistics,Indigo Books,Steel Products,40HC,9,Hamburg,Houston,CIF,2024-05-08,2024-05-29,2024-05-29,21,0,Yes,None,1818.33,16364.97,160482.8,136315.5,Delivered
BOL004243,Hapag-Lloyd,Kuehne+Nagel,Mountain Equipment,Apparel,40GP,4,Rotterdam,Halifax,DAP,2022-02-27,2022-04-12,2022-04-12,44,0,Yes,None,2167.04,8668.16,39422.47,350036.78,Delivered
BOL004244,COSCO,Sinotrans,Indigo Books,Auto Parts,40RF,6,Hong Kong,Chicago,CFR,2024-10-23,2024-11-07,2024-11-07,15,0,Yes,None,2230.13,13380.78,103870.5,174691.46,Delivered
BOL004245,ZIM,CEVA Logistics,Aldo Group,Auto Parts,40RF,6,Hong Kong,Toronto,FOB,2022-06-30,2022-07-23,2022-07-23,23,0,Yes,None,3638.95,21833.7,97134.8,11043.27,Delivered
BOL004246,ZIM,Sinotrans,Costco Canada,Auto Parts,40RF,9,Rotterdam,Miami,FOB,2024-09-12,2024-10-04,2024-10-04,22,0,Yes,None,1960.91,17648.19,247504.67,131678.87,Delivered
BOL004247,MSC,Expeditors,Mountain Equipment,Machinery,20RF,8,Shenzhen,Los Angeles,CIF,2023-01-01,2023-02-09,2023-02-09,39,0,Yes,None,2035.9,16287.2,130047.26,67788.68,Delivered
BOL004248,MSC,Sinotrans,Mountain Equipment,Chemicals,40GP,9,Colombo,Montreal,DAP,2023-04-11,2023-05-11,2023-05-11,30,0,Yes,None,3858.56,34727.04,204852.05,456295.95,Delivered
BOL004249,COSCO,Panalpina,IKEA Canada,Apparel,40RF,8,Rotterdam,Chicago,CIF,2022-01-29,2022-03-02,2022-03-02,32,0,Yes,None,1841.9,14735.2,124695.5,458040.38,Delivered
BOL004250,Yang Ming,Expeditors,Empire Company,Textiles,40GP,5,Hong Kong,Toronto,CFR,2024-10-20,2024-11-13,2024-11-13,24,0,Yes,None,4000.68,20003.4,57656.9,74038.68,Delivered
BOL004251,CMA CGM,DB Schenker,Best Buy Canada,Auto Parts,20RF,7,Busan,Montreal,CFR,2023-05-23,2023-06-20,2023-06-20,28,0,Yes,None,898.09,6286.63,147681.47,437365.69,Delivered
BOL004252,Evergreen,Sinotrans,Reitmans,Apparel,20RF,8,Rotterdam,Toronto,DDP,2023-08-29,2023-10-12,2023-10-12,44,0,Yes,None,1830.86,14646.88,185418.4,404294.05,Delivered
BOL004253,HMM,DSV,Shoppers Drug Mart,Food Products,45HC,10,Shenzhen,Los Angeles,EXW,2024-10-29,2024-12-06,2024-12-06,38,0,Yes,None,3857.27,38572.7,251720.19,463803.74,Delivered
BOL004254,MSC,DSV,Empire Company,Auto Parts,20RF,6,Kaohsiung,Chicago,DAP,2024-11-30,2024-12-22,2024-12-22,22,0,Yes,None,3035.85,18215.1,161333.69,69607.3,Delivered
BOL004255,ZIM,Expeditors,Hudson Bay,Electronics,20GP,9,Shenzhen,Chicago,CFR,2024-07-01,2024-08-14,2024-08-14,44,0,Yes,None,2659.15,23932.35,103654.74,162143.84,Delivered
BOL004256,Hapag-Lloyd,CEVA Logistics,Best Buy Canada,Furniture,40GP,6,Colombo,Chicago,DAP,2022-06-30,2022-08-07,2022-08-07,38,0,Yes,None,2694.41,16166.46,105352.32,344523.73,Delivered
BOL004257,CMA CGM,DSV,Sobeys,Apparel,20GP,3,Hong Kong,Vancouver,DDP,2023-06-26,2023-08-02,2023-08-02,37,0,Yes,None,4227.2,12681.6,74826.02,307846.17,Delivered
BOL004258,Hapag-Lloyd,Expeditors,Hudson Bay,Toys,45HC,4,Hamburg,Toronto,FOB,2023-09-24,2023-11-05,2023-11-05,42,0,Yes,None,2248.68,8994.72,31420.6,256816.46,Delivered
BOL004259,Evergreen,Expeditors,Best Buy Canada,Chemicals,40HC,1,Ningbo,Toronto,CFR,2024-07-17,2024-08-07,2024-08-07,21,0,Yes,None,2194.11,2194.11,16719.73,64372.12,Delivered
BOL004260,ONE,Nippon Express,Groupe Touchette,Chemicals,40RF,7,Singapore,Toronto,CFR,2024-06-29,2024-08-03,2024-08-03,35,0,Yes,None,3145.76,22020.32,148046.02,193419.9,Delivered
BOL004261,ONE,DB Schenker,Hudson Bay,Chemicals,20RF,2,Colombo,Montreal,CIF,2022-12-22,2023-01-19,2023-01-19,28,0,Yes,None,3723.34,7446.68,36141.94,336639.98,Delivered
BOL004262,Hapag-Lloyd,Panalpina,Canadian Tire,Furniture,40HC,10,Hong Kong,Houston,CIF,2024-06-17,2024-07-31,2024-07-31,44,0,Yes,None,3734.93,37349.3,115198.71,284548.65,Delivered
BOL004263,ZIM,Expeditors,Mountain Equipment,Auto Parts,20RF,2,Kaohsiung,Miami,CIF,2023-08-26,2023-10-07,2023-10-07,42,0,Yes,None,1487.51,2975.02,33182.55,347548.99,Delivered
BOL004264,HMM,Sinotrans,Sobeys,Chemicals,40RF,4,Hamburg,Vancouver,EXW,2024-07-22,2024-08-06,2024-08-06,15,0,Yes,None,1340.64,5362.56,24706.83,316942.57,Delivered
BOL004265,ZIM,Expeditors,Sport Chek,Machinery,40RF,2,Hong Kong,Miami,CFR,2023-01-22,2023-02-13,2023-02-13,22,0,Yes,None,2254.04,4508.08,29043.39,44577.97,Delivered
BOL004266,Maersk,Nippon Express,Metro Inc,Furniture,40GP,1,Colombo,Miami,DAP,2024-10-14,2024-11-15,2024-11-15,32,0,Yes,None,1586.59,1586.59,14042.98,478334.53,Delivered
BOL004267,ONE,DB Schenker,Hudson Bay,Textiles,20GP,6,Colombo,Miami,EXW,2022-08-27,2022-10-09,2022-10-15,43,6,No,Bad Weather,1637.61,9825.66,135558.05,270400.01,Delayed
BOL004268,MSC,DB Schenker,Reitmans,Electronics,45HC,3,Busan,Chicago,EXW,2024-11-04,2024-12-18,2024-12-18,44,0,Yes,None,2509.92,7529.76,76177.8,38395.74,Delivered
BOL004269,Hapag-Lloyd,Nippon Express,Walmart Canada,Chemicals,40HC,2,Kaohsiung,Seattle,FOB,2024-12-17,2025-01-28,2025-01-28,42,0,Yes,None,2564.12,5128.24,37088.09,141927.2,In Transit
BOL004270,Hapag-Lloyd,Panalpina,Best Buy Canada,Food Products,20GP,8,Hong Kong,New York,FOB,2022-04-12,2022-05-23,2022-05-28,41,5,No,Bad Weather,3242.03,25936.24,53209.47,95078.93,Delivered
BOL004271,MSC,Kuehne+Nagel,Home Depot Canada,Chemicals,40HC,1,Ningbo,Toronto,CFR,2023-11-04,2023-12-09,2023-12-09,35,0,Yes,None,3727.01,3727.01,26795.22,284468.94,Delivered
BOL004272,ONE,DB Schenker,Loblaw Companies,Apparel,40RF,4,Rotterdam,Halifax,EXW,2023-04-15,2023-04-30,2023-04-30,15,0,Yes,None,2999.7,11998.8,37532.57,46536.67,Delivered
BOL004273,Evergreen,Nippon Express,Sport Chek,Toys,20GP,9,Hamburg,Vancouver,DAP,2023-02-25,2023-03-27,2023-03-27,30,0,Yes,None,2889.57,26006.13,51034.75,400830.38,Delivered
BOL004274,Maersk,Expeditors,Home Depot Canada,Chemicals,45HC,1,Rotterdam,Chicago,FOB,2022-01-25,2022-02-11,2022-02-11,17,0,Yes,None,4239.39,4239.39,21488.76,39357.57,Delivered
BOL004275,Hapag-Lloyd,Expeditors,Groupe Touchette,Auto Parts,40RF,2,Kaohsiung,Toronto,CFR,2022-12-31,2023-01-31,2023-01-31,31,0,Yes,None,3239.85,6479.7,43356.6,29944.39,Delivered
BOL004276,CMA CGM,Kuehne+Nagel,Home Depot Canada,Machinery,40RF,3,Hong Kong,Los Angeles,DDP,2023-10-20,2023-11-17,2023-11-17,28,0,Yes,None,3997.56,11992.68,44894.05,181947.0,Delivered
BOL004277,COSCO,Nippon Express,Hudson Bay,Auto Parts,20RF,2,Rotterdam,Houston,EXW,2023-05-24,2023-06-23,2023-06-23,30,0,Yes,None,1311.82,2623.64,43672.52,287499.02,Delivered
BOL004278,Hapag-Lloyd,DSV,Metro Inc,Chemicals,45HC,9,Rotterdam,Halifax,DAP,2023-05-07,2023-06-03,2023-06-17,27,14,No,Documentation Error,2820.84,25387.56,129431.72,360775.77,Delayed
BOL004279,MSC,DSV,IKEA Canada,Furniture,20GP,10,Hong Kong,Halifax,DDP,2024-06-18,2024-07-05,2024-07-05,17,0,Yes,None,2186.78,21867.8,180550.53,298976.63,Delivered
BOL004280,HMM,Expeditors,Hudson Bay,Electronics,45HC,9,Singapore,Chicago,DDP,2023-06-10,2023-07-10,2023-07-10,30,0,Yes,None,1943.07,17487.63,139096.26,417087.7,Delivered
BOL004281,COSCO,Kuehne+Nagel,Home Depot Canada,Food Products,20GP,5,Shanghai,Los Angeles,FOB,2022-04-30,2022-06-13,2022-06-13,44,0,Yes,None,3225.81,16129.05,119780.47,461125.2,Delivered
BOL004282,COSCO,Nippon Express,IKEA Canada,Apparel,20RF,2,Colombo,Halifax,DDP,2024-11-05,2024-12-04,2024-12-04,29,0,Yes,None,916.83,1833.66,13344.55,451033.72,Delivered
BOL004283,ONE,Panalpina,Loblaw Companies,Auto Parts,40HC,8,Singapore,Chicago,DDP,2024-12-17,2025-01-03,2025-01-03,17,0,Yes,None,812.09,6496.72,160453.88,141167.51,In Transit
BOL004284,HMM,Sinotrans,Loblaw Companies,Machinery,40RF,2,Shenzhen,Toronto,EXW,2024-04-11,2024-05-25,2024-05-25,44,0,Yes,None,2882.52,5765.04,46134.63,47171.65,Delivered
BOL004285,Maersk,Nippon Express,Reitmans,Textiles,40HC,2,Shanghai,Toronto,CFR,2023-12-26,2024-01-17,2024-01-17,22,0,Yes,None,1910.16,3820.32,29947.57,343412.68,Delivered
BOL004286,ONE,Kuehne+Nagel,Costco Canada,Food Products,40HC,4,Colombo,Houston,CFR,2024-05-12,2024-06-14,2024-06-14,33,0,Yes,None,2494.05,9976.2,60967.46,88450.04,Delivered
BOL004287,Yang Ming,CEVA Logistics,Aldo Group,Apparel,20RF,2,Ningbo,Seattle,CFR,2023-07-26,2023-08-23,2023-08-23,28,0,Yes,None,3472.26,6944.52,43170.64,251202.87,Delivered
BOL004288,ONE,Panalpina,Costco Canada,Steel Products,20GP,2,Busan,Seattle,CIF,2023-05-01,2023-06-12,2023-06-12,42,0,Yes,None,834.61,1669.22,17820.07,418348.05,Delivered
BOL004289,ZIM,Nippon Express,Groupe Touchette,Furniture,40RF,5,Singapore,Miami,CIF,2023-10-05,2023-10-26,2023-11-07,21,12,No,Port Congestion,2926.03,14630.15,29522.46,19801.66,Delayed
BOL004290,Maersk,Panalpina,Groupe Touchette,Chemicals,20RF,3,Hamburg,Miami,DDP,2024-12-04,2024-12-23,2024-12-23,19,0,Yes,None,1156.15,3468.45,79299.22,377846.49,Delivered
BOL004291,ZIM,DSV,Mountain Equipment,Auto Parts,40GP,6,Kaohsiung,Miami,CIF,2023-10-14,2023-11-26,2023-11-26,43,0,Yes,None,1626.25,9757.5,90442.75,239556.87,Delivered
BOL004292,Evergreen,Nippon Express,Mountain Equipment,Textiles,45HC,1,Hamburg,Los Angeles,FOB,2024-03-14,2024-04-21,2024-04-21,38,0,Yes,None,1451.26,1451.26,19587.38,115207.9,Delivered
BOL004293,ZIM,CEVA Logistics,Hudson Bay,Auto Parts,40RF,7,Colombo,Los Angeles,EXW,2022-08-28,2022-09-20,2022-09-20,23,0,Yes,None,1465.57,10258.99,96894.97,449491.92,Delivered
BOL004294,COSCO,Expeditors,Metro Inc,Steel Products,40RF,5,Rotterdam,Montreal,EXW,2023-06-28,2023-07-22,2023-07-22,24,0,Yes,None,1875.2,9376.0,119747.32,318937.11,Delivered
BOL004295,ZIM,DSV,Costco Canada,Steel Products,40RF,4,Ningbo,Vancouver,EXW,2022-10-26,2022-11-13,2022-11-13,18,0,Yes,None,1497.88,5991.52,22903.74,146179.52,Delivered
BOL004296,MSC,Sinotrans,Home Depot Canada,Food Products,40HC,1,Singapore,Chicago,CIF,2024-12-25,2025-01-30,2025-01-30,36,0,Yes,None,1847.89,1847.89,14537.96,136521.65,In Transit
BOL004297,Hapag-Lloyd,CEVA Logistics,Loblaw Companies,Furniture,20GP,1,Singapore,Seattle,FOB,2024-03-02,2024-04-03,2024-04-03,32,0,Yes,None,1030.89,1030.89,10035.66,297235.17,Delivered
BOL004298,Maersk,Kuehne+Nagel,Reitmans,Furniture,40RF,9,Rotterdam,Halifax,DDP,2024-05-21,2024-06-29,2024-06-29,39,0,Yes,None,896.75,8070.75,217160.13,385926.26,Delivered
BOL004299,ONE,Nippon Express,Reitmans,Auto Parts,20RF,1,Shanghai,Seattle,FOB,2024-10-16,2024-11-02,2024-11-02,17,0,Yes,None,2424.07,2424.07,8236.77,83679.53,Delivered
BOL004300,HMM,CEVA Logistics,Indigo Books,Chemicals,20RF,7,Busan,Chicago,CFR,2024-08-04,2024-08-27,2024-08-27,23,0,Yes,None,3666.96,25668.72,182705.38,466047.49,Delivered
BOL004301,Yang Ming,Nippon Express,Indigo Books,Chemicals,20RF,6,Shenzhen,Chicago,FOB,2022-07-02,2022-08-05,2022-08-05,34,0,Yes,None,3717.92,22307.52,74520.06,142806.34,Delivered
BOL004302,COSCO,Sinotrans,Canadian Tire,Food Products,40RF,10,Hamburg,Vancouver,DAP,2022-12-12,2023-01-02,2023-01-02,21,0,Yes,None,4333.56,43335.6,123631.13,208831.87,Delivered
BOL004303,COSCO,Kuehne+Nagel,Giant Tiger,Chemicals,40RF,8,Rotterdam,Chicago,EXW,2024-10-31,2024-11-29,2024-11-29,29,0,Yes,None,1319.18,10553.44,44986.04,43172.18,Delivered
BOL004304,Evergreen,Expeditors,Empire Company,Electronics,20RF,2,Colombo,Vancouver,FOB,2023-05-20,2023-06-17,2023-06-17,28,0,Yes,None,3393.55,6787.1,42413.0,112307.83,Delivered
BOL004305,Maersk,Nippon Express,Home Depot Canada,Chemicals,45HC,10,Kaohsiung,New York,CFR,2024-02-26,2024-03-20,2024-03-20,23,0,Yes,None,1225.77,12257.7,126614.28,476806.45,Delivered
BOL004306,HMM,Kuehne+Nagel,Metro Inc,Chemicals,40HC,7,Rotterdam,Vancouver,DDP,2024-02-18,2024-03-13,2024-03-13,24,0,Yes,None,2198.45,15389.15,39462.72,41145.95,Delivered
BOL004307,MSC,Kuehne+Nagel,Walmart Canada,Machinery,40RF,3,Rotterdam,Miami,EXW,2024-02-09,2024-02-28,2024-02-28,19,0,Yes,None,2923.53,8770.59,52395.48,168872.35,Delivered
BOL004308,CMA CGM,DB Schenker,Empire Company,Chemicals,20GP,4,Rotterdam,Vancouver,FOB,2022-05-27,2022-07-10,2022-07-10,44,0,Yes,None,3813.64,15254.56,47674.8,359490.62,Delivered
BOL004309,CMA CGM,Expeditors,Aldo Group,Apparel,20RF,2,Ningbo,Vancouver,DDP,2024-03-03,2024-03-23,2024-03-23,20,0,Yes,None,1282.6,2565.2,12915.29,409107.99,Delivered
BOL004310,ZIM,Nippon Express,Mountain Equipment,Steel Products,40RF,7,Colombo,Halifax,DDP,2023-03-11,2023-04-23,2023-04-23,43,0,Yes,None,944.0,6608.0,72820.11,88262.66,Delivered
BOL004311,CMA CGM,Panalpina,Loblaw Companies,Electronics,45HC,5,Singapore,Houston,DAP,2023-04-11,2023-05-24,2023-06-05,43,12,No,Bad Weather,3180.74,15903.7,27488.12,299245.44,Delayed
BOL004312,COSCO,Panalpina,Shoppers Drug Mart,Machinery,40HC,10,Shanghai,Halifax,DDP,2023-07-13,2023-07-27,2023-07-27,14,0,Yes,None,1905.97,19059.7,68311.05,490163.3,Delivered
BOL004313,Hapag-Lloyd,Expeditors,Sport Chek,Apparel,40HC,10,Hong Kong,Vancouver,CIF,2022-11-16,2022-12-08,2022-12-08,22,0,Yes,None,3413.87,34138.7,236125.07,92843.98,Delivered
BOL004314,ONE,Kuehne+Nagel,IKEA Canada,Food Products,45HC,2,Busan,Toronto,FOB,2022-10-30,2022-12-05,2022-12-05,36,0,Yes,None,1670.22,3340.44,43788.16,464586.96,Delivered
BOL004315,HMM,Kuehne+Nagel,Hudson Bay,Electronics,40GP,8,Rotterdam,Seattle,CFR,2022-06-09,2022-06-30,2022-06-30,21,0,Yes,None,1316.81,10534.48,78020.86,492783.18,Delivered
BOL004316,HMM,Nippon Express,Canadian Tire,Textiles,40RF,3,Kaohsiung,Toronto,CIF,2023-03-09,2023-04-15,2023-04-15,37,0,Yes,None,1082.7,3248.1,23086.29,60882.66,Delivered
BOL004317,Yang Ming,DB Schenker,Walmart Canada,Electronics,40RF,2,Kaohsiung,Montreal,CIF,2023-03-13,2023-04-10,2023-04-10,28,0,Yes,None,1496.5,2993.0,47049.63,306312.81,Delivered
BOL004318,CMA CGM,CEVA Logistics,Mountain Equipment,Textiles,40GP,4,Colombo,Miami,CIF,2024-04-13,2024-05-04,2024-05-04,21,0,Yes,None,3628.39,14513.56,104902.1,325706.29,Delivered
BOL004319,CMA CGM,DSV,Indigo Books,Machinery,20RF,7,Kaohsiung,Toronto,EXW,2024-01-13,2024-02-24,2024-02-24,42,0,Yes,None,2650.91,18556.37,108621.69,282676.18,Delivered
BOL004320,Hapag-Lloyd,DB Schenker,Groupe Touchette,Electronics,40HC,10,Singapore,Montreal,DDP,2023-07-14,2023-08-07,2023-08-07,24,0,Yes,None,2759.69,27596.9,276554.71,363605.97,Delivered
BOL004321,COSCO,Kuehne+Nagel,Canadian Tire,Steel Products,20GP,8,Ningbo,Chicago,CFR,2024-08-24,2024-09-08,2024-09-08,15,0,Yes,None,4156.75,33254.0,87039.07,81001.9,Delivered
BOL004322,HMM,Sinotrans,Metro Inc,Food Products,20RF,4,Shenzhen,Houston,EXW,2023-09-09,2023-10-22,2023-10-22,43,0,Yes,None,3851.9,15407.6,37500.91,339833.53,Delivered
BOL004323,Evergreen,Expeditors,Groupe Touchette,Food Products,40GP,5,Singapore,Houston,DAP,2024-05-03,2024-05-23,2024-05-23,20,0,Yes,None,2793.47,13967.35,53996.94,176788.0,Delivered
BOL004324,HMM,DSV,Home Depot Canada,Food Products,40HC,8,Hamburg,Houston,DAP,2022-12-19,2023-01-28,2023-01-28,40,0,Yes,None,1015.36,8122.88,163196.36,45122.86,Delivered
BOL004325,MSC,Sinotrans,Canadian Tire,Electronics,40RF,5,Hong Kong,Seattle,DAP,2023-09-19,2023-10-30,2023-10-30,41,0,Yes,None,4257.08,21285.4,31744.86,349886.79,Delivered
BOL004326,Maersk,Panalpina,Metro Inc,Food Products,40GP,3,Kaohsiung,Miami,EXW,2022-08-27,2022-09-16,2022-09-16,20,0,Yes,None,3237.21,9711.63,72011.78,176303.93,Delivered
BOL004327,Hapag-Lloyd,Sinotrans,Empire Company,Textiles,20RF,6,Rotterdam,Toronto,CFR,2023-12-22,2024-01-16,2024-01-16,25,0,Yes,None,884.69,5308.14,122694.66,151464.53,Delivered
BOL004328,HMM,Nippon Express,Canadian Tire,Electronics,45HC,6,Busan,Miami,DDP,2022-05-16,2022-06-05,2022-06-05,20,0,Yes,None,2432.4,14594.4,102210.12,73691.35,Delivered
BOL004329,Evergreen,Nippon Express,Groupe Touchette,Machinery,20RF,1,Singapore,New York,FOB,2023-04-25,2023-05-12,2023-05-12,17,0,Yes,None,2521.07,2521.07,11324.29,224417.83,Delivered
BOL004330,Evergreen,Nippon Express,Loblaw Companies,Apparel,20GP,2,Busan,Chicago,DAP,2022-04-20,2022-05-24,2022-05-24,34,0,Yes,None,3371.31,6742.62,40917.49,107754.03,Delivered
BOL004331,MSC,Panalpina,Shoppers Drug Mart,Electronics,20RF,9,Ningbo,Miami,FOB,2023-08-15,2023-09-25,2023-09-25,41,0,Yes,None,2117.87,19060.83,199213.18,19921.58,Delivered
BOL004332,ZIM,DSV,Reitmans,Textiles,20GP,1,Hong Kong,Seattle,DDP,2022-11-08,2022-12-16,2022-12-20,38,4,No,Customs Inspection,2446.27,2446.27,27007.16,264888.2,Delivered
BOL004333,COSCO,Sinotrans,Hudson Bay,Furniture,40HC,3,Rotterdam,Miami,DAP,2024-05-07,2024-05-30,2024-05-30,23,0,Yes,None,868.48,2605.44,63092.81,54243.72,Delivered
BOL004334,MSC,DB Schenker,Metro Inc,Textiles,20RF,9,Hamburg,Chicago,FOB,2023-04-10,2023-05-13,2023-05-13,33,0,Yes,None,1139.92,10259.28,162001.48,407155.17,Delivered
BOL004335,COSCO,Sinotrans,Giant Tiger,Textiles,40RF,2,Colombo,Los Angeles,CIF,2024-08-06,2024-08-25,2024-08-25,19,0,Yes,None,3666.01,7332.02,44503.33,299069.28,Delivered
BOL004336,COSCO,Nippon Express,Loblaws,Auto Parts,40HC,7,Colombo,Miami,EXW,2023-03-25,2023-04-25,2023-04-25,31,0,Yes,None,1662.15,11635.05,106917.81,61168.04,Delivered
BOL004337,ZIM,CEVA Logistics,Best Buy Canada,Steel Products,20GP,5,Hamburg,Chicago,CIF,2023-04-18,2023-05-31,2023-05-31,43,0,Yes,None,3885.81,19429.05,137569.05,229104.93,Delivered
BOL004338,Hapag-Lloyd,Expeditors,Giant Tiger,Furniture,45HC,8,Hong Kong,Houston,CIF,2024-06-24,2024-07-12,2024-07-12,18,0,Yes,None,2697.23,21577.84,165800.55,364771.41,Delivered
BOL004339,Yang Ming,DSV,Sport Chek,Apparel,20GP,5,Colombo,Montreal,CIF,2024-07-14,2024-08-25,2024-08-25,42,0,Yes,None,3308.61,16543.05,53805.8,353366.64,Delivered
BOL004340,Hapag-Lloyd,CEVA Logistics,Canadian Tire,Textiles,20GP,7,Hong Kong,Houston,EXW,2023-02-03,2023-02-26,2023-02-26,23,0,Yes,None,1696.56,11875.92,178255.87,234250.67,Delivered
BOL004341,Yang Ming,Sinotrans,Groupe Touchette,Electronics,40RF,10,Hong Kong,Seattle,FOB,2023-08-03,2023-08-26,2023-08-26,23,0,Yes,None,2934.23,29342.3,185847.98,264708.21,Delivered
BOL004342,Maersk,CEVA Logistics,Metro Inc,Toys,40GP,10,Busan,Miami,CFR,2024-05-05,2024-06-12,2024-06-12,38,0,Yes,None,2894.97,28949.7,93077.41,462538.05,Delivered
BOL004343,MSC,Sinotrans,Costco Canada,Electronics,40RF,10,Busan,Montreal,FOB,2024-09-24,2024-10-19,2024-10-19,25,0,Yes,None,2692.75,26927.5,103940.94,487970.67,Delivered
BOL004344,Yang Ming,Panalpina,Loblaws,Toys,40GP,2,Rotterdam,Chicago,EXW,2022-09-24,2022-10-25,2022-10-25,31,0,Yes,None,3055.32,6110.64,46350.97,83448.7,Delivered
BOL004345,Yang Ming,DSV,Metro Inc,Toys,40GP,3,Hong Kong,Chicago,DDP,2024-04-22,2024-05-18,2024-05-18,26,0,Yes,None,4261.93,12785.79,78152.7,171180.39,Delivered
BOL004346,COSCO,Expeditors,Loblaw Companies,Steel Products,40HC,10,Shanghai,Los Angeles,DDP,2024-10-22,2024-11-05,2024-11-05,14,0,Yes,None,2025.58,20255.8,160204.48,98680.55,Delivered
BOL004347,Maersk,DB Schenker,Giant Tiger,Apparel,20GP,5,Colombo,Montreal,CIF,2023-09-15,2023-10-13,2023-10-13,28,0,Yes,None,3998.71,19993.55,122841.13,149296.07,Delivered
BOL004348,ZIM,Expeditors,Shoppers Drug Mart,Auto Parts,40HC,1,Rotterdam,Houston,CFR,2023-07-13,2023-08-06,2023-08-06,24,0,Yes,None,3695.07,3695.07,23263.95,207488.58,Delivered
BOL004349,Maersk,DB Schenker,Walmart Canada,Chemicals,40GP,1,Kaohsiung,Montreal,DAP,2024-08-11,2024-09-14,2024-09-28,34,14,No,Customs Inspection,2593.67,2593.67,6975.09,429017.64,Delayed
BOL004350,ZIM,Sinotrans,Canadian Tire,Textiles,20GP,4,Busan,New York,FOB,2023-01-12,2023-02-04,2023-02-04,23,0,Yes,None,1424.4,5697.6,104780.94,347982.07,Delivered
BOL004351,ONE,Expeditors,Groupe Touchette,Electronics,40HC,3,Hong Kong,Houston,DAP,2023-09-25,2023-10-09,2023-10-09,14,0,Yes,None,2917.69,8753.07,30925.14,477906.35,Delivered
BOL004352,MSC,Kuehne+Nagel,Sport Chek,Auto Parts,40RF,9,Singapore,Halifax,FOB,2022-12-25,2023-01-08,2023-01-08,14,0,Yes,None,1293.53,11641.77,71483.04,443010.06,Delivered
BOL004353,Hapag-Lloyd,Kuehne+Nagel,Best Buy Canada,Apparel,45HC,1,Shanghai,Miami,EXW,2022-01-01,2022-02-07,2022-02-07,37,0,Yes,None,1833.78,1833.78,18311.54,209700.01,Delivered
BOL004354,Maersk,Expeditors,Loblaw Companies,Apparel,20GP,4,Kaohsiung,Houston,FOB,2024-11-08,2024-11-30,2024-11-30,22,0,Yes,None,3281.55,13126.2,99941.61,375023.95,Delivered
BOL004355,COSCO,Nippon Express,Hudson Bay,Apparel,40RF,2,Colombo,Houston,EXW,2023-01-02,2023-01-28,2023-01-28,26,0,Yes,None,1603.96,3207.92,36572.41,344097.77,Delivered
BOL004356,MSC,Expeditors,Shoppers Drug Mart,Steel Products,20GP,5,Shenzhen,Toronto,CFR,2023-04-24,2023-05-28,2023-05-28,34,0,Yes,None,3691.77,18458.85,117945.43,51560.84,Delivered
BOL004357,Hapag-Lloyd,Kuehne+Nagel,Shoppers Drug Mart,Auto Parts,45HC,9,Colombo,Vancouver,DDP,2022-10-18,2022-11-06,2022-11-06,19,0,Yes,None,3173.65,28562.85,251994.87,397319.59,Delivered
BOL004358,MSC,Kuehne+Nagel,Best Buy Canada,Steel Products,45HC,10,Busan,Toronto,DDP,2023-09-16,2023-10-07,2023-10-07,21,0,Yes,None,3716.23,37162.3,249830.03,247901.14,Delivered
BOL004359,COSCO,Sinotrans,Walmart Canada,Textiles,45HC,8,Shanghai,Chicago,CIF,2023-12-14,2024-01-14,2024-01-27,31,13,No,Port Congestion,4498.12,35984.96,54417.25,153263.9,Delayed
BOL004360,Yang Ming,Expeditors,Groupe Touchette,Chemicals,40RF,1,Hamburg,New York,CIF,2023-06-22,2023-07-28,2023-08-04,36,7,No,Port Congestion,3079.77,3079.77,9333.61,96452.54,Delayed
BOL004361,Yang Ming,Nippon Express,Loblaw Companies,Toys,20GP,6,Kaohsiung,Vancouver,FOB,2024-07-22,2024-08-13,2024-08-19,22,6,No,Customs Inspection,2201.32,13207.92,86858.54,367935.06,Delayed
BOL004362,CMA CGM,Nippon Express,Groupe Touchette,Machinery,40GP,1,Busan,New York,DDP,2023-09-29,2023-10-30,2023-10-30,31,0,Yes,None,2088.18,2088.18,18260.03,73994.22,Delivered
BOL004363,MSC,DB Schenker,Canadian Tire,Steel Products,45HC,9,Colombo,Miami,CIF,2022-03-31,2022-05-13,2022-05-13,43,0,Yes,None,2373.72,21363.48,158455.27,241581.25,Delivered
BOL004364,ONE,Sinotrans,Shoppers Drug Mart,Electronics,20GP,3,Colombo,Chicago,FOB,2022-10-16,2022-11-21,2022-11-21,36,0,Yes,None,2292.43,6877.29,21370.45,433361.25,Delivered
BOL004365,HMM,Kuehne+Nagel,Giant Tiger,Textiles,40HC,9,Singapore,Houston,CIF,2022-09-24,2022-10-18,2022-10-18,24,0,Yes,None,1225.59,11030.31,201572.73,209661.34,Delivered
BOL004366,HMM,Kuehne+Nagel,Sport Chek,Apparel,40RF,7,Hamburg,Los Angeles,CIF,2023-08-03,2023-09-16,2023-09-16,44,0,Yes,None,1914.12,13398.84,159909.32,341830.85,Delivered
BOL004367,Yang Ming,Expeditors,Metro Inc,Steel Products,40HC,4,Kaohsiung,Los Angeles,DAP,2023-10-05,2023-11-03,2023-11-03,29,0,Yes,None,1510.13,6040.52,47393.48,112107.53,Delivered
BOL004368,ONE,Expeditors,Walmart Canada,Steel Products,20GP,9,Rotterdam,Chicago,CFR,2023-03-05,2023-03-26,2023-03-27,21,1,No,Customs Inspection,2061.13,18550.17,76619.66,324905.53,Delivered
BOL004369,Hapag-Lloyd,CEVA Logistics,Mountain Equipment,Auto Parts,40HC,7,Kaohsiung,Seattle,CFR,2023-06-13,2023-07-13,2023-07-13,30,0,Yes,None,2118.89,14832.23,134193.17,188653.12,Delivered
BOL004370,HMM,Panalpina,Shoppers Drug Mart,Chemicals,40RF,5,Ningbo,Toronto,EXW,2023-05-30,2023-07-01,2023-07-01,32,0,Yes,None,4007.36,20036.8,106026.65,352876.85,Delivered
BOL004371,HMM,DB Schenker,Loblaw Companies,Machinery,40GP,2,Kaohsiung,Chicago,EXW,2023-07-08,2023-07-27,2023-07-27,19,0,Yes,None,3888.43,7776.86,47085.1,445502.14,Delivered
BOL004372,ZIM,CEVA Logistics,IKEA Canada,Steel Products,20RF,6,Singapore,Los Angeles,DAP,2024-11-17,2024-12-16,2024-12-16,29,0,Yes,None,3268.64,19611.84,152843.78,494997.69,Delivered
BOL004373,Hapag-Lloyd,DB Schenker,Costco Canada,Apparel,20GP,10,Colombo,Miami,DAP,2023-07-24,2023-08-27,2023-08-27,34,0,Yes,None,4372.96,43729.6,250144.35,486495.17,Delivered
BOL004374,HMM,Expeditors,Hudson Bay,Machinery,40RF,10,Shenzhen,Montreal,DAP,2024-11-02,2024-11-20,2024-11-21,18,1,No,Bad Weather,3608.32,36083.2,129980.15,90434.69,Delivered
BOL004375,Maersk,Expeditors,Costco Canada,Machinery,40HC,6,Busan,Toronto,DDP,2022-08-04,2022-08-23,2022-08-30,19,7,No,Equipment Shortage,2243.72,13462.32,152953.34,218733.12,Delayed
BOL004376,HMM,Sinotrans,Loblaws,Machinery,40HC,1,Hong Kong,Miami,FOB,2023-10-17,2023-11-02,2023-11-02,16,0,Yes,None,2496.27,2496.27,25598.5,188925.95,Delivered
BOL004377,ZIM,Sinotrans,Best Buy Canada,Toys,40GP,9,Ningbo,Houston,EXW,2024-06-26,2024-07-23,2024-07-23,27,0,Yes,None,1522.14,13699.26,185645.89,311630.93,Delivered
BOL004378,Evergreen,Panalpina,Mountain Equipment,Auto Parts,45HC,7,Shanghai,Miami,DAP,2022-09-08,2022-10-19,2022-10-19,41,0,Yes,None,3579.64,25057.48,180219.49,206978.2,Delivered
BOL004379,Evergreen,Sinotrans,Loblaws,Steel Products,20GP,1,Rotterdam,Halifax,CIF,2024-11-07,2024-12-16,2024-12-16,39,0,Yes,None,2362.98,2362.98,23942.88,235195.08,Delivered
BOL004380,CMA CGM,DSV,Sobeys,Textiles,45HC,10,Hong Kong,Miami,CIF,2022-11-13,2022-12-11,2022-12-11,28,0,Yes,None,4194.62,41946.2,165746.06,164623.67,Delivered
BOL004381,Maersk,Nippon Express,Indigo Books,Toys,45HC,4,Shanghai,Vancouver,CFR,2024-06-28,2024-08-09,2024-08-09,42,0,Yes,None,1626.53,6506.12,42750.86,372323.5,Delivered
BOL004382,ONE,CEVA Logistics,Reitmans,Machinery,40RF,6,Shenzhen,Miami,CFR,2024-02-24,2024-03-11,2024-03-11,16,0,Yes,None,935.22,5611.32,75295.59,278341.43,Delivered
BOL004383,ZIM,CEVA Logistics,Indigo Books,Food Products,45HC,5,Colombo,Houston,EXW,2024-03-15,2024-04-04,2024-04-04,20,0,Yes,None,2850.63,14253.15,123107.96,194435.19,Delivered
BOL004384,CMA CGM,DB Schenker,Aldo Group,Toys,40RF,3,Rotterdam,Los Angeles,FOB,2023-02-22,2023-04-01,2023-04-01,38,0,Yes,None,4061.21,12183.63,23989.03,392238.36,Delivered
BOL004385,Yang Ming,Nippon Express,Hudson Bay,Electronics,40RF,6,Kaohsiung,Toronto,DAP,2022-06-28,2022-08-10,2022-08-10,43,0,Yes,None,4425.57,26553.42,87791.14,123514.9,Delivered
BOL004386,Yang Ming,Kuehne+Nagel,Sobeys,Food Products,40GP,7,Singapore,Seattle,EXW,2024-10-10,2024-11-03,2024-11-03,24,0,Yes,None,2181.81,15272.67,106851.78,46838.04,Delivered
BOL004387,Hapag-Lloyd,Panalpina,Loblaws,Steel Products,40GP,7,Ningbo,New York,DDP,2024-05-03,2024-06-02,2024-06-02,30,0,Yes,None,1207.09,8449.63,149853.82,373104.46,Delivered
BOL004388,MSC,CEVA Logistics,Home Depot Canada,Machinery,20RF,2,Ningbo,Miami,CFR,2024-07-07,2024-08-01,2024-08-01,25,0,Yes,None,2484.99,4969.98,22460.67,361718.23,Delivered
BOL004389,Evergreen,Sinotrans,Sport Chek,Apparel,20RF,4,Shanghai,New York,EXW,2023-11-28,2024-01-11,2024-01-11,44,0,Yes,None,1553.47,6213.88,78678.1,18288.2,Delivered
BOL004390,Yang Ming,Sinotrans,Groupe Touchette,Electronics,40GP,1,Busan,Montreal,DAP,2024-09-16,2024-09-30,2024-09-30,14,0,Yes,None,2771.34,2771.34,12548.38,303697.19,Delivered
BOL004391,COSCO,Sinotrans,Mountain Equipment,Steel Products,20RF,6,Busan,Toronto,DAP,2023-01-10,2023-02-12,2023-02-12,33,0,Yes,None,2341.76,14050.56,108936.2,41123.47,Delivered
BOL004392,Maersk,DSV,Shoppers Drug Mart,Food Products,40HC,5,Shenzhen,New York,CIF,2023-03-13,2023-03-28,2023-03-28,15,0,Yes,None,1161.37,5806.85,69698.15,204047.12,Delivered
BOL004393,COSCO,CEVA Logistics,Reitmans,Electronics,45HC,2,Shanghai,Chicago,CFR,2024-12-13,2025-01-18,2025-01-18,36,0,Yes,None,3128.88,6257.76,44598.81,423036.86,In Transit
BOL004394,CMA CGM,Nippon Express,IKEA Canada,Machinery,40RF,10,Singapore,Toronto,CFR,2023-10-07,2023-11-20,2023-11-20,44,0,Yes,None,2734.3,27343.0,213661.08,186506.98,Delivered
BOL004395,ONE,CEVA Logistics,Aldo Group,Textiles,40GP,8,Singapore,Chicago,DDP,2022-05-17,2022-06-13,2022-06-13,27,0,Yes,None,2901.89,23215.12,82308.99,338013.71,Delivered
BOL004396,MSC,Nippon Express,Mountain Equipment,Machinery,40RF,1,Ningbo,Miami,DDP,2023-12-02,2024-01-13,2024-01-13,42,0,Yes,None,4357.67,4357.67,18603.33,304219.18,Delivered
BOL004397,COSCO,Nippon Express,Costco Canada,Apparel,40RF,7,Shenzhen,Los Angeles,DAP,2024-11-26,2024-12-20,2024-12-20,24,0,Yes,None,2371.02,16597.14,104963.87,33030.26,Delivered
BOL004398,Yang Ming,Sinotrans,IKEA Canada,Textiles,45HC,4,Colombo,Houston,DDP,2024-06-10,2024-07-08,2024-07-08,28,0,Yes,None,1528.11,6112.44,105191.2,496995.91,Delivered
BOL004399,Evergreen,DB Schenker,Loblaw Companies,Apparel,40RF,1,Busan,Chicago,DAP,2023-11-14,2023-12-26,2023-12-26,42,0,Yes,None,3735.31,3735.31,12572.77,26602.51,Delivered
BOL004400,Maersk,DB Schenker,Empire Company,Chemicals,40GP,5,Shenzhen,Los Angeles,DAP,2023-02-16,2023-03-22,2023-03-22,34,0,Yes,None,3815.01,19075.05,52519.35,479735.29,Delivered
BOL004401,ZIM,Panalpina,Loblaws,Electronics,20GP,7,Ningbo,Montreal,CIF,2022-05-22,2022-06-19,2022-06-19,28,0,Yes,None,2665.61,18659.27,120452.08,230909.28,Delivered
BOL004402,ZIM,Sinotrans,Groupe Touchette,Electronics,40GP,2,Kaohsiung,Toronto,FOB,2024-04-02,2024-05-05,2024-05-05,33,0,Yes,None,3299.93,6599.86,12304.98,205166.89,Delivered
BOL004403,MSC,Panalpina,Best Buy Canada,Food Products,40GP,6,Hong Kong,Seattle,DDP,2022-03-25,2022-05-05,2022-05-05,41,0,Yes,None,4440.45,26642.7,110882.64,120679.72,Delivered
BOL004404,Evergreen,CEVA Logistics,Costco Canada,Apparel,45HC,2,Busan,Los Angeles,CIF,2024-05-21,2024-06-17,2024-06-17,27,0,Yes,None,863.96,1727.92,42032.38,48581.42,Delivered
BOL004405,HMM,CEVA Logistics,Shoppers Drug Mart,Electronics,20RF,5,Shenzhen,Miami,CIF,2023-04-12,2023-05-21,2023-05-21,39,0,Yes,None,2432.34,12161.7,139807.93,29244.45,Delivered
BOL004406,CMA CGM,Kuehne+Nagel,Shoppers Drug Mart,Machinery,40GP,9,Shanghai,Chicago,CFR,2023-03-01,2023-04-01,2023-04-01,31,0,Yes,None,3460.64,31145.76,116088.3,268353.18,Delivered
BOL004407,Yang Ming,Nippon Express,Mountain Equipment,Toys,40RF,4,Singapore,New York,CFR,2022-06-07,2022-07-18,2022-07-18,41,0,Yes,None,2963.47,11853.88,26712.25,41945.48,Delivered
BOL004408,CMA CGM,CEVA Logistics,Canadian Tire,Steel Products,40HC,7,Rotterdam,Montreal,CIF,2023-04-24,2023-05-20,2023-05-20,26,0,Yes,None,2200.56,15403.92,183997.36,246411.66,Delivered
BOL004409,COSCO,DB Schenker,Metro Inc,Chemicals,20RF,8,Singapore,New York,FOB,2024-09-26,2024-10-23,2024-10-23,27,0,Yes,None,3741.55,29932.4,93476.9,221936.83,Delivered
BOL004410,COSCO,DB Schenker,Loblaws,Toys,40RF,6,Hong Kong,Montreal,DDP,2024-02-01,2024-03-14,2024-03-14,42,0,Yes,None,3688.82,22132.92,65013.16,283422.73,Delivered
BOL004411,COSCO,CEVA Logistics,IKEA Canada,Steel Products,20RF,1,Kaohsiung,Chicago,CFR,2022-07-19,2022-08-05,2022-08-05,17,0,Yes,None,2088.87,2088.87,11474.44,395092.67,Delivered
BOL004412,Evergreen,Sinotrans,Mountain Equipment,Steel Products,20RF,1,Busan,Halifax,CFR,2022-09-03,2022-10-14,2022-10-14,41,0,Yes,None,3654.69,3654.69,15780.94,397417.04,Delivered
BOL004413,ONE,DSV,Metro Inc,Machinery,20GP,5,Kaohsiung,Miami,DDP,2024-07-13,2024-08-23,2024-08-23,41,0,Yes,None,1471.1,7355.5,29579.76,262238.53,Delivered
BOL004414,Hapag-Lloyd,Sinotrans,Home Depot Canada,Toys,40RF,1,Rotterdam,New York,DDP,2023-02-08,2023-03-07,2023-03-07,27,0,Yes,None,4185.28,4185.28,13444.61,465616.71,Delivered
BOL004415,ONE,Panalpina,Hudson Bay,Furniture,45HC,9,Singapore,Chicago,CFR,2024-10-11,2024-10-27,2024-10-27,16,0,Yes,None,1028.74,9258.66,175449.7,403278.14,Delivered
BOL004416,COSCO,CEVA Logistics,Best Buy Canada,Steel Products,40HC,9,Ningbo,Vancouver,CIF,2024-11-20,2024-12-15,2024-12-15,25,0,Yes,None,824.63,7421.67,137764.09,169912.34,Delivered
BOL004417,Yang Ming,Kuehne+Nagel,Sobeys,Chemicals,45HC,10,Singapore,Vancouver,DDP,2023-12-11,2024-01-24,2024-01-24,44,0,Yes,None,3498.72,34987.2,234659.83,42104.04,Delivered
BOL004418,ONE,DB Schenker,Costco Canada,Food Products,20RF,8,Shenzhen,Toronto,DAP,2023-06-17,2023-07-07,2023-07-07,20,0,Yes,None,3622.85,28982.8,217531.67,387841.42,Delivered
BOL004419,Yang Ming,Nippon Express,Shoppers Drug Mart,Chemicals,40GP,1,Hamburg,Montreal,CIF,2024-04-22,2024-05-17,2024-05-17,25,0,Yes,None,1466.87,1466.87,22660.68,454642.04,Delivered
BOL004420,CMA CGM,Sinotrans,Reitmans,Machinery,40GP,7,Shenzhen,Vancouver,EXW,2024-02-25,2024-04-05,2024-04-05,40,0,Yes,None,3903.5,27324.5,39527.33,461251.39,Delivered
BOL004421,COSCO,Sinotrans,Aldo Group,Chemicals,20RF,10,Singapore,Vancouver,FOB,2022-06-18,2022-07-24,2022-07-24,36,0,Yes,None,4339.52,43395.2,247263.1,156221.77,Delivered
BOL004422,Maersk,Nippon Express,IKEA Canada,Textiles,40RF,7,Colombo,Halifax,CIF,2024-11-16,2024-12-13,2024-12-13,27,0,Yes,None,4284.35,29990.45,162123.14,459717.58,Delivered
BOL004423,Evergreen,DB Schenker,Hudson Bay,Furniture,20GP,3,Singapore,Seattle,DAP,2022-08-13,2022-08-28,2022-08-28,15,0,Yes,None,1530.12,4590.36,62624.02,259700.15,Delivered
BOL004424,HMM,Nippon Express,Aldo Group,Food Products,40HC,9,Ningbo,Houston,DDP,2023-07-13,2023-08-08,2023-08-20,26,12,No,Equipment Shortage,3550.73,31956.57,193668.64,60283.59,Delayed
BOL004425,HMM,Sinotrans,Canadian Tire,Auto Parts,40RF,8,Shenzhen,Houston,CFR,2022-05-13,2022-06-19,2022-06-19,37,0,Yes,None,2433.76,19470.08,193525.9,198079.2,Delivered
BOL004426,Hapag-Lloyd,Sinotrans,Loblaw Companies,Machinery,20GP,2,Colombo,New York,FOB,2022-10-19,2022-12-01,2022-12-01,43,0,Yes,None,2718.33,5436.66,36392.17,287341.29,Delivered
BOL004427,Hapag-Lloyd,DSV,Shoppers Drug Mart,Electronics,40RF,9,Busan,Houston,CFR,2022-04-04,2022-05-02,2022-05-02,28,0,Yes,None,3562.06,32058.54,141163.72,320742.52,Delivered
BOL004428,Yang Ming,Sinotrans,IKEA Canada,Toys,40HC,5,Hamburg,Houston,EXW,2022-11-22,2022-12-06,2022-12-06,14,0,Yes,None,4217.29,21086.45,45606.59,252727.44,Delivered
BOL004429,ZIM,Sinotrans,Hudson Bay,Auto Parts,20RF,3,Busan,New York,CIF,2024-04-17,2024-05-05,2024-05-10,18,5,No,Customs Inspection,3288.05,9864.15,71327.9,492664.47,Delivered
BOL004430,COSCO,Expeditors,Giant Tiger,Machinery,40RF,5,Ningbo,Toronto,CIF,2023-09-13,2023-09-30,2023-09-30,17,0,Yes,None,1947.52,9737.6,89633.91,481324.31,Delivered
BOL004431,COSCO,Kuehne+Nagel,Indigo Books,Furniture,40HC,8,Singapore,Chicago,CFR,2024-01-01,2024-01-21,2024-01-31,20,10,No,Port Congestion,4460.64,35685.12,133259.01,410390.9,Delayed
BOL004432,Hapag-Lloyd,Kuehne+Nagel,Loblaw Companies,Food Products,40RF,9,Rotterdam,Los Angeles,EXW,2022-12-10,2022-12-24,2023-01-06,14,13,No,Customs Inspection,2455.22,22096.98,52367.18,291688.66,Delayed
BOL004433,Maersk,DSV,Mountain Equipment,Food Products,40HC,5,Kaohsiung,Los Angeles,DAP,2022-09-16,2022-10-09,2022-10-09,23,0,Yes,None,1609.92,8049.6,72707.19,85116.91,Delivered
BOL004434,Maersk,Panalpina,Groupe Touchette,Apparel,40RF,7,Shanghai,Seattle,FOB,2024-01-22,2024-03-02,2024-03-02,40,0,Yes,None,3695.45,25868.15,43673.85,102925.28,Delivered
BOL004435,Hapag-Lloyd,Kuehne+Nagel,Home Depot Canada,Auto Parts,20RF,9,Hamburg,Montreal,DAP,2024-01-18,2024-03-02,2024-03-15,44,13,No,Customs Inspection,4322.9,38906.1,71731.38,177907.4,Delayed
BOL004436,ZIM,Nippon Express,Metro Inc,Textiles,20RF,6,Shenzhen,Vancouver,FOB,2024-08-31,2024-09-18,2024-09-18,18,0,Yes,None,3958.76,23752.56,126122.25,207701.68,Delivered
BOL004437,COSCO,Nippon Express,Metro Inc,Machinery,20GP,9,Busan,Seattle,FOB,2023-11-05,2023-11-24,2023-11-24,19,0,Yes,None,3133.09,28197.81,133872.69,125566.1,Delivered
BOL004438,ZIM,CEVA Logistics,Empire Company,Apparel,45HC,3,Shanghai,Chicago,CFR,2022-05-19,2022-06-25,2022-06-25,37,0,Yes,None,3617.81,10853.43,15660.24,33938.26,Delivered
BOL004439,Yang Ming,Expeditors,Indigo Books,Apparel,40HC,10,Shanghai,Montreal,EXW,2024-06-08,2024-07-13,2024-07-13,35,0,Yes,None,942.27,9422.7,62667.14,451588.11,Delivered
BOL004440,Yang Ming,DSV,Best Buy Canada,Furniture,45HC,5,Busan,Seattle,CIF,2022-06-18,2022-07-05,2022-07-05,17,0,Yes,None,1441.36,7206.8,79148.86,482762.08,Delivered
BOL004441,CMA CGM,DB Schenker,Groupe Touchette,Food Products,40RF,1,Ningbo,Halifax,DAP,2024-08-24,2024-09-07,2024-09-09,14,2,No,Equipment Shortage,3566.07,3566.07,25313.21,452924.65,Delivered
BOL004442,Yang Ming,Sinotrans,Loblaw Companies,Auto Parts,20GP,4,Colombo,Seattle,FOB,2023-04-24,2023-06-01,2023-06-01,38,0,Yes,None,1869.69,7478.76,99912.7,133221.72,Delivered
BOL004443,HMM,DB Schenker,Mountain Equipment,Apparel,40GP,2,Busan,Houston,CIF,2022-09-26,2022-10-17,2022-10-17,21,0,Yes,None,2975.9,5951.8,41629.31,276191.36,Delivered
BOL004444,ONE,Nippon Express,Aldo Group,Steel Products,45HC,9,Ningbo,Chicago,FOB,2024-05-27,2024-06-25,2024-07-03,29,8,No,Bad Weather,4198.49,37786.41,223363.63,269437.75,Delayed
BOL004445,CMA CGM,Nippon Express,Hudson Bay,Auto Parts,20RF,2,Colombo,Montreal,CFR,2024-12-29,2025-01-19,2025-01-19,21,0,Yes,None,3716.0,7432.0,16834.75,383260.5,In Transit
BOL004446,ONE,Panalpina,Shoppers Drug Mart,Machinery,20RF,8,Singapore,Toronto,DAP,2023-10-17,2023-11-19,2023-11-19,33,0,Yes,None,983.33,7866.64,209785.41,149950.84,Delivered
BOL004447,HMM,Kuehne+Nagel,Loblaws,Steel Products,45HC,10,Ningbo,Chicago,FOB,2023-01-29,2023-02-23,2023-02-28,25,5,No,Customs Inspection,950.09,9500.9,159666.77,400307.91,Delivered
BOL004448,Maersk,DSV,Shoppers Drug Mart,Electronics,20RF,8,Busan,Miami,EXW,2022-01-26,2022-03-11,2022-03-11,44,0,Yes,None,2702.58,21620.64,117410.02,377920.26,Delivered
BOL004449,ONE,DSV,Loblaw Companies,Auto Parts,45HC,6,Rotterdam,Halifax,DAP,2023-12-02,2024-01-16,2024-01-16,45,0,Yes,None,1651.89,9911.34,59616.71,111742.95,Delivered
BOL004450,Yang Ming,CEVA Logistics,Canadian Tire,Steel Products,40GP,3,Singapore,New York,CIF,2023-10-02,2023-11-02,2023-11-12,31,10,No,Port Congestion,2197.38,6592.14,55818.92,468493.7,Delayed
BOL004451,ZIM,Panalpina,Groupe Touchette,Electronics,20RF,6,Ningbo,Halifax,CFR,2022-07-17,2022-08-09,2022-08-09,23,0,Yes,None,1672.21,10033.26,73052.95,468149.07,Delivered
BOL004452,ZIM,Expeditors,Indigo Books,Textiles,20GP,2,Kaohsiung,Miami,CIF,2023-04-29,2023-06-12,2023-06-13,44,1,No,Bad Weather,1559.69,3119.38,49642.24,142062.86,Delivered
BOL004453,MSC,DSV,Empire Company,Textiles,45HC,2,Kaohsiung,New York,FOB,2024-10-01,2024-11-08,2024-11-08,38,0,Yes,None,823.25,1646.5,43126.95,290019.33,Delivered
BOL004454,Maersk,DB Schenker,Indigo Books,Auto Parts,40RF,6,Shanghai,Miami,EXW,2024-09-19,2024-10-21,2024-10-21,32,0,Yes,None,3701.7,22210.2,76015.26,143870.29,Delivered
BOL004455,HMM,DB Schenker,Giant Tiger,Chemicals,20GP,6,Hamburg,Vancouver,CIF,2024-08-02,2024-08-16,2024-08-16,14,0,Yes,None,946.49,5678.94,166426.97,303612.04,Delivered
BOL004456,Evergreen,Panalpina,Best Buy Canada,Apparel,20GP,9,Hamburg,Houston,DDP,2022-07-16,2022-08-28,2022-09-05,43,8,No,Bad Weather,3076.24,27686.16,153565.18,241985.07,Delayed
BOL004457,COSCO,CEVA Logistics,Giant Tiger,Auto Parts,40HC,4,Ningbo,Montreal,DAP,2023-08-18,2023-09-21,2023-09-21,34,0,Yes,None,3558.25,14233.0,83451.93,298808.13,Delivered
BOL004458,ZIM,Nippon Express,Reitmans,Apparel,20RF,9,Hamburg,Houston,CFR,2022-03-25,2022-05-07,2022-05-07,43,0,Yes,None,2335.92,21023.28,207503.54,386985.61,Delivered
BOL004459,ONE,Expeditors,Best Buy Canada,Textiles,40HC,6,Shenzhen,Miami,EXW,2023-01-19,2023-02-14,2023-02-14,26,0,Yes,None,3871.2,23227.2,144376.74,209357.81,Delivered
BOL004460,Yang Ming,Expeditors,Aldo Group,Toys,40GP,3,Shanghai,Miami,CIF,2022-01-14,2022-01-30,2022-01-30,16,0,Yes,None,1407.16,4221.48,43138.09,206898.72,Delivered
BOL004461,Yang Ming,CEVA Logistics,Metro Inc,Auto Parts,40RF,2,Ningbo,Halifax,DDP,2024-05-03,2024-05-22,2024-05-22,19,0,Yes,None,3477.19,6954.38,11332.49,430054.87,Delivered
BOL004462,MSC,Panalpina,Indigo Books,Furniture,40RF,3,Shenzhen,Houston,CIF,2022-12-28,2023-02-07,2023-02-07,41,0,Yes,None,3883.23,11649.69,67850.88,36725.08,Delivered
BOL004463,Evergreen,Kuehne+Nagel,Indigo Books,Food Products,45HC,3,Hamburg,Montreal,CIF,2024-12-13,2025-01-01,2025-01-01,19,0,Yes,None,2951.79,8855.37,59528.55,100419.37,Delivered
BOL004464,COSCO,CEVA Logistics,IKEA Canada,Apparel,40GP,3,Shenzhen,Vancouver,CIF,2022-09-19,2022-10-17,2022-10-17,28,0,Yes,None,3915.22,11745.66,24548.97,33826.84,Delivered
BOL004465,Hapag-Lloyd,Panalpina,Indigo Books,Auto Parts,20RF,1,Shenzhen,Los Angeles,DDP,2024-09-10,2024-10-07,2024-10-07,27,0,Yes,None,4257.13,4257.13,6758.58,79468.05,Delivered
BOL004466,Maersk,Kuehne+Nagel,Home Depot Canada,Steel Products,45HC,5,Hong Kong,Toronto,CFR,2022-09-19,2022-10-09,2022-10-09,20,0,Yes,None,2030.56,10152.8,129409.9,33080.49,Delivered
BOL004467,Hapag-Lloyd,Panalpina,Hudson Bay,Apparel,20RF,6,Hong Kong,Toronto,CIF,2024-08-03,2024-08-24,2024-08-24,21,0,Yes,None,3122.78,18736.68,41497.01,349930.53,Delivered
BOL004468,HMM,Expeditors,Sobeys,Electronics,45HC,6,Shanghai,New York,CFR,2022-05-03,2022-05-21,2022-05-23,18,2,No,Documentation Error,1021.89,6131.34,101938.81,203686.91,Delivered
BOL004469,MSC,Kuehne+Nagel,Mountain Equipment,Electronics,40HC,10,Shenzhen,Halifax,EXW,2022-01-17,2022-02-28,2022-02-28,42,0,Yes,None,4331.35,43313.5,163355.94,447818.42,Delivered
BOL004470,Maersk,Expeditors,Reitmans,Steel Products,20RF,9,Rotterdam,Vancouver,EXW,2023-09-13,2023-10-04,2023-10-04,21,0,Yes,None,3735.83,33622.47,70024.4,252460.71,Delivered
BOL004471,ZIM,Panalpina,Canadian Tire,Steel Products,40GP,8,Ningbo,Chicago,CFR,2023-08-29,2023-09-27,2023-10-03,29,6,No,Port Congestion,2042.04,16336.32,81921.96,214343.35,Delayed
BOL004472,ZIM,Sinotrans,Mountain Equipment,Textiles,40RF,5,Kaohsiung,Vancouver,CIF,2023-01-11,2023-02-08,2023-02-08,28,0,Yes,None,2562.95,12814.75,26553.32,389037.24,Delivered
BOL004473,ONE,Kuehne+Nagel,Sobeys,Chemicals,20GP,6,Shenzhen,Montreal,DAP,2023-01-28,2023-03-07,2023-03-07,38,0,Yes,None,2751.57,16509.42,75620.86,280789.2,Delivered
BOL004474,Maersk,DSV,Canadian Tire,Food Products,40HC,8,Hamburg,Vancouver,FOB,2024-08-22,2024-09-06,2024-09-06,15,0,Yes,None,2377.03,19016.24,205046.59,455602.75,Delivered
BOL004475,ONE,CEVA Logistics,Reitmans,Steel Products,40GP,6,Colombo,Vancouver,DAP,2022-12-20,2023-01-05,2023-01-05,16,0,Yes,None,1665.89,9995.34,83892.49,80533.59,Delivered
BOL004476,COSCO,Nippon Express,Loblaws,Chemicals,20RF,7,Shanghai,Toronto,CIF,2022-01-20,2022-03-04,2022-03-04,43,0,Yes,None,4092.85,28649.95,182981.12,220149.16,Delivered
BOL004477,Hapag-Lloyd,DB Schenker,Aldo Group,Food Products,40HC,9,Kaohsiung,Chicago,DDP,2023-11-02,2023-12-06,2023-12-06,34,0,Yes,None,1167.99,10511.91,106923.57,159777.38,Delivered
BOL004478,Evergreen,DSV,Costco Canada,Textiles,40GP,10,Colombo,Vancouver,CIF,2024-03-29,2024-05-07,2024-05-07,39,0,Yes,None,4107.15,41071.5,72028.05,482606.37,Delivered
BOL004479,Evergreen,Sinotrans,Aldo Group,Chemicals,20RF,10,Hamburg,Vancouver,CFR,2023-09-16,2023-10-05,2023-10-11,19,6,No,Customs Inspection,1389.01,13890.1,156064.88,496870.66,Delayed
BOL004480,ZIM,Nippon Express,Sobeys,Apparel,40GP,2,Hamburg,Montreal,CFR,2022-08-29,2022-10-07,2022-10-07,39,0,Yes,None,1231.26,2462.52,47812.67,493593.53,Delivered
BOL004481,COSCO,CEVA Logistics,Canadian Tire,Machinery,20GP,10,Ningbo,Houston,FOB,2024-12-10,2025-01-03,2025-01-03,24,0,Yes,None,1012.8,10128.0,229180.57,476352.82,In Transit
BOL004482,Yang Ming,DB Schenker,Walmart Canada,Textiles,20RF,5,Hong Kong,Toronto,CFR,2024-04-29,2024-05-24,2024-05-24,25,0,Yes,None,2310.72,11553.6,69181.0,203466.46,Delivered
BOL004483,Maersk,DSV,Walmart Canada,Toys,20RF,9,Colombo,Chicago,DDP,2024-01-15,2024-02-21,2024-02-21,37,0,Yes,None,3642.75,32784.75,168594.43,106828.79,Delivered
BOL004484,ZIM,CEVA Logistics,Groupe Touchette,Auto Parts,45HC,2,Hamburg,Halifax,FOB,2022-08-24,2022-09-08,2022-09-11,15,3,No,Port Congestion,2634.52,5269.04,55942.75,103512.02,Delivered
BOL004485,Hapag-Lloyd,Panalpina,Loblaws,Toys,20GP,2,Colombo,Miami,FOB,2023-11-05,2023-12-03,2023-12-03,28,0,Yes,None,3298.29,6596.58,17369.04,70914.8,Delivered
BOL004486,MSC,CEVA Logistics,Mountain Equipment,Chemicals,40GP,8,Singapore,Seattle,DAP,2023-10-13,2023-10-29,2023-10-29,16,0,Yes,None,4389.89,35119.12,178798.66,367673.12,Delivered
BOL004487,Yang Ming,Kuehne+Nagel,Canadian Tire,Textiles,40RF,1,Colombo,Los Angeles,CIF,2023-03-23,2023-05-06,2023-05-06,44,0,Yes,None,839.48,839.48,10902.99,262310.85,Delivered
BOL004488,Yang Ming,Nippon Express,Mountain Equipment,Toys,20GP,6,Shanghai,Seattle,CFR,2022-10-21,2022-11-06,2022-11-06,16,0,Yes,None,3786.31,22717.86,85824.82,429519.03,Delivered
BOL004489,Maersk,Expeditors,Giant Tiger,Food Products,20RF,7,Hong Kong,Toronto,CFR,2023-10-04,2023-11-16,2023-11-16,43,0,Yes,None,4074.93,28524.51,161424.74,229767.18,Delivered
BOL004490,ONE,Kuehne+Nagel,Walmart Canada,Apparel,40RF,10,Busan,Vancouver,FOB,2024-05-17,2024-06-21,2024-06-21,35,0,Yes,None,1765.58,17655.8,210149.64,427285.11,Delivered
BOL004491,MSC,Kuehne+Nagel,Mountain Equipment,Toys,45HC,2,Rotterdam,Miami,DAP,2024-10-07,2024-11-02,2024-11-04,26,2,No,Bad Weather,4153.72,8307.44,12703.96,347462.84,Delivered
BOL004492,ONE,DSV,Mountain Equipment,Electronics,45HC,1,Ningbo,Houston,DAP,2024-12-12,2025-01-10,2025-01-10,29,0,Yes,None,2357.53,2357.53,19951.61,230828.01,In Transit
BOL004493,Evergreen,DSV,Loblaws,Machinery,20RF,3,Shanghai,Montreal,DDP,2023-02-05,2023-02-26,2023-02-26,21,0,Yes,None,3893.19,11679.57,76564.65,140359.22,Delivered
BOL004494,Maersk,Kuehne+Nagel,Giant Tiger,Textiles,20RF,9,Kaohsiung,Vancouver,DAP,2023-03-01,2023-04-01,2023-04-01,31,0,Yes,None,2039.08,18351.72,247185.81,163266.18,Delivered
BOL004495,COSCO,DB Schenker,Costco Canada,Food Products,40RF,4,Colombo,Vancouver,CFR,2024-09-27,2024-10-31,2024-10-31,34,0,Yes,None,1959.75,7839.0,73528.56,422937.3,Delivered
BOL004496,CMA CGM,DB Schenker,Groupe Touchette,Food Products,20RF,7,Shenzhen,Vancouver,CFR,2022-05-05,2022-05-19,2022-05-27,14,8,No,Customs Inspection,2017.06,14119.42,81668.44,228010.51,Delayed
BOL004497,COSCO,CEVA Logistics,Sport Chek,Toys,40HC,10,Busan,Chicago,DAP,2024-12-11,2025-01-23,2025-01-23,43,0,Yes,None,4204.81,42048.1,143720.53,477061.11,In Transit
BOL004498,ONE,DB Schenker,Reitmans,Toys,20RF,9,Shenzhen,Vancouver,FOB,2022-07-17,2022-08-14,2022-08-14,28,0,Yes,None,4213.96,37925.64,72248.05,188153.15,Delivered
BOL004499,ONE,DSV,Reitmans,Food Products,45HC,2,Rotterdam,Miami,EXW,2024-03-10,2024-04-14,2024-04-14,35,0,Yes,None,3359.81,6719.62,28512.97,137347.66,Delivered
BOL004500,Evergreen,Sinotrans,Mountain Equipment,Food Products,20RF,2,Kaohsiung,Seattle,EXW,2022-03-08,2022-04-09,2022-04-09,32,0,Yes,None,3184.79,6369.58,19891.08,226838.63,Delivered
BOL004501,MSC,DB Schenker,Sobeys,Chemicals,40RF,3,Rotterdam,Chicago,EXW,2024-10-12,2024-10-30,2024-10-30,18,0,Yes,None,1907.77,5723.31,53107.18,426750.42,Delivered
BOL004502,CMA CGM,Nippon Express,Groupe Touchette,Textiles,20GP,4,Kaohsiung,Toronto,CIF,2022-09-06,2022-10-05,2022-10-20,29,15,No,Documentation Error,2955.82,11823.28,54822.11,459588.31,Delayed
BOL004503,ONE,Expeditors,IKEA Canada,Electronics,20GP,8,Shenzhen,New York,DDP,2024-06-05,2024-07-20,2024-07-20,45,0,Yes,None,3796.61,30372.88,55501.32,461401.84,Delivered
BOL004504,Yang Ming,DSV,Loblaws,Toys,20RF,5,Colombo,New York,DAP,2024-04-13,2024-05-23,2024-05-23,40,0,Yes,None,3830.85,19154.25,58122.24,78974.64,Delivered
BOL004505,HMM,Nippon Express,Loblaws,Food Products,45HC,2,Hong Kong,Chicago,CFR,2024-10-01,2024-10-27,2024-10-30,26,3,No,Bad Weather,4317.78,8635.56,36325.33,171801.42,Delivered
BOL004506,MSC,DSV,Sport Chek,Toys,40HC,2,Hamburg,Seattle,FOB,2022-11-19,2023-01-01,2023-01-01,43,0,Yes,None,4203.09,8406.18,18006.5,276293.06,Delivered
BOL004507,Maersk,Panalpina,Hudson Bay,Electronics,20RF,4,Singapore,Seattle,EXW,2023-07-11,2023-08-13,2023-08-13,33,0,Yes,None,2955.49,11821.96,39613.22,417374.69,Delivered
BOL004508,COSCO,DB Schenker,Reitmans,Electronics,20GP,1,Colombo,Toronto,DAP,2023-10-22,2023-11-22,2023-11-30,31,8,No,Customs Inspection,2431.67,2431.67,27526.3,53212.27,Delayed
BOL004509,CMA CGM,Expeditors,Groupe Touchette,Steel Products,20RF,8,Hong Kong,New York,CFR,2023-07-07,2023-07-30,2023-07-30,23,0,Yes,None,3162.67,25301.36,112082.32,246118.5,Delivered
BOL004510,COSCO,DSV,Indigo Books,Furniture,20RF,1,Kaohsiung,Chicago,EXW,2022-07-27,2022-09-09,2022-09-21,44,12,No,Documentation Error,2141.44,2141.44,17176.9,471274.75,Delayed
BOL004511,MSC,DSV,Costco Canada,Food Products,20GP,4,Shanghai,Miami,CFR,2022-08-25,2022-09-12,2022-09-12,18,0,Yes,None,3483.97,13935.88,56924.35,32373.31,Delivered
BOL004512,MSC,DB Schenker,Canadian Tire,Textiles,40RF,7,Hamburg,Los Angeles,EXW,2024-10-01,2024-10-30,2024-10-30,29,0,Yes,None,1707.8,11954.6,171785.35,465841.9,Delivered
BOL004513,Maersk,DB Schenker,Mountain Equipment,Apparel,40HC,1,Hong Kong,Halifax,DAP,2022-10-08,2022-11-16,2022-11-16,39,0,Yes,None,2071.6,2071.6,13964.16,309730.71,Delivered
BOL004514,COSCO,DB Schenker,Home Depot Canada,Apparel,45HC,6,Hong Kong,Seattle,EXW,2023-09-26,2023-10-13,2023-10-25,17,12,No,Port Congestion,2140.03,12840.18,70419.8,335966.97,Delayed
BOL004515,COSCO,Kuehne+Nagel,Hudson Bay,Auto Parts,40RF,6,Kaohsiung,Los Angeles,CFR,2024-08-24,2024-10-08,2024-10-08,45,0,Yes,None,1687.01,10122.06,162369.79,265223.07,Delivered
BOL004516,ZIM,Sinotrans,Loblaw Companies,Machinery,40RF,2,Shanghai,Toronto,CIF,2022-11-12,2022-12-11,2022-12-11,29,0,Yes,None,3226.86,6453.72,54074.31,146207.15,Delivered
BOL004517,Yang Ming,DSV,Groupe Touchette,Toys,40GP,8,Busan,Houston,CIF,2022-12-03,2023-01-02,2023-01-02,30,0,Yes,None,2222.46,17779.68,216114.39,319303.92,Delivered
BOL004518,Evergreen,Expeditors,Empire Company,Auto Parts,40GP,3,Ningbo,Montreal,CIF,2023-07-15,2023-08-07,2023-08-07,23,0,Yes,None,1381.78,4145.34,44242.44,466785.01,Delivered
BOL004519,ZIM,DSV,Costco Canada,Chemicals,40RF,4,Rotterdam,Vancouver,CFR,2022-11-21,2022-12-29,2022-12-29,38,0,Yes,None,1466.83,5867.32,33795.37,228295.6,Delivered
BOL004520,MSC,DSV,Loblaw Companies,Steel Products,20GP,10,Shenzhen,Montreal,DDP,2023-07-12,2023-07-30,2023-07-30,18,0,Yes,None,3807.15,38071.5,166659.92,438737.58,Delivered
BOL004521,CMA CGM,Expeditors,Metro Inc,Furniture,40GP,10,Hamburg,Houston,CFR,2022-10-19,2022-11-19,2022-11-19,31,0,Yes,None,2418.1,24181.0,102076.68,407173.14,Delivered
BOL004522,CMA CGM,Nippon Express,Indigo Books,Steel Products,20RF,8,Shanghai,Halifax,CIF,2022-11-02,2022-11-17,2022-11-17,15,0,Yes,None,3642.83,29142.64,153678.56,27681.83,Delivered
BOL004523,CMA CGM,Expeditors,Giant Tiger,Steel Products,40HC,6,Singapore,Chicago,DDP,2024-06-17,2024-07-24,2024-07-24,37,0,Yes,None,1797.65,10785.9,131468.46,162723.59,Delivered
BOL004524,ONE,Expeditors,Giant Tiger,Chemicals,40GP,4,Busan,Seattle,DDP,2024-09-28,2024-10-21,2024-10-21,23,0,Yes,None,1555.53,6222.12,93695.21,271164.25,Delivered
BOL004525,Evergreen,DSV,Indigo Books,Apparel,20RF,4,Rotterdam,Houston,CIF,2024-10-05,2024-11-09,2024-11-09,35,0,Yes,None,4419.77,17679.08,27023.73,433845.53,Delivered
BOL004526,ZIM,Kuehne+Nagel,Aldo Group,Apparel,45HC,8,Hamburg,Vancouver,EXW,2023-12-11,2024-01-18,2024-01-18,38,0,Yes,None,4168.46,33347.68,194424.56,27111.79,Delivered
BOL004527,MSC,DSV,Reitmans,Auto Parts,40HC,7,Hong Kong,Toronto,EXW,2023-04-02,2023-04-30,2023-05-13,28,13,No,Customs Inspection,1417.51,9922.57,136799.58,400490.43,Delayed
BOL004528,CMA CGM,Nippon Express,Home Depot Canada,Furniture,40RF,5,Ningbo,Toronto,FOB,2022-08-20,2022-09-06,2022-09-06,17,0,Yes,None,1107.71,5538.55,127965.98,226145.78,Delivered
BOL004529,Yang Ming,CEVA Logistics,Sobeys,Auto Parts,45HC,1,Colombo,Miami,FOB,2023-04-13,2023-05-08,2023-05-08,25,0,Yes,None,4358.32,4358.32,14126.63,202994.93,Delivered
BOL004530,MSC,Panalpina,Aldo Group,Steel Products,40GP,10,Rotterdam,Montreal,CIF,2024-04-26,2024-05-28,2024-06-06,32,9,No,Equipment Shortage,3571.59,35715.9,167212.3,231973.1,Delayed
BOL004531,HMM,Panalpina,Giant Tiger,Auto Parts,20RF,5,Hong Kong,Toronto,CIF,2022-06-15,2022-07-04,2022-07-04,19,0,Yes,None,2952.86,14764.3,48872.89,431581.32,Delivered
BOL004532,MSC,Sinotrans,Walmart Canada,Auto Parts,20RF,5,Ningbo,Toronto,DDP,2023-01-25,2023-02-16,2023-02-16,22,0,Yes,None,3938.17,19690.85,110595.52,103647.63,Delivered
BOL004533,Yang Ming,Kuehne+Nagel,Best Buy Canada,Food Products,20RF,7,Shenzhen,Montreal,EXW,2023-10-24,2023-11-19,2023-11-19,26,0,Yes,None,4180.12,29260.84,190563.96,44682.54,Delivered
BOL004534,HMM,Nippon Express,Aldo Group,Food Products,40RF,5,Ningbo,New York,EXW,2023-11-26,2023-12-15,2023-12-15,19,0,Yes,None,4220.17,21100.85,116653.51,306481.31,Delivered
BOL004535,Maersk,DSV,Metro Inc,Electronics,20RF,1,Ningbo,Miami,CFR,2022-11-06,2022-12-17,2022-12-17,41,0,Yes,None,813.18,813.18,15472.44,107563.5,Delivered
BOL004536,Evergreen,Expeditors,Metro Inc,Textiles,40HC,10,Shanghai,Houston,CFR,2023-01-24,2023-02-12,2023-02-12,19,0,Yes,None,2500.21,25002.1,77070.2,443919.53,Delivered
BOL004537,MSC,CEVA Logistics,Home Depot Canada,Food Products,40HC,5,Busan,Miami,FOB,2022-07-26,2022-08-19,2022-08-19,24,0,Yes,None,1396.79,6983.95,125879.58,411069.65,Delivered
BOL004538,MSC,Sinotrans,Walmart Canada,Chemicals,20RF,4,Shenzhen,Toronto,FOB,2024-10-04,2024-10-27,2024-11-08,23,12,No,Documentation Error,3435.95,13743.8,35770.46,71939.38,Delayed
BOL004539,HMM,Sinotrans,Giant Tiger,Toys,20RF,8,Ningbo,Toronto,DDP,2022-04-07,2022-05-22,2022-05-22,45,0,Yes,None,3302.3,26418.4,91797.46,340307.03,Delivered
BOL004540,CMA CGM,Expeditors,Shoppers Drug Mart,Auto Parts,20RF,5,Singapore,Los Angeles,DAP,2024-05-23,2024-06-21,2024-06-23,29,2,No,Port Congestion,2036.07,10180.35,33823.07,366371.7,Delivered
BOL004541,Evergreen,Panalpina,Giant Tiger,Auto Parts,45HC,3,Rotterdam,Los Angeles,CIF,2022-12-03,2023-01-16,2023-01-16,44,0,Yes,None,3181.61,9544.83,38879.77,246106.95,Delivered
BOL004542,Evergreen,Sinotrans,Home Depot Canada,Food Products,40HC,9,Singapore,Halifax,FOB,2022-03-22,2022-04-22,2022-04-22,31,0,Yes,None,1621.92,14597.28,147583.04,462076.04,Delivered
BOL004543,CMA CGM,DSV,Mountain Equipment,Chemicals,40RF,7,Hamburg,Los Angeles,DAP,2022-06-17,2022-07-28,2022-07-28,41,0,Yes,None,1626.92,11388.44,39982.94,247603.22,Delivered
BOL004544,COSCO,DB Schenker,Walmart Canada,Textiles,20GP,8,Colombo,Halifax,FOB,2024-12-22,2025-01-20,2025-01-20,29,0,Yes,None,3850.0,30800.0,58814.71,113746.76,In Transit
BOL004545,Yang Ming,DB Schenker,Loblaws,Furniture,40GP,4,Hong Kong,Montreal,CIF,2023-10-21,2023-12-02,2023-12-02,42,0,Yes,None,4249.71,16998.84,41350.63,493158.64,Delivered
BOL004546,Evergreen,Sinotrans,Sport Chek,Electronics,40GP,3,Singapore,Los Angeles,EXW,2022-09-26,2022-10-24,2022-10-24,28,0,Yes,None,2345.82,7037.46,20253.49,69590.05,Delivered
BOL004547,Hapag-Lloyd,Kuehne+Nagel,Hudson Bay,Auto Parts,40RF,7,Shenzhen,Seattle,EXW,2023-11-23,2024-01-04,2024-01-04,42,0,Yes,None,1199.71,8397.97,137695.44,185009.91,Delivered
BOL004548,Yang Ming,Sinotrans,Loblaws,Steel Products,20RF,10,Busan,Vancouver,DAP,2022-02-27,2022-04-01,2022-04-05,33,4,No,Documentation Error,4068.79,40687.9,210557.91,287882.62,Delivered
BOL004549,Yang Ming,DSV,Loblaw Companies,Food Products,40RF,9,Shenzhen,Seattle,FOB,2024-06-03,2024-06-17,2024-06-30,14,13,No,Equipment Shortage,2559.23,23033.07,198773.48,179321.19,Delayed
BOL004550,HMM,CEVA Logistics,Mountain Equipment,Furniture,20RF,6,Singapore,Miami,DAP,2024-10-03,2024-11-10,2024-11-10,38,0,Yes,None,3706.3,22237.8,110830.22,195244.65,Delivered
BOL004551,ONE,Sinotrans,Giant Tiger,Machinery,45HC,5,Colombo,Los Angeles,EXW,2023-01-10,2023-02-03,2023-02-03,24,0,Yes,None,2319.18,11595.9,137149.32,146102.7,Delivered
BOL004552,COSCO,Kuehne+Nagel,Hudson Bay,Auto Parts,40RF,9,Hamburg,Miami,EXW,2023-05-14,2023-06-15,2023-06-15,32,0,Yes,None,4490.23,40412.07,53453.13,63451.98,Delivered
BOL004553,MSC,Panalpina,Canadian Tire,Toys,40GP,1,Hong Kong,Los Angeles,DDP,2023-04-26,2023-06-10,2023-06-10,45,0,Yes,None,4309.48,4309.48,14649.29,189675.79,Delivered
BOL004554,Maersk,Expeditors,Loblaws,Auto Parts,45HC,10,Shanghai,Los Angeles,FOB,2024-08-31,2024-09-22,2024-09-22,22,0,Yes,None,2837.3,28373.0,254082.81,405463.72,Delivered
BOL004555,ONE,DSV,IKEA Canada,Auto Parts,45HC,10,Ningbo,Vancouver,CIF,2023-02-16,2023-03-05,2023-03-05,17,0,Yes,None,3907.85,39078.5,216124.93,322003.37,Delivered
BOL004556,HMM,DSV,Empire Company,Textiles,45HC,3,Busan,Vancouver,EXW,2022-05-08,2022-06-12,2022-06-12,35,0,Yes,None,2596.47,7789.41,53444.38,34888.7,Delivered
BOL004557,Yang Ming,Panalpina,Sport Chek,Chemicals,40RF,7,Kaohsiung,Toronto,FOB,2022-04-21,2022-06-01,2022-06-01,41,0,Yes,None,1802.42,12616.94,190775.9,78691.21,Delivered
BOL004558,MSC,Nippon Express,IKEA Canada,Chemicals,40HC,8,Shenzhen,Chicago,CIF,2022-06-24,2022-07-16,2022-07-16,22,0,Yes,None,3912.61,31300.88,128775.81,143560.58,Delivered
BOL004559,HMM,Sinotrans,Sobeys,Auto Parts,20GP,1,Shanghai,Miami,EXW,2024-06-17,2024-08-01,2024-08-01,45,0,Yes,None,2899.72,2899.72,12845.28,457014.35,Delivered
BOL004560,Yang Ming,CEVA Logistics,Loblaw Companies,Electronics,20GP,3,Busan,New York,DAP,2023-05-07,2023-06-03,2023-06-03,27,0,Yes,None,1518.37,4555.11,37353.64,155577.74,Delivered
BOL004561,Yang Ming,Kuehne+Nagel,IKEA Canada,Textiles,40RF,1,Busan,Miami,FOB,2023-02-28,2023-04-14,2023-04-14,45,0,Yes,None,3130.85,3130.85,5737.38,130778.59,Delivered
BOL004562,ONE,Kuehne+Nagel,IKEA Canada,Chemicals,40RF,10,Shanghai,Toronto,CFR,2024-06-08,2024-07-20,2024-07-20,42,0,Yes,None,852.21,8522.1,256198.88,325558.37,Delivered
BOL004563,CMA CGM,DB Schenker,Aldo Group,Textiles,40RF,10,Kaohsiung,Toronto,DAP,2023-07-25,2023-08-20,2023-08-20,26,0,Yes,None,1049.83,10498.3,199699.22,51856.45,Delivered
BOL004564,Maersk,CEVA Logistics,Aldo Group,Textiles,40HC,8,Singapore,Houston,DDP,2024-05-03,2024-05-28,2024-05-31,25,3,No,Bad Weather,4086.46,32691.68,202127.08,62577.86,Delivered
BOL004565,Yang Ming,Expeditors,Best Buy Canada,Steel Products,40GP,5,Rotterdam,Vancouver,CIF,2024-06-07,2024-07-15,2024-07-15,38,0,Yes,None,848.85,4244.25,99194.02,357672.15,Delivered
BOL004566,Hapag-Lloyd,Kuehne+Nagel,Mountain Equipment,Machinery,40HC,3,Ningbo,Miami,EXW,2023-02-09,2023-03-10,2023-03-10,29,0,Yes,None,2776.14,8328.42,33545.39,117589.05,Delivered
BOL004567,HMM,Nippon Express,Indigo Books,Apparel,20GP,6,Shenzhen,Houston,EXW,2024-04-09,2024-05-12,2024-05-22,33,10,No,Equipment Shortage,4040.06,24240.36,117701.32,210952.79,Delayed
BOL004568,Yang Ming,Kuehne+Nagel,Reitmans,Electronics,20RF,5,Kaohsiung,Toronto,DDP,2023-09-10,2023-09-25,2023-09-25,15,0,Yes,None,2913.26,14566.3,75470.05,350162.61,Delivered
BOL004569,COSCO,Kuehne+Nagel,Giant Tiger,Steel Products,45HC,1,Ningbo,Chicago,DDP,2022-10-13,2022-11-18,2022-11-18,36,0,Yes,None,1374.65,1374.65,19183.47,363688.29,Delivered
BOL004570,CMA CGM,Nippon Express,Groupe Touchette,Apparel,40HC,10,Shanghai,Toronto,DDP,2023-10-02,2023-11-15,2023-11-16,44,1,No,Equipment Shortage,2252.46,22524.6,125747.61,490060.68,Delivered
BOL004571,Yang Ming,DB Schenker,Home Depot Canada,Chemicals,45HC,1,Shanghai,Vancouver,DAP,2024-07-01,2024-08-10,2024-08-10,40,0,Yes,None,3210.26,3210.26,20860.55,210722.45,Delivered
BOL004572,COSCO,Kuehne+Nagel,Sport Chek,Electronics,45HC,10,Rotterdam,Los Angeles,CIF,2023-09-28,2023-11-08,2023-11-08,41,0,Yes,None,2083.24,20832.4,82363.97,192132.97,Delivered
BOL004573,Evergreen,DSV,Home Depot Canada,Food Products,20RF,5,Hong Kong,Vancouver,CFR,2023-07-17,2023-08-11,2023-08-11,25,0,Yes,None,2646.8,13234.0,69220.86,248474.29,Delivered
BOL004574,CMA CGM,Kuehne+Nagel,Giant Tiger,Steel Products,40GP,6,Ningbo,Seattle,FOB,2022-02-14,2022-03-17,2022-03-17,31,0,Yes,None,3337.32,20023.92,162640.85,411145.14,Delivered
BOL004575,MSC,DB Schenker,Sport Chek,Steel Products,40GP,10,Colombo,Chicago,CIF,2023-07-01,2023-07-22,2023-07-22,21,0,Yes,None,950.49,9504.9,274390.24,265801.12,Delivered
BOL004576,CMA CGM,Kuehne+Nagel,Loblaw Companies,Steel Products,40RF,5,Shenzhen,Montreal,EXW,2024-02-08,2024-03-06,2024-03-06,27,0,Yes,None,2965.0,14825.0,73761.37,238409.68,Delivered
BOL004577,MSC,Nippon Express,Sobeys,Chemicals,20RF,4,Busan,Vancouver,EXW,2023-04-29,2023-06-03,2023-06-03,35,0,Yes,None,1250.03,5000.12,26027.04,468144.72,Delivered
BOL004578,CMA CGM,Panalpina,Canadian Tire,Electronics,40RF,10,Busan,Vancouver,DAP,2022-01-18,2022-02-17,2022-02-17,30,0,Yes,None,3642.48,36424.8,202350.04,471109.69,Delivered
BOL004579,HMM,Nippon Express,Reitmans,Steel Products,40GP,3,Shenzhen,Los Angeles,CIF,2023-04-17,2023-05-22,2023-05-22,35,0,Yes,None,4146.86,12440.58,34104.45,422436.3,Delivered
BOL004580,Yang Ming,Expeditors,Giant Tiger,Machinery,45HC,5,Colombo,Seattle,CIF,2024-12-04,2025-01-04,2025-01-04,31,0,Yes,None,2916.05,14580.25,34219.88,481835.49,In Transit
BOL004581,COSCO,DB Schenker,Groupe Touchette,Auto Parts,20GP,9,Rotterdam,Halifax,CIF,2022-01-10,2022-01-24,2022-01-24,14,0,Yes,None,2877.46,25897.14,145609.99,442260.68,Delivered
BOL004582,Evergreen,Nippon Express,Best Buy Canada,Furniture,40GP,9,Shanghai,Seattle,CFR,2023-07-11,2023-07-28,2023-07-28,17,0,Yes,None,4244.59,38201.31,63175.74,213580.52,Delivered
BOL004583,ONE,Sinotrans,Shoppers Drug Mart,Electronics,20GP,9,Rotterdam,Miami,DDP,2024-01-22,2024-02-07,2024-02-07,16,0,Yes,None,4260.74,38346.66,160206.76,494124.61,Delivered
BOL004584,MSC,Nippon Express,Giant Tiger,Toys,20GP,1,Shenzhen,Miami,CIF,2024-01-11,2024-02-17,2024-02-17,37,0,Yes,None,3752.77,3752.77,15015.3,445881.61,Delivered
BOL004585,MSC,Kuehne+Nagel,Groupe Touchette,Textiles,20RF,6,Rotterdam,Vancouver,DAP,2023-10-13,2023-11-10,2023-11-10,28,0,Yes,None,1758.59,10551.54,58985.93,55866.03,Delivered
BOL004586,Hapag-Lloyd,DSV,Hudson Bay,Steel Products,20RF,6,Shanghai,Chicago,CIF,2023-07-26,2023-08-20,2023-08-20,25,0,Yes,None,2933.18,17599.08,108188.83,128316.68,Delivered
BOL004587,MSC,CEVA Logistics,Hudson Bay,Electronics,45HC,7,Shanghai,Toronto,CFR,2024-04-25,2024-06-07,2024-06-07,43,0,Yes,None,3671.05,25697.35,53754.41,192354.3,Delivered
BOL004588,HMM,DB Schenker,Sobeys,Chemicals,40RF,7,Hamburg,Vancouver,EXW,2024-08-31,2024-09-28,2024-09-28,28,0,Yes,None,2286.11,16002.77,92802.68,450738.39,Delivered
BOL004589,ZIM,Panalpina,Hudson Bay,Furniture,40GP,9,Hamburg,New York,DAP,2022-03-29,2022-04-24,2022-04-24,26,0,Yes,None,2347.5,21127.5,109902.87,237340.66,Delivered
BOL004590,Maersk,Kuehne+Nagel,Aldo Group,Steel Products,40RF,4,Shenzhen,Toronto,CFR,2022-02-28,2022-04-08,2022-04-08,39,0,Yes,None,1247.6,4990.4,91007.45,351945.09,Delivered
BOL004591,COSCO,Kuehne+Nagel,Giant Tiger,Electronics,20RF,7,Busan,Houston,DAP,2022-12-24,2023-01-18,2023-01-18,25,0,Yes,None,1147.68,8033.76,145139.08,57495.36,Delivered
BOL004592,HMM,Expeditors,Sport Chek,Chemicals,40RF,5,Colombo,Seattle,CFR,2022-04-27,2022-05-16,2022-05-16,19,0,Yes,None,3456.39,17281.95,121759.0,294377.73,Delivered
BOL004593,CMA CGM,CEVA Logistics,Canadian Tire,Auto Parts,40RF,5,Rotterdam,Miami,DDP,2024-12-04,2025-01-06,2025-01-06,33,0,Yes,None,3988.57,19942.85,87886.46,65611.31,In Transit
BOL004594,MSC,Nippon Express,Walmart Canada,Textiles,45HC,6,Shenzhen,Houston,DDP,2023-01-26,2023-03-09,2023-03-09,42,0,Yes,None,2570.09,15420.54,133880.4,27550.74,Delivered
BOL004595,Hapag-Lloyd,Panalpina,Giant Tiger,Chemicals,20RF,3,Singapore,Miami,EXW,2024-10-10,2024-11-07,2024-11-07,28,0,Yes,None,2318.75,6956.25,35055.74,420530.39,Delivered
BOL004596,CMA CGM,Kuehne+Nagel,Giant Tiger,Toys,40GP,7,Hamburg,Chicago,EXW,2023-03-31,2023-04-18,2023-04-18,18,0,Yes,None,4004.76,28033.32,188732.96,308450.01,Delivered
BOL004597,HMM,DSV,Giant Tiger,Machinery,40GP,10,Kaohsiung,Seattle,EXW,2023-07-14,2023-08-01,2023-08-04,18,3,No,Bad Weather,1161.51,11615.1,143252.52,109344.22,Delivered
BOL004598,CMA CGM,DSV,Mountain Equipment,Toys,20RF,7,Singapore,Halifax,CIF,2022-01-20,2022-02-07,2022-02-18,18,11,No,Bad Weather,3830.09,26810.63,102149.56,432323.62,Delayed
BOL004599,HMM,DSV,Hudson Bay,Apparel,40RF,3,Shanghai,Montreal,CIF,2023-11-09,2023-12-03,2023-12-03,24,0,Yes,None,1815.21,5445.63,71112.26,77751.58,Delivered
BOL004600,MSC,CEVA Logistics,Loblaw Companies,Machinery,20GP,2,Kaohsiung,Chicago,DDP,2023-02-03,2023-03-17,2023-03-19,42,2,No,Bad Weather,976.6,1953.2,48565.94,339196.41,Delivered
BOL004601,CMA CGM,Kuehne+Nagel,Mountain Equipment,Machinery,45HC,5,Colombo,New York,CFR,2022-05-07,2022-06-09,2022-06-09,33,0,Yes,None,3108.33,15541.65,129349.05,287975.81,Delivered
BOL004602,MSC,Expeditors,Aldo Group,Food Products,40RF,8,Kaohsiung,Vancouver,CFR,2022-08-18,2022-09-01,2022-09-01,14,0,Yes,None,914.13,7313.04,187716.97,444683.38,Delivered
BOL004603,HMM,DB Schenker,Giant Tiger,Auto Parts,45HC,8,Rotterdam,Seattle,FOB,2023-09-04,2023-10-17,2023-10-17,43,0,Yes,None,2332.59,18660.72,151881.75,241327.33,Delivered
BOL004604,Yang Ming,Sinotrans,Loblaws,Textiles,20GP,10,Shanghai,Toronto,DDP,2022-08-30,2022-10-14,2022-10-14,45,0,Yes,None,3392.74,33927.4,266874.95,247042.69,Delivered
BOL004605,ZIM,Kuehne+Nagel,Home Depot Canada,Auto Parts,40GP,5,Hong Kong,Montreal,FOB,2023-08-19,2023-09-13,2023-09-13,25,0,Yes,None,2153.28,10766.4,75832.86,199648.28,Delivered
BOL004606,Evergreen,Kuehne+Nagel,Hudson Bay,Apparel,40GP,6,Singapore,Chicago,CIF,2023-03-17,2023-04-23,2023-04-23,37,0,Yes,None,2878.09,17268.54,94830.36,166663.85,Delivered
BOL004607,Maersk,DSV,Walmart Canada,Machinery,20RF,3,Ningbo,Halifax,DAP,2024-02-05,2024-03-14,2024-03-14,38,0,Yes,None,1611.37,4834.11,31254.25,334135.92,Delivered
BOL004608,COSCO,Nippon Express,Aldo Group,Toys,40GP,5,Shanghai,Vancouver,CFR,2024-03-01,2024-04-12,2024-04-12,42,0,Yes,None,3809.03,19045.15,85791.59,434847.1,Delivered
BOL004609,ZIM,DB Schenker,Mountain Equipment,Apparel,20GP,9,Ningbo,Seattle,FOB,2022-07-29,2022-09-12,2022-09-12,45,0,Yes,None,3754.99,33794.91,160288.65,166154.78,Delivered
BOL004610,Maersk,Expeditors,Sport Chek,Machinery,40RF,4,Busan,Los Angeles,FOB,2024-10-07,2024-11-10,2024-11-10,34,0,Yes,None,4384.04,17536.16,59160.43,427133.07,Delivered
BOL004611,HMM,Kuehne+Nagel,Best Buy Canada,Steel Products,40RF,9,Kaohsiung,Seattle,FOB,2022-11-30,2022-12-24,2022-12-24,24,0,Yes,None,4431.38,39882.42,177934.28,358662.41,Delivered
BOL004612,MSC,Sinotrans,Groupe Touchette,Steel Products,45HC,7,Rotterdam,Seattle,DAP,2023-03-11,2023-03-26,2023-03-26,15,0,Yes,None,1133.21,7932.47,156298.03,303804.27,Delivered
BOL004613,Yang Ming,CEVA Logistics,Sobeys,Chemicals,45HC,8,Colombo,Los Angeles,CFR,2024-06-16,2024-07-04,2024-07-04,18,0,Yes,None,1149.97,9199.76,89834.72,222444.88,Delivered
BOL004614,HMM,Sinotrans,Walmart Canada,Toys,40GP,8,Hong Kong,Vancouver,DDP,2022-04-22,2022-06-03,2022-06-07,42,4,No,Port Congestion,1070.8,8566.4,173677.7,78888.34,Delivered
BOL004615,Hapag-Lloyd,Sinotrans,Sobeys,Furniture,45HC,8,Ningbo,Montreal,DAP,2022-11-11,2022-12-24,2022-12-24,43,0,Yes,None,1552.39,12419.12,86495.37,288051.38,Delivered
BOL004616,Maersk,Sinotrans,Loblaw Companies,Food Products,20GP,6,Shenzhen,Los Angeles,FOB,2022-07-08,2022-08-19,2022-08-19,42,0,Yes,None,1910.87,11465.22,78104.52,490509.74,Delivered
BOL004617,ZIM,DB Schenker,Mountain Equipment,Apparel,20GP,2,Colombo,Seattle,DDP,2024-11-15,2024-12-29,2024-12-29,44,0,Yes,None,1800.87,3601.74,38456.01,427243.82,Delivered
BOL004618,HMM,Expeditors,Groupe Touchette,Toys,40HC,10,Kaohsiung,Vancouver,DDP,2024-10-05,2024-10-25,2024-10-25,20,0,Yes,None,2672.14,26721.4,99425.82,492079.81,Delivered
BOL004619,Maersk,DB Schenker,Home Depot Canada,Steel Products,40GP,2,Rotterdam,Vancouver,DDP,2024-05-09,2024-06-18,2024-06-18,40,0,Yes,None,1969.5,3939.0,13711.66,366991.26,Delivered
BOL004620,Yang Ming,Sinotrans,Hudson Bay,Toys,45HC,6,Busan,Seattle,CIF,2024-12-16,2025-01-08,2025-01-08,23,0,Yes,None,1507.12,9042.72,108219.23,284620.73,In Transit
BOL004621,CMA CGM,DSV,Aldo Group,Toys,45HC,8,Busan,Houston,DDP,2023-09-21,2023-10-15,2023-10-15,24,0,Yes,None,1583.34,12666.72,56003.85,462964.76,Delivered
BOL004622,COSCO,CEVA Logistics,Indigo Books,Machinery,20GP,7,Singapore,Seattle,CFR,2023-05-06,2023-06-07,2023-06-08,32,1,No,Equipment Shortage,1324.65,9272.55,151865.49,206423.15,Delivered
BOL004623,HMM,DSV,Aldo Group,Toys,40GP,2,Shanghai,Los Angeles,CIF,2023-10-08,2023-11-15,2023-11-20,38,5,No,Port Congestion,3420.73,6841.46,28438.54,202745.42,Delivered
BOL004624,Yang Ming,Sinotrans,Canadian Tire,Textiles,45HC,1,Colombo,Toronto,FOB,2023-11-15,2023-12-06,2023-12-10,21,4,No,Bad Weather,3023.68,3023.68,6198.42,332036.5,Delivered
BOL004625,ZIM,DSV,Shoppers Drug Mart,Chemicals,40GP,7,Ningbo,New York,FOB,2023-11-25,2024-01-01,2024-01-01,37,0,Yes,None,3899.88,27299.16,144830.29,82103.21,Delivered
BOL004626,Maersk,Expeditors,Metro Inc,Food Products,20GP,3,Ningbo,Chicago,DDP,2023-03-06,2023-03-29,2023-03-29,23,0,Yes,None,2582.43,7747.29,33912.83,200647.68,Delivered
BOL004627,Maersk,CEVA Logistics,Home Depot Canada,Toys,40HC,6,Ningbo,New York,DDP,2024-07-14,2024-08-18,2024-08-18,35,0,Yes,None,2743.72,16462.32,146991.6,36652.87,Delivered
BOL004628,HMM,DSV,Loblaw Companies,Chemicals,20GP,7,Rotterdam,Seattle,DDP,2023-11-04,2023-12-12,2023-12-12,38,0,Yes,None,2465.67,17259.69,84184.72,192646.44,Delivered
BOL004629,ZIM,DSV,Indigo Books,Chemicals,20GP,6,Hong Kong,Toronto,DAP,2022-02-16,2022-04-02,2022-04-02,45,0,Yes,None,3596.57,21579.42,120536.05,419808.28,Delivered
BOL004630,CMA CGM,DSV,Canadian Tire,Machinery,20RF,3,Rotterdam,Chicago,DDP,2023-09-20,2023-10-28,2023-10-28,38,0,Yes,None,1154.66,3463.98,53290.19,68809.5,Delivered
BOL004631,Maersk,DB Schenker,Loblaw Companies,Furniture,40HC,2,Rotterdam,Toronto,DDP,2023-02-05,2023-03-16,2023-03-16,39,0,Yes,None,2986.0,5972.0,13431.72,471268.31,Delivered
BOL004632,MSC,DSV,Home Depot Canada,Toys,45HC,10,Busan,Chicago,CFR,2024-05-24,2024-06-28,2024-06-28,35,0,Yes,None,3089.03,30890.3,146586.39,75864.18,Delivered
BOL004633,Yang Ming,Kuehne+Nagel,Best Buy Canada,Steel Products,45HC,6,Shenzhen,Chicago,CIF,2024-12-06,2024-12-22,2024-12-22,16,0,Yes,None,4358.52,26151.12,119670.26,283643.35,Delivered
BOL004634,Yang Ming,DSV,Loblaws,Toys,40HC,8,Colombo,Seattle,FOB,2023-04-01,2023-05-09,2023-05-09,38,0,Yes,None,1818.47,14547.76,56595.93,454373.45,Delivered
BOL004635,Maersk,Sinotrans,Metro Inc,Textiles,45HC,10,Shanghai,Chicago,FOB,2023-09-24,2023-11-07,2023-11-07,44,0,Yes,None,1897.32,18973.2,64628.56,448713.89,Delivered
BOL004636,HMM,Kuehne+Nagel,Hudson Bay,Apparel,40HC,8,Busan,Vancouver,DDP,2022-10-15,2022-11-12,2022-11-12,28,0,Yes,None,1173.69,9389.52,73863.1,25473.49,Delivered
BOL004637,CMA CGM,DB Schenker,Sport Chek,Food Products,40HC,4,Singapore,Vancouver,DAP,2022-11-05,2022-12-10,2022-12-10,35,0,Yes,None,4313.78,17255.12,39727.56,76016.44,Delivered
BOL004638,CMA CGM,DSV,Shoppers Drug Mart,Textiles,45HC,7,Kaohsiung,Toronto,CFR,2022-04-03,2022-05-14,2022-05-14,41,0,Yes,None,3694.01,25858.07,182688.38,31292.72,Delivered
BOL004639,ONE,Nippon Express,Loblaw Companies,Chemicals,20GP,3,Rotterdam,Vancouver,EXW,2022-05-21,2022-06-08,2022-06-08,18,0,Yes,None,906.6,2719.8,39754.31,85805.71,Delivered
BOL004640,Hapag-Lloyd,CEVA Logistics,Metro Inc,Food Products,20GP,5,Hamburg,Miami,CFR,2024-07-02,2024-07-21,2024-07-21,19,0,Yes,None,4194.37,20971.85,40685.43,265507.57,Delivered
BOL004641,Hapag-Lloyd,Expeditors,Best Buy Canada,Food Products,40HC,3,Colombo,Houston,EXW,2022-02-21,2022-03-23,2022-03-23,30,0,Yes,None,2208.45,6625.35,38144.25,439647.7,Delivered
BOL004642,Yang Ming,CEVA Logistics,Indigo Books,Auto Parts,20GP,2,Colombo,Montreal,DAP,2024-09-22,2024-10-15,2024-10-15,23,0,Yes,None,1272.2,2544.4,19609.01,158441.88,Delivered
BOL004643,ONE,Nippon Express,Mountain Equipment,Furniture,20RF,6,Kaohsiung,Seattle,DAP,2022-12-25,2023-01-28,2023-01-28,34,0,Yes,None,3594.86,21569.16,162824.67,354887.48,Delivered
BOL004644,Maersk,Sinotrans,Home Depot Canada,Textiles,20RF,5,Ningbo,Halifax,FOB,2022-03-19,2022-04-05,2022-04-05,17,0,Yes,None,1849.89,9249.45,135214.17,440892.17,Delivered
BOL004645,Evergreen,Kuehne+Nagel,Shoppers Drug Mart,Food Products,40GP,10,Rotterdam,Vancouver,FOB,2022-03-30,2022-05-09,2022-05-09,40,0,Yes,None,3478.77,34787.7,217441.72,443309.37,Delivered
BOL004646,Yang Ming,CEVA Logistics,Sport Chek,Steel Products,40RF,10,Shanghai,Halifax,CFR,2022-01-18,2022-02-01,2022-02-01,14,0,Yes,None,3338.25,33382.5,78538.17,83572.55,Delivered
BOL004647,CMA CGM,Nippon Express,Empire Company,Auto Parts,40HC,8,Hong Kong,Miami,CFR,2022-04-11,2022-05-26,2022-05-26,45,0,Yes,None,4224.75,33798.0,106574.3,395224.94,Delivered
BOL004648,HMM,Kuehne+Nagel,Shoppers Drug Mart,Electronics,40RF,10,Colombo,Houston,CFR,2024-05-02,2024-06-04,2024-06-04,33,0,Yes,None,1032.92,10329.2,114861.61,175216.3,Delivered
BOL004649,CMA CGM,CEVA Logistics,Best Buy Canada,Chemicals,20GP,6,Rotterdam,Miami,DDP,2022-03-01,2022-04-04,2022-04-04,34,0,Yes,None,2191.57,13149.42,147708.77,412497.84,Delivered
BOL004650,Yang Ming,Sinotrans,Indigo Books,Toys,20GP,9,Ningbo,Chicago,DAP,2023-04-22,2023-05-12,2023-05-12,20,0,Yes,None,2532.09,22788.81,51928.33,121183.39,Delivered
BOL004651,ZIM,Sinotrans,Aldo Group,Furniture,20GP,9,Shenzhen,Toronto,CFR,2024-07-01,2024-07-15,2024-07-22,14,7,No,Port Congestion,997.78,8980.02,249658.85,333936.59,Delayed
BOL004652,Hapag-Lloyd,Kuehne+Nagel,Groupe Touchette,Auto Parts,20RF,6,Shanghai,New York,EXW,2024-10-11,2024-11-04,2024-11-04,24,0,Yes,None,2099.74,12598.44,77094.87,319439.63,Delivered
BOL004653,Evergreen,Expeditors,Loblaws,Machinery,40GP,6,Colombo,New York,CFR,2024-06-18,2024-07-06,2024-07-06,18,0,Yes,None,3821.74,22930.44,163124.61,29984.72,Delivered
BOL004654,CMA CGM,Sinotrans,Costco Canada,Textiles,45HC,4,Kaohsiung,Halifax,DAP,2024-09-25,2024-10-27,2024-10-27,32,0,Yes,None,2288.28,9153.12,71382.62,175206.99,Delivered
BOL004655,Maersk,Expeditors,Costco Canada,Food Products,20GP,6,Rotterdam,Houston,EXW,2023-04-22,2023-05-22,2023-05-22,30,0,Yes,None,1306.61,7839.66,87760.65,397519.69,Delivered
BOL004656,COSCO,Panalpina,Loblaw Companies,Furniture,40RF,7,Ningbo,Miami,DAP,2022-02-22,2022-03-30,2022-03-30,36,0,Yes,None,2908.89,20362.23,94530.88,145210.22,Delivered
BOL004657,MSC,Kuehne+Nagel,Sobeys,Apparel,20GP,1,Ningbo,Chicago,DAP,2024-04-12,2024-05-11,2024-05-11,29,0,Yes,None,2950.75,2950.75,19583.59,446883.64,Delivered
BOL004658,MSC,DB Schenker,Best Buy Canada,Chemicals,45HC,4,Ningbo,Vancouver,CIF,2024-01-23,2024-02-28,2024-02-28,36,0,Yes,None,1216.8,4867.2,64483.58,152593.86,Delivered
BOL004659,MSC,Expeditors,Walmart Canada,Auto Parts,20RF,8,Hong Kong,Houston,FOB,2024-06-06,2024-07-05,2024-07-05,29,0,Yes,None,945.92,7567.36,74994.05,312280.83,Delivered
BOL004660,ZIM,Nippon Express,IKEA Canada,Machinery,40HC,2,Hong Kong,Miami,EXW,2024-05-27,2024-07-07,2024-07-07,41,0,Yes,None,1320.61,2641.22,10439.83,400066.76,Delivered
BOL004661,Maersk,Kuehne+Nagel,Loblaw Companies,Auto Parts,40GP,3,Shenzhen,Miami,FOB,2024-09-29,2024-10-15,2024-10-15,16,0,Yes,None,2158.47,6475.41,29379.25,390069.71,Delivered
BOL004662,CMA CGM,Kuehne+Nagel,Loblaws,Toys,40GP,9,Shanghai,New York,DDP,2022-06-16,2022-07-19,2022-07-19,33,0,Yes,None,4216.16,37945.44,109512.87,422075.29,Delivered
BOL004663,CMA CGM,DSV,Empire Company,Electronics,40GP,6,Shenzhen,Halifax,DAP,2023-12-03,2024-01-02,2024-01-02,30,0,Yes,None,2168.23,13009.38,49220.66,76848.33,Delivered
BOL004664,COSCO,Kuehne+Nagel,Costco Canada,Machinery,45HC,3,Busan,Los Angeles,EXW,2022-06-10,2022-06-30,2022-06-30,20,0,Yes,None,3050.37,9151.11,61201.9,248570.47,Delivered
BOL004665,COSCO,Nippon Express,Indigo Books,Steel Products,45HC,1,Shanghai,Halifax,CIF,2022-12-05,2022-12-26,2022-12-26,21,0,Yes,None,3974.86,3974.86,21018.38,449672.06,Delivered
BOL004666,Hapag-Lloyd,Panalpina,Canadian Tire,Electronics,40HC,2,Hamburg,Chicago,FOB,2022-03-27,2022-04-14,2022-04-14,18,0,Yes,None,2772.65,5545.3,22154.91,399680.89,Delivered
BOL004667,Evergreen,DSV,Hudson Bay,Furniture,40RF,3,Kaohsiung,Los Angeles,DAP,2023-06-04,2023-07-03,2023-07-03,29,0,Yes,None,1270.07,3810.21,64174.63,214559.44,Delivered
BOL004668,HMM,DB Schenker,Costco Canada,Chemicals,40GP,9,Singapore,Halifax,CIF,2023-09-24,2023-10-30,2023-10-30,36,0,Yes,None,2938.62,26447.58,88221.62,245853.63,Delivered
BOL004669,Yang Ming,Expeditors,Loblaws,Machinery,40RF,5,Hamburg,Vancouver,CFR,2023-10-16,2023-11-11,2023-11-11,26,0,Yes,None,3669.76,18348.8,43131.08,211501.67,Delivered
BOL004670,ONE,Panalpina,Metro Inc,Chemicals,40HC,7,Colombo,Houston,CFR,2023-12-06,2023-12-27,2023-12-27,21,0,Yes,None,1297.12,9079.84,41434.51,177970.39,Delivered
BOL004671,Evergreen,Kuehne+Nagel,Best Buy Canada,Steel Products,45HC,5,Colombo,Houston,FOB,2022-07-21,2022-08-07,2022-08-11,17,4,No,Equipment Shortage,1811.97,9059.85,95932.87,181217.15,Delivered
BOL004672,MSC,Panalpina,Loblaw Companies,Toys,40GP,3,Shenzhen,Miami,DAP,2023-04-02,2023-04-19,2023-04-19,17,0,Yes,None,3525.08,10575.24,78453.43,450665.0,Delivered
BOL004673,MSC,DB Schenker,Shoppers Drug Mart,Furniture,20GP,1,Busan,New York,DAP,2022-07-07,2022-08-19,2022-08-19,43,0,Yes,None,1347.62,1347.62,19670.68,304542.89,Delivered
BOL004674,ONE,CEVA Logistics,Empire Company,Machinery,40HC,10,Shenzhen,Toronto,CFR,2024-10-22,2024-11-11,2024-11-12,20,1,No,Equipment Shortage,2822.05,28220.5,202027.65,273827.17,Delivered
BOL004675,ONE,Sinotrans,IKEA Canada,Auto Parts,20GP,1,Colombo,Vancouver,CFR,2023-07-16,2023-08-14,2023-08-28,29,14,No,Documentation Error,2804.56,2804.56,13752.23,211183.75,Delayed
BOL004676,Hapag-Lloyd,Sinotrans,Empire Company,Steel Products,40GP,10,Kaohsiung,Houston,DDP,2022-11-15,2022-12-08,2022-12-08,23,0,Yes,None,4410.51,44105.1,138543.98,389130.76,Delivered
BOL004677,ZIM,DB Schenker,Indigo Books,Steel Products,20RF,9,Ningbo,Houston,FOB,2024-01-07,2024-01-30,2024-01-30,23,0,Yes,None,2738.96,24650.64,55643.55,451856.87,Delivered
BOL004678,HMM,Nippon Express,Loblaw Companies,Food Products,45HC,10,Shanghai,Halifax,DAP,2022-04-27,2022-06-10,2022-06-10,44,0,Yes,None,1275.95,12759.5,92874.33,461832.72,Delivered
BOL004679,ZIM,DB Schenker,Metro Inc,Chemicals,20GP,2,Singapore,Toronto,CFR,2022-10-01,2022-11-05,2022-11-05,35,0,Yes,None,1300.58,2601.16,11713.6,428112.27,Delivered
BOL004680,ONE,Nippon Express,Metro Inc,Textiles,40HC,9,Hamburg,Montreal,DAP,2022-09-24,2022-10-17,2022-10-17,23,0,Yes,None,1987.08,17883.72,172719.88,442248.43,Delivered
BOL004681,Evergreen,Nippon Express,Costco Canada,Toys,20RF,7,Hamburg,Toronto,DDP,2023-02-25,2023-03-28,2023-03-29,31,1,No,Customs Inspection,4168.51,29179.57,194408.37,208088.97,Delivered
BOL004682,HMM,Panalpina,Sport Chek,Machinery,20GP,4,Kaohsiung,Halifax,DDP,2024-04-09,2024-05-23,2024-05-23,44,0,Yes,None,2312.39,9249.56,101042.33,357523.3,Delivered
BOL004683,HMM,Expeditors,Reitmans,Toys,40HC,8,Kaohsiung,Chicago,FOB,2022-03-09,2022-03-28,2022-03-28,19,0,Yes,None,2747.28,21978.24,216156.3,106517.64,Delivered
BOL004684,COSCO,DSV,Giant Tiger,Toys,40GP,10,Shenzhen,Chicago,DAP,2023-09-19,2023-10-06,2023-10-06,17,0,Yes,None,2163.77,21637.7,103261.67,163092.02,Delivered
BOL004685,Maersk,CEVA Logistics,Hudson Bay,Steel Products,40GP,7,Colombo,Montreal,CIF,2023-11-25,2023-12-26,2023-12-26,31,0,Yes,None,2706.97,18948.79,151299.77,275454.36,Delivered
BOL004686,Evergreen,Panalpina,Hudson Bay,Steel Products,20RF,2,Ningbo,Houston,FOB,2024-06-17,2024-07-25,2024-07-25,38,0,Yes,None,2560.51,5121.02,26345.91,415177.21,Delivered
BOL004687,Yang Ming,Nippon Express,Hudson Bay,Electronics,20GP,4,Busan,Seattle,DDP,2023-10-21,2023-11-12,2023-11-12,22,0,Yes,None,987.91,3951.64,72973.82,399675.56,Delivered
BOL004688,Evergreen,DB Schenker,Aldo Group,Electronics,40GP,2,Busan,Miami,CIF,2024-11-27,2025-01-10,2025-01-11,44,1,No,Customs Inspection,3901.45,7802.9,25581.82,460639.09,In Transit
BOL004689,COSCO,Expeditors,Metro Inc,Steel Products,45HC,8,Shanghai,Chicago,CFR,2024-11-12,2024-12-18,2024-12-18,36,0,Yes,None,4417.9,35343.2,81187.47,318306.97,Delivered
BOL004690,Maersk,Kuehne+Nagel,Giant Tiger,Steel Products,40RF,2,Shanghai,Miami,EXW,2023-05-10,2023-06-18,2023-06-18,39,0,Yes,None,4250.33,8500.66,30183.89,456578.25,Delivered
BOL004691,HMM,Sinotrans,Hudson Bay,Apparel,40RF,10,Busan,Vancouver,EXW,2024-12-30,2025-01-13,2025-01-13,14,0,Yes,None,3174.11,31741.1,129439.73,424632.38,In Transit
BOL004692,Yang Ming,CEVA Logistics,Home Depot Canada,Machinery,40HC,7,Busan,Montreal,DAP,2024-07-06,2024-08-01,2024-08-01,26,0,Yes,None,3760.97,26326.79,123274.28,200637.82,Delivered
BOL004693,HMM,Expeditors,Loblaw Companies,Textiles,20RF,5,Hong Kong,Montreal,CFR,2024-07-22,2024-08-11,2024-08-11,20,0,Yes,None,3092.9,15464.5,79186.07,169449.76,Delivered
BOL004694,Yang Ming,Expeditors,IKEA Canada,Furniture,20GP,5,Colombo,Houston,CIF,2022-05-14,2022-06-23,2022-06-23,40,0,Yes,None,3112.15,15560.75,57740.68,324061.29,Delivered
BOL004695,Maersk,Kuehne+Nagel,Loblaws,Steel Products,40GP,10,Singapore,Seattle,DDP,2024-12-25,2025-01-23,2025-01-23,29,0,Yes,None,973.47,9734.7,103965.74,78857.01,In Transit
BOL004696,ONE,Panalpina,Walmart Canada,Steel Products,40HC,6,Shanghai,New York,CIF,2024-01-03,2024-01-22,2024-01-22,19,0,Yes,None,2158.39,12950.34,159461.28,26937.22,Delivered
BOL004697,Maersk,Nippon Express,IKEA Canada,Toys,20RF,3,Shanghai,New York,CFR,2024-09-06,2024-09-22,2024-09-22,16,0,Yes,None,3857.48,11572.44,25712.59,128638.41,Delivered
BOL004698,HMM,DB Schenker,Best Buy Canada,Textiles,40RF,10,Hong Kong,Seattle,DDP,2022-05-16,2022-06-25,2022-06-25,40,0,Yes,None,1819.1,18191.0,217958.56,59486.54,Delivered
BOL004699,CMA CGM,Kuehne+Nagel,IKEA Canada,Chemicals,40RF,7,Kaohsiung,Halifax,DAP,2023-01-22,2023-02-17,2023-02-17,26,0,Yes,None,4423.31,30963.17,167984.35,35237.16,Delivered
BOL004700,Maersk,Kuehne+Nagel,Indigo Books,Furniture,40GP,2,Shanghai,Chicago,DAP,2022-06-28,2022-07-30,2022-07-30,32,0,Yes,None,2093.94,4187.88,55690.01,496727.94,Delivered
BOL004701,CMA CGM,Kuehne+Nagel,Costco Canada,Furniture,40RF,9,Hong Kong,Chicago,DDP,2024-08-13,2024-09-27,2024-10-06,45,9,No,Customs Inspection,2980.72,26826.48,95795.09,117403.7,Delayed
BOL004702,ONE,CEVA Logistics,Giant Tiger,Food Products,45HC,3,Hamburg,Miami,EXW,2024-09-04,2024-10-19,2024-10-19,45,0,Yes,None,3758.1,11274.3,65287.91,477128.24,Delivered
BOL004703,Hapag-Lloyd,Sinotrans,Walmart Canada,Furniture,40HC,2,Ningbo,Vancouver,FOB,2024-09-05,2024-10-16,2024-10-16,41,0,Yes,None,2312.04,4624.08,49790.84,36959.54,Delivered
BOL004704,CMA CGM,DSV,Groupe Touchette,Electronics,20GP,1,Hong Kong,Montreal,FOB,2022-09-04,2022-09-25,2022-09-25,21,0,Yes,None,3566.12,3566.12,13963.75,148728.26,Delivered
BOL004705,Evergreen,DB Schenker,Aldo Group,Toys,40HC,2,Rotterdam,Houston,FOB,2022-05-12,2022-06-03,2022-06-03,22,0,Yes,None,2188.7,4377.4,55413.25,160557.88,Delivered
BOL004706,ZIM,Panalpina,Aldo Group,Toys,40GP,3,Busan,Miami,FOB,2023-03-23,2023-05-06,2023-05-06,44,0,Yes,None,3113.3,9339.9,26696.33,370408.22,Delivered
BOL004707,MSC,Panalpina,Mountain Equipment,Furniture,20GP,8,Colombo,Montreal,FOB,2023-02-22,2023-03-27,2023-03-27,33,0,Yes,None,1022.03,8176.24,75355.63,356881.92,Delivered
BOL004708,Maersk,CEVA Logistics,Home Depot Canada,Apparel,20RF,4,Shenzhen,New York,DAP,2023-12-19,2024-01-10,2024-01-10,22,0,Yes,None,3985.75,15943.0,100511.22,257505.8,Delivered
BOL004709,MSC,Sinotrans,Loblaw Companies,Electronics,40GP,2,Shanghai,Miami,DDP,2023-09-25,2023-10-13,2023-10-13,18,0,Yes,None,3244.14,6488.28,27710.59,34463.09,Delivered
BOL004710,Yang Ming,Expeditors,Aldo Group,Auto Parts,20RF,8,Busan,Vancouver,DDP,2024-08-23,2024-09-23,2024-09-23,31,0,Yes,None,2424.02,19392.16,44643.69,149248.44,Delivered
BOL004711,ZIM,Panalpina,Shoppers Drug Mart,Toys,40HC,10,Hamburg,Vancouver,FOB,2023-09-15,2023-10-14,2023-10-14,29,0,Yes,None,909.24,9092.4,128573.31,156879.93,Delivered
BOL004712,Yang Ming,Kuehne+Nagel,Reitmans,Auto Parts,45HC,5,Rotterdam,Halifax,FOB,2024-04-19,2024-05-21,2024-05-21,32,0,Yes,None,1672.04,8360.2,42372.13,138278.82,Delivered
BOL004713,CMA CGM,DB Schenker,Metro Inc,Electronics,40GP,3,Ningbo,Miami,EXW,2023-10-29,2023-12-08,2023-12-08,40,0,Yes,None,2235.4,6706.2,32355.28,35492.3,Delivered
BOL004714,COSCO,Expeditors,IKEA Canada,Steel Products,40HC,3,Shanghai,Vancouver,DAP,2023-05-31,2023-06-15,2023-06-15,15,0,Yes,None,1060.05,3180.15,67932.84,274440.37,Delivered
BOL004715,HMM,CEVA Logistics,IKEA Canada,Food Products,40HC,3,Kaohsiung,Halifax,DAP,2023-01-10,2023-02-11,2023-02-11,32,0,Yes,None,2063.94,6191.82,80451.89,494141.24,Delivered
BOL004716,COSCO,Expeditors,Giant Tiger,Machinery,45HC,3,Colombo,Houston,FOB,2023-01-24,2023-02-13,2023-02-13,20,0,Yes,None,3903.94,11711.82,22052.41,274335.84,Delivered
BOL004717,COSCO,Panalpina,Giant Tiger,Food Products,40RF,9,Rotterdam,Halifax,DDP,2023-08-16,2023-09-13,2023-09-13,28,0,Yes,None,2112.13,19009.17,137735.01,113969.22,Delivered
BOL004718,ZIM,CEVA Logistics,Hudson Bay,Toys,40GP,3,Hong Kong,Houston,DDP,2024-08-28,2024-09-14,2024-09-16,17,2,No,Bad Weather,4297.84,12893.52,58347.11,29387.44,Delivered
BOL004719,Evergreen,DB Schenker,IKEA Canada,Chemicals,20RF,9,Rotterdam,Chicago,DDP,2022-04-07,2022-05-11,2022-05-11,34,0,Yes,None,3466.02,31194.18,168338.25,281472.63,Delivered
BOL004720,MSC,CEVA Logistics,IKEA Canada,Apparel,45HC,8,Singapore,Chicago,EXW,2022-03-07,2022-03-27,2022-03-27,20,0,Yes,None,3375.38,27003.04,70122.9,394694.66,Delivered
BOL004721,ZIM,Nippon Express,Loblaws,Furniture,20GP,8,Rotterdam,Los Angeles,EXW,2022-08-09,2022-09-01,2022-09-01,23,0,Yes,None,1515.43,12123.44,110970.3,97525.45,Delivered
BOL004722,Yang Ming,Panalpina,Mountain Equipment,Chemicals,20GP,8,Hong Kong,Los Angeles,DDP,2022-01-25,2022-03-07,2022-03-07,41,0,Yes,None,1039.69,8317.52,66706.23,299516.36,Delivered
BOL004723,ONE,Panalpina,Shoppers Drug Mart,Food Products,40RF,9,Shanghai,Toronto,EXW,2024-06-28,2024-08-02,2024-08-02,35,0,Yes,None,1253.82,11284.38,78677.37,427814.13,Delivered
BOL004724,COSCO,CEVA Logistics,Giant Tiger,Toys,20GP,8,Kaohsiung,New York,CIF,2023-05-15,2023-06-01,2023-06-01,17,0,Yes,None,3753.36,30026.88,91179.03,317304.35,Delivered
BOL004725,Hapag-Lloyd,Expeditors,Loblaw Companies,Machinery,40GP,6,Busan,Montreal,CFR,2024-08-31,2024-10-07,2024-10-07,37,0,Yes,None,3091.09,18546.54,142227.56,150147.21,Delivered
BOL004726,Yang Ming,Expeditors,IKEA Canada,Textiles,20GP,1,Shenzhen,Montreal,CFR,2022-11-05,2022-11-19,2022-11-19,14,0,Yes,None,2267.16,2267.16,16196.11,470733.3,Delivered
BOL004727,Evergreen,Panalpina,Canadian Tire,Textiles,40HC,8,Singapore,Toronto,EXW,2023-12-05,2024-01-04,2024-01-04,30,0,Yes,None,3372.27,26978.16,54314.63,418944.19,Delivered
BOL004728,CMA CGM,Panalpina,Costco Canada,Auto Parts,20RF,2,Hamburg,New York,DDP,2024-12-21,2025-02-02,2025-02-02,43,0,Yes,None,2899.37,5798.74,47310.95,278028.41,In Transit
BOL004729,Evergreen,Expeditors,Aldo Group,Textiles,40GP,4,Hong Kong,Halifax,DDP,2022-07-28,2022-09-01,2022-09-01,35,0,Yes,None,3912.78,15651.12,48032.21,22673.41,Delivered
BOL004730,ONE,Panalpina,Aldo Group,Textiles,20RF,8,Colombo,Toronto,CIF,2023-05-13,2023-06-08,2023-06-08,26,0,Yes,None,1556.58,12452.64,161127.11,169969.98,Delivered
BOL004731,Hapag-Lloyd,DB Schenker,Loblaw Companies,Food Products,20GP,6,Rotterdam,Seattle,EXW,2024-10-28,2024-11-15,2024-11-20,18,5,No,Documentation Error,4295.63,25773.78,76131.27,181496.15,Delivered
BOL004732,Hapag-Lloyd,DSV,Canadian Tire,Furniture,40GP,7,Hamburg,Toronto,CFR,2024-08-05,2024-08-31,2024-08-31,26,0,Yes,None,1884.23,13189.61,41143.04,404326.73,Delivered
BOL004733,HMM,CEVA Logistics,Metro Inc,Steel Products,40RF,5,Hamburg,Seattle,CIF,2022-08-11,2022-09-03,2022-09-03,23,0,Yes,None,2438.79,12193.95,49665.23,321425.42,Delivered
BOL004734,MSC,Nippon Express,Sobeys,Steel Products,40GP,1,Singapore,Halifax,FOB,2023-06-05,2023-07-17,2023-07-17,42,0,Yes,None,1537.1,1537.1,15434.85,431866.55,Delivered
BOL004735,MSC,DB Schenker,Hudson Bay,Auto Parts,40RF,8,Ningbo,Seattle,DAP,2022-02-13,2022-03-20,2022-03-20,35,0,Yes,None,1601.0,12808.0,43763.89,35577.57,Delivered
BOL004736,COSCO,Kuehne+Nagel,Aldo Group,Textiles,20GP,10,Shenzhen,New York,DAP,2023-10-13,2023-11-19,2023-11-19,37,0,Yes,None,834.24,8342.4,84186.43,75577.45,Delivered
BOL004737,ZIM,Sinotrans,Home Depot Canada,Furniture,45HC,1,Kaohsiung,Houston,EXW,2024-04-09,2024-05-20,2024-05-20,41,0,Yes,None,3078.26,3078.26,12095.68,348608.18,Delivered
BOL004738,Evergreen,Expeditors,Mountain Equipment,Machinery,40GP,7,Shanghai,Houston,FOB,2023-11-29,2023-12-29,2023-12-29,30,0,Yes,None,2896.25,20273.75,116879.55,333913.97,Delivered
BOL004739,HMM,Sinotrans,Mountain Equipment,Auto Parts,40GP,4,Hamburg,Halifax,EXW,2023-08-25,2023-10-09,2023-10-09,45,0,Yes,None,953.92,3815.68,69654.49,386766.15,Delivered
BOL004740,ONE,Sinotrans,IKEA Canada,Auto Parts,40RF,1,Hamburg,Chicago,DDP,2024-01-03,2024-01-21,2024-01-21,18,0,Yes,None,3900.34,3900.34,27176.25,92562.27,Delivered
BOL004741,MSC,Nippon Express,Loblaw Companies,Chemicals,20RF,2,Ningbo,Seattle,CIF,2022-09-27,2022-10-31,2022-10-31,34,0,Yes,None,2430.66,4861.32,35310.33,24365.37,Delivered
BOL004742,MSC,Kuehne+Nagel,Sport Chek,Toys,40GP,3,Colombo,Miami,FOB,2023-04-26,2023-06-09,2023-06-09,44,0,Yes,None,4169.81,12509.43,28771.32,383352.09,Delivered
BOL004743,Evergreen,Expeditors,Reitmans,Chemicals,45HC,9,Hong Kong,Toronto,DAP,2023-01-30,2023-02-25,2023-02-25,26,0,Yes,None,1150.54,10354.86,206085.7,85155.82,Delivered
BOL004744,Yang Ming,DSV,Loblaws,Apparel,20GP,4,Hamburg,Halifax,EXW,2024-01-21,2024-02-23,2024-02-23,33,0,Yes,None,4059.16,16236.64,79949.17,318802.35,Delivered
BOL004745,CMA CGM,Kuehne+Nagel,Aldo Group,Toys,20RF,8,Hong Kong,Los Angeles,DDP,2022-02-17,2022-03-06,2022-03-06,17,0,Yes,None,3036.82,24294.56,95728.15,50565.98,Delivered
BOL004746,CMA CGM,Sinotrans,Indigo Books,Electronics,45HC,6,Busan,Toronto,FOB,2022-08-14,2022-08-28,2022-08-28,14,0,Yes,None,2061.67,12370.02,35578.24,191049.48,Delivered
BOL004747,Maersk,DSV,Metro Inc,Machinery,40HC,3,Singapore,Seattle,CIF,2023-12-12,2024-01-05,2024-01-05,24,0,Yes,None,3883.95,11651.85,59283.03,88263.93,Delivered
BOL004748,Maersk,Nippon Express,Shoppers Drug Mart,Electronics,45HC,8,Busan,Los Angeles,CFR,2024-10-23,2024-11-26,2024-11-27,34,1,No,Customs Inspection,1309.88,10479.04,101861.94,284702.24,Delivered
BOL004749,MSC,Kuehne+Nagel,Groupe Touchette,Electronics,40GP,3,Singapore,New York,CIF,2023-10-24,2023-11-16,2023-11-16,23,0,Yes,None,2217.78,6653.34,35535.23,334050.93,Delivered
BOL004750,COSCO,DB Schenker,Walmart Canada,Food Products,40RF,6,Shenzhen,Seattle,CIF,2022-10-03,2022-10-18,2022-10-18,15,0,Yes,None,4198.32,25189.92,59539.16,185876.22,Delivered
BOL004751,Yang Ming,Kuehne+Nagel,Walmart Canada,Textiles,20RF,4,Singapore,Los Angeles,CFR,2024-07-25,2024-09-08,2024-09-08,45,0,Yes,None,1444.88,5779.52,43206.99,18081.57,Delivered
BOL004752,COSCO,Expeditors,Giant Tiger,Apparel,45HC,6,Shenzhen,Miami,EXW,2024-07-05,2024-08-10,2024-08-10,36,0,Yes,None,1827.6,10965.6,146806.49,25866.3,Delivered
BOL004753,Evergreen,Kuehne+Nagel,Metro Inc,Steel Products,40RF,10,Shanghai,Toronto,FOB,2024-05-25,2024-07-05,2024-07-05,41,0,Yes,None,3530.29,35302.9,178820.52,66713.76,Delivered
BOL004754,COSCO,Panalpina,Metro Inc,Textiles,45HC,6,Singapore,Toronto,CFR,2024-08-01,2024-08-18,2024-08-18,17,0,Yes,None,4358.89,26153.34,75851.14,438302.63,Delivered
BOL004755,Hapag-Lloyd,Sinotrans,Groupe Touchette,Textiles,20GP,10,Shanghai,Montreal,CIF,2022-01-23,2022-02-18,2022-02-18,26,0,Yes,None,1558.35,15583.5,120621.02,55017.12,Delivered
BOL004756,ONE,Expeditors,Empire Company,Food Products,20RF,8,Ningbo,Vancouver,CIF,2022-02-05,2022-03-09,2022-03-09,32,0,Yes,None,1658.18,13265.44,141289.48,118070.46,Delivered
BOL004757,Hapag-Lloyd,Panalpina,Hudson Bay,Auto Parts,40RF,6,Singapore,Seattle,DDP,2024-09-22,2024-11-01,2024-11-01,40,0,Yes,None,1274.99,7649.94,63667.8,56792.99,Delivered
BOL004758,Evergreen,DSV,Sobeys,Steel Products,20RF,4,Singapore,Vancouver,FOB,2023-10-29,2023-12-10,2023-12-10,42,0,Yes,None,2140.62,8562.48,60073.4,178788.05,Delivered
BOL004759,MSC,CEVA Logistics,Giant Tiger,Furniture,20RF,3,Ningbo,Los Angeles,CIF,2023-05-30,2023-06-28,2023-06-28,29,0,Yes,None,3353.38,10060.14,15181.78,447995.96,Delivered
BOL004760,CMA CGM,Panalpina,Canadian Tire,Food Products,40RF,3,Hamburg,Toronto,FOB,2023-04-16,2023-05-09,2023-05-09,23,0,Yes,None,2743.6,8230.8,82188.04,307750.18,Delivered
BOL004761,HMM,Panalpina,Giant Tiger,Toys,20GP,1,Shanghai,Miami,DAP,2022-10-12,2022-10-29,2022-10-29,17,0,Yes,None,3592.57,3592.57,17057.68,63529.61,Delivered
BOL004762,ZIM,DB Schenker,Sobeys,Textiles,40GP,8,Ningbo,Vancouver,EXW,2023-01-21,2023-02-12,2023-02-12,22,0,Yes,None,2540.96,20327.68,210046.68,368273.05,Delivered
BOL004763,Evergreen,Sinotrans,Reitmans,Textiles,40RF,4,Singapore,Los Angeles,FOB,2022-12-13,2022-12-28,2022-12-28,15,0,Yes,None,2265.2,9060.8,28258.73,483281.28,Delivered
BOL004764,ONE,CEVA Logistics,Walmart Canada,Auto Parts,20RF,2,Ningbo,Seattle,DAP,2022-07-01,2022-07-20,2022-07-20,19,0,Yes,None,4164.74,8329.48,23772.84,171266.38,Delivered
BOL004765,MSC,DB Schenker,Aldo Group,Apparel,40RF,4,Rotterdam,Chicago,DAP,2023-05-30,2023-06-20,2023-06-20,21,0,Yes,None,1611.1,6444.4,55568.49,88465.89,Delivered
BOL004766,HMM,Panalpina,Indigo Books,Electronics,20RF,10,Rotterdam,Chicago,CIF,2024-10-02,2024-11-15,2024-11-15,44,0,Yes,None,1661.62,16616.2,215840.39,338387.26,Delivered
BOL004767,Maersk,Panalpina,Mountain Equipment,Apparel,20RF,8,Shanghai,Vancouver,CFR,2024-07-11,2024-07-29,2024-07-29,18,0,Yes,None,1346.48,10771.84,159699.49,45316.22,Delivered
BOL004768,ZIM,Nippon Express,Loblaws,Apparel,40HC,5,Colombo,Vancouver,DAP,2023-07-11,2023-07-25,2023-07-25,14,0,Yes,None,2709.26,13546.3,125108.18,441591.1,Delivered
BOL004769,Evergreen,CEVA Logistics,Costco Canada,Food Products,45HC,10,Busan,Seattle,CIF,2023-08-19,2023-09-03,2023-09-03,15,0,Yes,None,1475.55,14755.5,82788.01,191317.54,Delivered
BOL004770,Evergreen,Panalpina,Mountain Equipment,Apparel,40RF,1,Rotterdam,Halifax,CFR,2023-11-09,2023-12-21,2023-12-21,42,0,Yes,None,3401.1,3401.1,15627.7,199077.45,Delivered
BOL004771,ZIM,DSV,Loblaw Companies,Machinery,40HC,4,Singapore,Montreal,CIF,2022-12-21,2023-01-10,2023-01-10,20,0,Yes,None,3025.64,12102.56,105384.37,114726.5,Delivered
BOL004772,Evergreen,Expeditors,Empire Company,Machinery,40GP,5,Ningbo,Miami,EXW,2023-02-22,2023-03-26,2023-03-26,32,0,Yes,None,1327.44,6637.2,111818.1,296584.64,Delivered
BOL004773,MSC,Nippon Express,Giant Tiger,Steel Products,40HC,6,Rotterdam,Toronto,CIF,2022-01-14,2022-02-13,2022-02-15,30,2,No,Bad Weather,3226.0,19356.0,161814.88,269597.21,Delivered
BOL004774,ONE,Nippon Express,Walmart Canada,Toys,45HC,7,Busan,Chicago,FOB,2022-12-13,2023-01-20,2023-01-20,38,0,Yes,None,3536.23,24753.61,195972.31,396870.89,Delivered
BOL004775,Evergreen,DSV,Indigo Books,Apparel,40HC,6,Ningbo,Los Angeles,EXW,2022-08-03,2022-09-15,2022-09-15,43,0,Yes,None,3931.89,23591.34,53732.49,158644.35,Delivered
BOL004776,ONE,DSV,Costco Canada,Textiles,45HC,7,Rotterdam,Seattle,FOB,2022-11-12,2022-11-28,2022-11-28,16,0,Yes,None,2125.78,14880.46,113470.43,220992.04,Delivered
BOL004777,Yang Ming,Sinotrans,Reitmans,Auto Parts,45HC,7,Kaohsiung,Miami,DAP,2023-04-13,2023-05-15,2023-05-15,32,0,Yes,None,3563.19,24942.33,72333.85,355998.22,Delivered
BOL004778,Hapag-Lloyd,Sinotrans,Walmart Canada,Steel Products,40HC,10,Singapore,Toronto,EXW,2022-09-03,2022-09-28,2022-09-28,25,0,Yes,None,2626.36,26263.6,227947.04,246142.01,Delivered
BOL004779,CMA CGM,Kuehne+Nagel,Reitmans,Toys,20RF,2,Ningbo,Halifax,DDP,2022-12-08,2023-01-13,2023-01-13,36,0,Yes,None,1121.35,2242.7,40373.14,220121.26,Delivered
BOL004780,Evergreen,Panalpina,Groupe Touchette,Textiles,20RF,1,Kaohsiung,New York,CIF,2023-01-24,2023-03-04,2023-03-04,39,0,Yes,None,3656.68,3656.68,11123.45,245848.68,Delivered
BOL004781,MSC,Expeditors,Canadian Tire,Auto Parts,45HC,3,Shenzhen,Chicago,EXW,2022-04-21,2022-05-14,2022-05-25,23,11,No,Documentation Error,3298.89,9896.67,41585.19,424577.16,Delayed
BOL004782,Yang Ming,Sinotrans,IKEA Canada,Toys,20GP,3,Kaohsiung,Toronto,DAP,2024-07-12,2024-08-15,2024-08-15,34,0,Yes,None,858.47,2575.41,77167.7,46263.56,Delivered
BOL004783,COSCO,Expeditors,Sobeys,Machinery,40RF,5,Hong Kong,Houston,CFR,2023-10-16,2023-11-10,2023-11-10,25,0,Yes,None,4231.57,21157.85,78383.44,69795.62,Delivered
BOL004784,Maersk,Nippon Express,Indigo Books,Toys,20GP,2,Ningbo,Chicago,DAP,2024-11-04,2024-12-07,2024-12-07,33,0,Yes,None,3864.35,7728.7,26397.8,79185.89,Delivered
BOL004785,COSCO,Expeditors,IKEA Canada,Auto Parts,20RF,9,Busan,New York,DAP,2024-12-06,2025-01-13,2025-01-13,38,0,Yes,None,2238.9,20150.1,251525.24,151926.84,In Transit
BOL004786,ZIM,Expeditors,Mountain Equipment,Toys,40RF,5,Shanghai,Seattle,CIF,2022-09-09,2022-09-25,2022-09-25,16,0,Yes,None,2420.36,12101.8,27889.94,104622.95,Delivered
BOL004787,COSCO,DB Schenker,Giant Tiger,Electronics,40HC,2,Kaohsiung,Montreal,CIF,2023-04-28,2023-06-07,2023-06-07,40,0,Yes,None,1409.52,2819.04,46377.35,190986.78,Delivered
BOL004788,Hapag-Lloyd,CEVA Logistics,Canadian Tire,Food Products,40HC,2,Hong Kong,Houston,DAP,2022-04-27,2022-05-23,2022-05-23,26,0,Yes,None,1371.58,2743.16,53899.33,269949.97,Delivered
BOL004789,COSCO,DSV,Costco Canada,Toys,45HC,1,Colombo,Toronto,FOB,2023-08-10,2023-09-23,2023-09-23,44,0,Yes,None,3833.98,3833.98,7280.39,75059.24,Delivered
BOL004790,Evergreen,Nippon Express,Loblaw Companies,Chemicals,45HC,2,Shenzhen,Houston,DDP,2022-07-24,2022-08-14,2022-08-14,21,0,Yes,None,930.21,1860.42,10408.99,108024.76,Delivered
BOL004791,HMM,DSV,Reitmans,Food Products,45HC,1,Singapore,Vancouver,CIF,2022-02-14,2022-03-02,2022-03-02,16,0,Yes,None,2682.59,2682.59,14380.42,395313.3,Delivered
BOL004792,MSC,Panalpina,Groupe Touchette,Textiles,45HC,10,Busan,Los Angeles,CIF,2022-08-05,2022-09-04,2022-09-04,30,0,Yes,None,907.23,9072.3,132733.14,293868.66,Delivered
BOL004793,MSC,Nippon Express,Home Depot Canada,Steel Products,40HC,4,Ningbo,Chicago,EXW,2024-09-11,2024-10-21,2024-10-21,40,0,Yes,None,2756.81,11027.24,41339.77,170334.35,Delivered
BOL004794,COSCO,Sinotrans,Groupe Touchette,Toys,20RF,3,Hong Kong,Miami,DDP,2024-04-02,2024-05-01,2024-05-01,29,0,Yes,None,2512.71,7538.13,41220.92,386024.68,Delivered
BOL004795,HMM,DB Schenker,Mountain Equipment,Food Products,40RF,10,Colombo,Houston,DAP,2024-07-19,2024-08-14,2024-08-14,26,0,Yes,None,2141.16,21411.6,172921.3,405980.72,Delivered
BOL004796,Maersk,Kuehne+Nagel,Shoppers Drug Mart,Apparel,40RF,5,Singapore,Montreal,FOB,2022-08-31,2022-10-08,2022-10-08,38,0,Yes,None,2745.11,13725.55,88536.36,410721.64,Delivered
BOL004797,COSCO,Panalpina,Groupe Touchette,Auto Parts,40HC,2,Shanghai,Houston,EXW,2022-07-10,2022-08-11,2022-08-24,32,13,No,Equipment Shortage,3541.49,7082.98,17220.34,407459.3,Delayed
BOL004798,CMA CGM,Sinotrans,Walmart Canada,Toys,40HC,3,Busan,Montreal,DAP,2024-09-02,2024-09-17,2024-09-17,15,0,Yes,None,2192.68,6578.04,26940.86,487470.71,Delivered
BOL004799,Yang Ming,CEVA Logistics,Aldo Group,Apparel,20GP,10,Kaohsiung,Los Angeles,FOB,2024-07-22,2024-08-07,2024-08-07,16,0,Yes,None,1097.91,10979.1,204135.0,367562.98,Delivered
BOL004800,ZIM,DSV,Shoppers Drug Mart,Auto Parts,45HC,10,Busan,Miami,DAP,2023-10-30,2023-12-10,2023-12-10,41,0,Yes,None,3054.96,30549.6,216693.44,130093.66,Delivered
BOL004801,ZIM,Sinotrans,Best Buy Canada,Furniture,40RF,8,Shanghai,Los Angeles,CIF,2022-04-08,2022-04-27,2022-04-27,19,0,Yes,None,1591.91,12735.28,52830.46,387221.66,Delivered
BOL004802,ZIM,CEVA Logistics,Loblaws,Auto Parts,40RF,2,Kaohsiung,Los Angeles,CIF,2023-05-11,2023-05-29,2023-05-29,18,0,Yes,None,3087.95,6175.9,49167.34,499091.75,Delivered
BOL004803,Hapag-Lloyd,Sinotrans,Groupe Touchette,Furniture,45HC,10,Rotterdam,Los Angeles,CFR,2023-11-19,2023-12-28,2023-12-28,39,0,Yes,None,1485.2,14852.0,229871.09,197840.56,Delivered
BOL004804,MSC,CEVA Logistics,Metro Inc,Furniture,45HC,5,Colombo,Halifax,CIF,2024-02-10,2024-03-09,2024-03-09,28,0,Yes,None,1286.91,6434.55,69298.81,109797.95,Delivered
BOL004805,HMM,Kuehne+Nagel,Empire Company,Auto Parts,45HC,1,Rotterdam,Toronto,FOB,2022-01-20,2022-02-14,2022-02-14,25,0,Yes,None,3139.7,3139.7,24030.03,342549.32,Delivered
BOL004806,HMM,Nippon Express,Loblaws,Machinery,45HC,2,Shenzhen,Montreal,EXW,2024-07-27,2024-08-25,2024-08-25,29,0,Yes,None,1392.09,2784.18,37081.54,108902.51,Delivered
BOL004807,CMA CGM,Nippon Express,Sport Chek,Chemicals,40HC,3,Kaohsiung,Seattle,FOB,2023-12-21,2024-01-09,2024-01-09,19,0,Yes,None,1692.47,5077.41,51571.96,177252.09,Delivered
BOL004808,Maersk,DSV,IKEA Canada,Auto Parts,40RF,4,Shanghai,Halifax,FOB,2022-06-05,2022-07-03,2022-07-03,28,0,Yes,None,2466.68,9866.72,105263.81,374067.68,Delivered
BOL004809,Evergreen,Sinotrans,Loblaw Companies,Auto Parts,20GP,2,Hong Kong,Montreal,DDP,2024-03-12,2024-04-14,2024-04-19,33,5,No,Documentation Error,2017.41,4034.82,49117.28,118566.85,Delivered
BOL004810,Evergreen,CEVA Logistics,Shoppers Drug Mart,Food Products,20GP,3,Colombo,Halifax,EXW,2024-01-09,2024-01-25,2024-01-25,16,0,Yes,None,4498.71,13496.13,19870.09,161085.17,Delivered
BOL004811,COSCO,Sinotrans,Walmart Canada,Electronics,45HC,10,Singapore,Miami,DAP,2023-05-21,2023-06-07,2023-06-07,17,0,Yes,None,2992.53,29925.3,200075.72,440829.06,Delivered
BOL004812,Evergreen,Nippon Express,Indigo Books,Machinery,40RF,8,Hamburg,Los Angeles,FOB,2023-12-12,2024-01-20,2024-01-20,39,0,Yes,None,3913.8,31310.4,126837.25,498983.87,Delivered
BOL004813,ZIM,DB Schenker,Empire Company,Auto Parts,40HC,4,Hamburg,Toronto,DDP,2024-10-13,2024-11-05,2024-11-05,23,0,Yes,None,2827.82,11311.28,55831.54,301646.24,Delivered
BOL004814,ZIM,Expeditors,Mountain Equipment,Steel Products,20RF,4,Ningbo,New York,CFR,2022-07-29,2022-08-13,2022-08-13,15,0,Yes,None,1202.02,4808.08,104763.02,306499.95,Delivered
BOL004815,CMA CGM,Sinotrans,Shoppers Drug Mart,Food Products,20GP,6,Busan,Houston,DAP,2023-09-10,2023-10-02,2023-10-02,22,0,Yes,None,2319.87,13919.22,99348.61,481512.12,Delivered
BOL004816,MSC,Sinotrans,Loblaws,Electronics,20GP,6,Busan,Miami,FOB,2023-12-24,2024-01-18,2024-01-28,25,10,No,Documentation Error,1698.52,10191.12,164858.18,28787.61,Delayed
BOL004817,COSCO,DSV,Sport Chek,Toys,20GP,2,Shanghai,Halifax,CIF,2022-02-11,2022-03-18,2022-03-18,35,0,Yes,None,4125.73,8251.46,43052.19,177363.72,Delivered
BOL004818,Hapag-Lloyd,DB Schenker,Sobeys,Apparel,45HC,6,Busan,Houston,EXW,2024-05-07,2024-05-30,2024-05-30,23,0,Yes,None,3761.24,22567.44,147004.89,187024.36,Delivered
BOL004819,ONE,Sinotrans,Empire Company,Steel Products,45HC,5,Kaohsiung,Halifax,DAP,2023-04-27,2023-06-11,2023-06-11,45,0,Yes,None,1351.93,6759.65,62414.5,298225.97,Delivered
BOL004820,Evergreen,DSV,Reitmans,Furniture,45HC,6,Rotterdam,Toronto,DDP,2023-10-30,2023-11-18,2023-11-18,19,0,Yes,None,2201.06,13206.36,155899.47,63960.37,Delivered
BOL004821,ONE,DB Schenker,Reitmans,Furniture,20RF,5,Rotterdam,New York,CFR,2024-12-31,2025-02-13,2025-02-13,44,0,Yes,None,1188.9,5944.5,125415.67,251983.34,In Transit
BOL004822,ONE,DB Schenker,Walmart Canada,Furniture,40GP,4,Shanghai,Los Angeles,FOB,2024-10-25,2024-11-08,2024-11-08,14,0,Yes,None,1160.41,4641.64,37717.6,334458.5,Delivered
BOL004823,Evergreen,CEVA Logistics,Sobeys,Machinery,45HC,10,Ningbo,Houston,DAP,2024-11-24,2024-12-09,2024-12-09,15,0,Yes,None,3371.54,33715.4,60437.73,244383.04,Delivered
BOL004824,COSCO,Kuehne+Nagel,Reitmans,Textiles,45HC,2,Shenzhen,Seattle,DDP,2024-06-27,2024-08-01,2024-08-01,35,0,Yes,None,2217.57,4435.14,21463.73,328760.8,Delivered
BOL004825,Evergreen,DSV,Empire Company,Textiles,45HC,10,Ningbo,New York,EXW,2024-06-08,2024-07-03,2024-07-03,25,0,Yes,None,2679.62,26796.2,111764.09,444966.25,Delivered
BOL004826,MSC,DSV,Empire Company,Toys,40RF,6,Hamburg,Vancouver,FOB,2024-03-29,2024-04-16,2024-04-16,18,0,Yes,None,1917.0,11502.0,130322.37,462271.47,Delivered
BOL004827,MSC,Kuehne+Nagel,Best Buy Canada,Auto Parts,20GP,5,Colombo,New York,CIF,2023-09-26,2023-10-14,2023-10-20,18,6,No,Equipment Shortage,2039.17,10195.85,33274.4,335830.33,Delayed
BOL004828,CMA CGM,Sinotrans,Giant Tiger,Food Products,20RF,2,Shanghai,Seattle,FOB,2024-02-12,2024-03-27,2024-03-27,44,0,Yes,None,4183.98,8367.96,28086.05,63131.48,Delivered
BOL004829,COSCO,Kuehne+Nagel,Mountain Equipment,Machinery,40HC,1,Shanghai,Houston,EXW,2024-11-15,2024-12-21,2024-12-21,36,0,Yes,None,3170.96,3170.96,14771.07,26328.19,Delivered
BOL004830,MSC,Nippon Express,Empire Company,Food Products,40GP,10,Colombo,Vancouver,DAP,2022-10-03,2022-10-27,2022-10-27,24,0,Yes,None,1767.81,17678.1,86765.99,272303.21,Delivered
BOL004831,HMM,Nippon Express,Costco Canada,Apparel,40GP,6,Colombo,Houston,CIF,2022-11-29,2022-12-30,2022-12-30,31,0,Yes,None,3746.3,22477.8,74386.99,157026.58,Delivered
BOL004832,MSC,Sinotrans,Loblaws,Food Products,20RF,3,Colombo,Seattle,CFR,2023-12-22,2024-01-17,2024-01-17,26,0,Yes,None,3683.6,11050.8,29294.51,271233.67,Delivered
BOL004833,COSCO,Panalpina,Loblaw Companies,Electronics,20RF,3,Hamburg,Miami,DAP,2024-06-18,2024-07-24,2024-07-24,36,0,Yes,None,3576.42,10729.26,58351.55,99005.33,Delivered
BOL004834,Yang Ming,Sinotrans,Costco Canada,Furniture,20GP,4,Rotterdam,Seattle,FOB,2024-08-18,2024-09-29,2024-09-29,42,0,Yes,None,1144.0,4576.0,88617.22,214954.48,Delivered
BOL004835,CMA CGM,Nippon Express,Shoppers Drug Mart,Machinery,40RF,10,Ningbo,Seattle,EXW,2022-01-26,2022-03-08,2022-03-08,41,0,Yes,None,1819.76,18197.6,111310.87,317508.84,Delivered
BOL004836,Evergreen,CEVA Logistics,Indigo Books,Steel Products,20RF,5,Busan,Miami,CFR,2024-03-09,2024-04-23,2024-04-23,45,0,Yes,None,2755.47,13777.35,123802.88,340496.9,Delivered
BOL004837,Hapag-Lloyd,Panalpina,Aldo Group,Machinery,40HC,10,Shenzhen,Halifax,EXW,2022-05-18,2022-06-20,2022-06-20,33,0,Yes,None,2922.05,29220.5,155432.37,332573.28,Delivered
BOL004838,CMA CGM,Panalpina,Walmart Canada,Food Products,20RF,8,Singapore,Vancouver,EXW,2024-03-15,2024-04-03,2024-04-03,19,0,Yes,None,2478.68,19829.44,96843.75,459925.68,Delivered
BOL004839,ONE,Sinotrans,Best Buy Canada,Toys,40GP,3,Busan,Toronto,CIF,2023-05-21,2023-06-27,2023-06-30,37,3,No,Customs Inspection,4478.29,13434.87,42992.77,353028.18,Delivered
BOL004840,HMM,DSV,Aldo Group,Auto Parts,40GP,7,Singapore,Halifax,DDP,2023-07-26,2023-08-30,2023-09-13,35,14,No,Customs Inspection,1141.37,7989.59,99732.31,47444.08,Delayed
BOL004841,Maersk,Nippon Express,Indigo Books,Electronics,20RF,2,Singapore,Seattle,DDP,2023-12-08,2024-01-01,2024-01-01,24,0,Yes,None,2713.89,5427.78,10495.66,163894.55,Delivered
BOL004842,Evergreen,Nippon Express,Canadian Tire,Food Products,20RF,7,Rotterdam,New York,EXW,2023-04-30,2023-05-14,2023-05-14,14,0,Yes,None,3215.53,22508.71,39008.45,179205.88,Delivered
BOL004843,CMA CGM,CEVA Logistics,Best Buy Canada,Food Products,40GP,8,Colombo,Montreal,CIF,2024-04-15,2024-05-08,2024-05-08,23,0,Yes,None,1115.09,8920.72,161486.21,375812.64,Delivered
BOL004844,Yang Ming,DSV,Walmart Canada,Textiles,40HC,1,Colombo,Vancouver,CIF,2024-04-11,2024-05-24,2024-05-24,43,0,Yes,None,2427.95,2427.95,22707.53,133655.37,Delivered
BOL004845,CMA CGM,DSV,Aldo Group,Toys,40GP,8,Hamburg,Chicago,CFR,2023-03-19,2023-04-12,2023-04-12,24,0,Yes,None,2595.76,20766.08,60812.9,233095.48,Delivered
BOL004846,Maersk,Panalpina,Canadian Tire,Food Products,45HC,3,Shenzhen,Chicago,EXW,2023-01-23,2023-03-08,2023-03-08,44,0,Yes,None,1798.99,5396.97,46825.03,255551.51,Delivered
BOL004847,ZIM,CEVA Logistics,Loblaws,Chemicals,40HC,8,Colombo,Montreal,CIF,2022-01-17,2022-02-23,2022-02-23,37,0,Yes,None,975.6,7804.8,152405.66,320308.22,Delivered
BOL004848,CMA CGM,Kuehne+Nagel,Sobeys,Textiles,40HC,6,Busan,Los Angeles,FOB,2024-09-16,2024-10-13,2024-10-13,27,0,Yes,None,2191.47,13148.82,104933.08,340274.03,Delivered
BOL004849,ONE,Sinotrans,Costco Canada,Steel Products,20GP,10,Hamburg,Seattle,CIF,2022-03-14,2022-04-08,2022-04-11,25,3,No,Documentation Error,1791.3,17913.0,99350.52,135862.18,Delivered
BOL004850,MSC,Expeditors,Loblaw Companies,Auto Parts,40HC,6,Hamburg,Montreal,CFR,2024-06-25,2024-07-23,2024-07-23,28,0,Yes,None,1813.45,10880.7,34462.41,276582.72,Delivered
BOL004851,Evergreen,Sinotrans,Sport Chek,Auto Parts,40RF,8,Hong Kong,Montreal,EXW,2022-08-03,2022-08-23,2022-08-23,20,0,Yes,None,3674.38,29395.04,113127.33,147760.01,Delivered
BOL004852,ZIM,CEVA Logistics,IKEA Canada,Toys,40GP,8,Kaohsiung,Seattle,DAP,2023-05-20,2023-06-13,2023-06-13,24,0,Yes,None,832.59,6660.72,113430.88,342509.32,Delivered
BOL004853,Yang Ming,DSV,Canadian Tire,Textiles,20RF,6,Ningbo,New York,FOB,2024-12-26,2025-01-28,2025-01-28,33,0,Yes,None,4159.19,24955.14,92165.54,224505.23,In Transit
BOL004854,CMA CGM,Kuehne+Nagel,Groupe Touchette,Apparel,40GP,1,Rotterdam,Vancouver,EXW,2024-05-15,2024-06-12,2024-06-12,28,0,Yes,None,1124.82,1124.82,26515.81,408728.76,Delivered
BOL004855,Hapag-Lloyd,Panalpina,Indigo Books,Steel Products,40RF,8,Shenzhen,Halifax,CIF,2022-12-26,2023-01-20,2023-01-29,25,9,No,Equipment Shortage,1500.33,12002.64,162103.54,137476.91,Delayed
BOL004856,CMA CGM,CEVA Logistics,Reitmans,Apparel,20RF,1,Shenzhen,Houston,DDP,2022-08-01,2022-08-22,2022-08-22,21,0,Yes,None,3909.85,3909.85,5144.49,328208.85,Delivered
BOL004857,ONE,CEVA Logistics,IKEA Canada,Steel Products,20RF,3,Singapore,New York,DAP,2024-04-21,2024-05-09,2024-05-09,18,0,Yes,None,1028.51,3085.53,22741.64,362976.28,Delivered
BOL004858,Hapag-Lloyd,DB Schenker,Costco Canada,Chemicals,40GP,8,Hong Kong,Montreal,DAP,2024-12-02,2024-12-19,2024-12-19,17,0,Yes,None,4060.16,32481.28,135623.51,60668.77,Delivered
BOL004859,ONE,Panalpina,Walmart Canada,Machinery,40RF,6,Colombo,Vancouver,DDP,2023-05-29,2023-07-04,2023-07-04,36,0,Yes,None,1637.15,9822.9,30104.68,170328.39,Delivered
BOL004860,Yang Ming,DSV,Reitmans,Toys,40GP,10,Busan,Chicago,FOB,2022-11-19,2022-12-09,2022-12-09,20,0,Yes,None,2415.62,24156.2,263598.46,293375.26,Delivered
BOL004861,ZIM,CEVA Logistics,Walmart Canada,Machinery,40GP,3,Rotterdam,Miami,DDP,2023-07-12,2023-08-21,2023-08-21,40,0,Yes,None,2474.51,7423.53,31780.36,332918.13,Delivered
BOL004862,ONE,Nippon Express,Walmart Canada,Steel Products,40RF,7,Hong Kong,New York,DAP,2022-07-23,2022-08-25,2022-08-25,33,0,Yes,None,4169.54,29186.78,129319.47,412992.66,Delivered
BOL004863,Yang Ming,Nippon Express,Empire Company,Furniture,20RF,5,Shanghai,Houston,CIF,2022-06-29,2022-07-22,2022-07-27,23,5,No,Port Congestion,3283.1,16415.5,69000.69,353314.91,Delivered
BOL004864,MSC,DB Schenker,Shoppers Drug Mart,Electronics,20RF,2,Busan,Seattle,EXW,2022-09-13,2022-09-30,2022-10-04,17,4,No,Documentation Error,3782.62,7565.24,48651.7,319563.67,Delivered
BOL004865,ONE,Nippon Express,Home Depot Canada,Furniture,20GP,1,Kaohsiung,Seattle,CIF,2024-02-17,2024-03-05,2024-03-05,17,0,Yes,None,3492.38,3492.38,12254.0,235241.68,Delivered
BOL004866,MSC,DSV,Indigo Books,Food Products,45HC,5,Busan,Toronto,CIF,2024-11-03,2024-11-17,2024-11-17,14,0,Yes,None,3948.36,19741.8,33079.1,293302.94,Delivered
BOL004867,ONE,Panalpina,Indigo Books,Steel Products,40GP,7,Busan,Houston,DDP,2022-09-14,2022-10-25,2022-11-09,41,15,No,Customs Inspection,1103.51,7724.57,172877.23,56382.99,Delayed
BOL004868,Hapag-Lloyd,Expeditors,Hudson Bay,Toys,45HC,9,Singapore,Vancouver,DAP,2024-07-25,2024-08-18,2024-08-18,24,0,Yes,None,1215.88,10942.92,195034.7,396795.69,Delivered
BOL004869,ZIM,DSV,Indigo Books,Toys,45HC,1,Colombo,Miami,FOB,2024-11-09,2024-11-25,2024-11-25,16,0,Yes,None,3697.91,3697.91,18667.69,209522.05,Delivered
BOL004870,Evergreen,CEVA Logistics,Metro Inc,Furniture,40HC,10,Busan,Miami,CIF,2022-05-29,2022-06-19,2022-06-24,21,5,No,Port Congestion,2940.91,29409.1,84813.15,333843.91,Delivered
BOL004871,Yang Ming,Sinotrans,Reitmans,Toys,20GP,2,Shanghai,Halifax,CIF,2022-12-09,2023-01-20,2023-01-20,42,0,Yes,None,1586.2,3172.4,23677.17,83930.69,Delivered
BOL004872,HMM,Kuehne+Nagel,Empire Company,Furniture,45HC,6,Shanghai,New York,DAP,2024-03-04,2024-04-17,2024-04-17,44,0,Yes,None,1576.28,9457.68,142738.16,495276.61,Delivered
BOL004873,Evergreen,DSV,Best Buy Canada,Food Products,45HC,6,Colombo,New York,FOB,2023-09-01,2023-09-29,2023-09-29,28,0,Yes,None,3829.35,22976.1,77304.18,117551.41,Delivered
BOL004874,ZIM,DB Schenker,Hudson Bay,Electronics,20GP,2,Colombo,Los Angeles,CIF,2024-05-29,2024-07-13,2024-07-13,45,0,Yes,None,4342.37,8684.74,34833.16,284870.57,Delivered
BOL004875,Evergreen,Kuehne+Nagel,Walmart Canada,Steel Products,40HC,4,Rotterdam,Miami,EXW,2023-08-31,2023-09-18,2023-09-18,18,0,Yes,None,2461.85,9847.4,51677.31,230033.93,Delivered
BOL004876,HMM,CEVA Logistics,Giant Tiger,Furniture,40RF,9,Singapore,Seattle,CIF,2022-09-24,2022-11-08,2022-11-14,45,6,No,Bad Weather,4188.25,37694.25,146162.66,190756.27,Delayed
BOL004877,Evergreen,Expeditors,Home Depot Canada,Toys,45HC,6,Rotterdam,New York,FOB,2022-06-20,2022-07-13,2022-07-13,23,0,Yes,None,3065.39,18392.34,96805.72,311820.47,Delivered
BOL004878,Maersk,Sinotrans,Giant Tiger,Auto Parts,20RF,8,Shenzhen,Seattle,DDP,2023-10-16,2023-11-06,2023-11-06,21,0,Yes,None,4165.05,33320.4,116601.24,35903.1,Delivered
BOL004879,COSCO,DSV,Shoppers Drug Mart,Machinery,40GP,9,Hong Kong,New York,EXW,2022-05-20,2022-06-16,2022-06-16,27,0,Yes,None,4381.86,39436.74,133598.26,443518.4,Delivered
BOL004880,HMM,Kuehne+Nagel,Canadian Tire,Furniture,40RF,8,Colombo,Seattle,DDP,2022-11-29,2023-01-11,2023-01-11,43,0,Yes,None,2079.46,16635.68,77312.37,313728.76,Delivered
BOL004881,Yang Ming,CEVA Logistics,Shoppers Drug Mart,Textiles,40GP,8,Kaohsiung,Halifax,DAP,2023-08-02,2023-08-25,2023-08-25,23,0,Yes,None,3058.34,24466.72,192760.14,98200.29,Delivered
BOL004882,MSC,Panalpina,IKEA Canada,Chemicals,20GP,7,Hong Kong,Vancouver,FOB,2024-02-17,2024-03-28,2024-03-28,40,0,Yes,None,2077.89,14545.23,119700.65,471090.01,Delivered
BOL004883,Maersk,Nippon Express,Sobeys,Chemicals,20RF,1,Rotterdam,Miami,DAP,2024-01-16,2024-02-22,2024-02-22,37,0,Yes,None,3292.9,3292.9,20765.0,377668.8,Delivered
BOL004884,Maersk,Expeditors,Aldo Group,Food Products,20GP,9,Colombo,Toronto,CIF,2023-01-16,2023-02-05,2023-02-09,20,4,No,Port Congestion,3740.09,33660.81,196812.72,429770.98,Delivered
BOL004885,COSCO,Kuehne+Nagel,Home Depot Canada,Toys,45HC,10,Kaohsiung,Seattle,CIF,2024-10-08,2024-10-30,2024-11-12,22,13,No,Customs Inspection,3396.79,33967.9,76234.34,305619.12,Delayed
BOL004886,Maersk,Kuehne+Nagel,Hudson Bay,Machinery,40RF,10,Colombo,Toronto,DAP,2024-02-25,2024-03-22,2024-03-22,26,0,Yes,None,4075.85,40758.5,149370.03,54753.15,Delivered
BOL004887,Maersk,Panalpina,Canadian Tire,Furniture,40RF,1,Shenzhen,Seattle,FOB,2023-10-31,2023-11-26,2023-11-26,26,0,Yes,None,875.46,875.46,9777.85,259212.96,Delivered
BOL004888,CMA CGM,DB Schenker,Loblaws,Steel Products,20GP,9,Shanghai,Houston,CFR,2023-11-02,2023-12-09,2023-12-09,37,0,Yes,None,2469.11,22221.99,154502.74,15791.94,Delivered
BOL004889,MSC,Expeditors,Empire Company,Furniture,40HC,4,Busan,Los Angeles,DDP,2023-04-06,2023-04-28,2023-04-28,22,0,Yes,None,3191.15,12764.6,43706.66,93849.63,Delivered
BOL004890,CMA CGM,CEVA Logistics,Indigo Books,Furniture,40RF,4,Shenzhen,New York,DAP,2022-01-15,2022-02-07,2022-02-07,23,0,Yes,None,1710.75,6843.0,21526.75,205949.44,Delivered
BOL004891,ZIM,Nippon Express,Reitmans,Textiles,45HC,4,Shenzhen,Toronto,FOB,2023-06-07,2023-07-21,2023-07-21,44,0,Yes,None,844.24,3376.96,78225.29,261618.88,Delivered
BOL004892,ONE,Expeditors,Empire Company,Toys,40HC,4,Busan,New York,CFR,2024-05-08,2024-06-15,2024-06-15,38,0,Yes,None,4452.55,17810.2,38221.8,322587.71,Delivered
BOL004893,Evergreen,Panalpina,Sobeys,Food Products,20GP,9,Rotterdam,Vancouver,CIF,2024-07-22,2024-08-07,2024-08-07,16,0,Yes,None,3611.43,32502.87,186461.89,107610.8,Delivered
BOL004894,Evergreen,Panalpina,Empire Company,Toys,40GP,4,Shenzhen,Miami,CFR,2022-02-19,2022-03-31,2022-03-31,40,0,Yes,None,4341.48,17365.92,105499.83,57783.57,Delivered
BOL004895,Maersk,DB Schenker,IKEA Canada,Furniture,40GP,6,Ningbo,Miami,DAP,2024-07-12,2024-08-10,2024-08-10,29,0,Yes,None,4084.63,24507.78,63275.86,130056.5,Delivered
BOL004896,Hapag-Lloyd,Nippon Express,Groupe Touchette,Electronics,40GP,8,Ningbo,Halifax,FOB,2022-09-20,2022-10-29,2022-10-29,39,0,Yes,None,1299.35,10394.8,135231.21,22765.58,Delivered
BOL004897,HMM,Sinotrans,Mountain Equipment,Steel Products,20GP,3,Singapore,Toronto,DAP,2023-11-08,2023-11-27,2023-11-27,19,0,Yes,None,2903.66,8710.98,56771.12,425778.52,Delivered
BOL004898,MSC,DB Schenker,IKEA Canada,Auto Parts,40RF,6,Shenzhen,Seattle,FOB,2024-08-16,2024-09-21,2024-09-21,36,0,Yes,None,3043.55,18261.3,123055.87,266728.29,Delivered
BOL004899,Evergreen,CEVA Logistics,Canadian Tire,Auto Parts,40GP,2,Ningbo,Vancouver,FOB,2022-10-25,2022-11-26,2022-11-26,32,0,Yes,None,1584.47,3168.94,23450.15,109907.78,Delivered
BOL004900,ONE,CEVA Logistics,Hudson Bay,Textiles,20GP,4,Shanghai,Halifax,DAP,2023-08-16,2023-09-09,2023-09-09,24,0,Yes,None,906.88,3627.52,31871.34,107391.4,Delivered
BOL004901,Evergreen,CEVA Logistics,Indigo Books,Apparel,40GP,1,Rotterdam,Halifax,CFR,2022-12-14,2022-12-29,2022-12-29,15,0,Yes,None,873.45,873.45,20983.21,169536.52,Delivered
BOL004902,Maersk,Sinotrans,Mountain Equipment,Chemicals,20GP,5,Hamburg,New York,CIF,2024-06-10,2024-07-04,2024-07-04,24,0,Yes,None,1694.62,8473.1,80184.06,157819.23,Delivered
BOL004903,CMA CGM,Nippon Express,IKEA Canada,Toys,20GP,10,Ningbo,Houston,DDP,2022-09-28,2022-11-12,2022-11-12,45,0,Yes,None,4456.76,44567.6,162735.0,384572.36,Delivered
BOL004904,ZIM,DSV,Aldo Group,Chemicals,20RF,2,Shanghai,New York,DAP,2024-03-01,2024-04-15,2024-04-15,45,0,Yes,None,1656.61,3313.22,36594.4,144389.88,Delivered
BOL004905,CMA CGM,Expeditors,IKEA Canada,Steel Products,40HC,1,Colombo,Chicago,EXW,2022-05-09,2022-06-11,2022-06-11,33,0,Yes,None,1176.1,1176.1,18553.98,284850.49,Delivered
BOL004906,ONE,CEVA Logistics,IKEA Canada,Food Products,40GP,9,Colombo,Montreal,DDP,2024-08-04,2024-08-24,2024-09-02,20,9,No,Bad Weather,4078.99,36710.91,47462.03,273063.28,Delayed
BOL004907,MSC,Sinotrans,Groupe Touchette,Chemicals,20GP,1,Colombo,Houston,EXW,2023-01-10,2023-02-14,2023-02-14,35,0,Yes,None,3850.75,3850.75,19757.99,208023.79,Delivered
BOL004908,COSCO,DB Schenker,Loblaws,Textiles,40GP,2,Shanghai,Montreal,CFR,2023-06-20,2023-08-03,2023-08-03,44,0,Yes,None,2715.58,5431.16,10686.49,310641.55,Delivered
BOL004909,MSC,Expeditors,Sport Chek,Auto Parts,40GP,2,Rotterdam,Montreal,EXW,2023-04-20,2023-05-27,2023-05-27,37,0,Yes,None,2323.75,4647.5,34870.19,32149.67,Delivered
BOL004910,ONE,DB Schenker,Giant Tiger,Toys,40HC,7,Rotterdam,Vancouver,DDP,2024-02-26,2024-03-20,2024-03-20,23,0,Yes,None,3651.27,25558.89,188972.19,173444.06,Delivered
BOL004911,HMM,Panalpina,Canadian Tire,Furniture,20GP,8,Singapore,Seattle,DAP,2023-04-15,2023-05-20,2023-05-20,35,0,Yes,None,1288.76,10310.08,91621.47,347440.9,Delivered
BOL004912,ZIM,DSV,Sobeys,Electronics,40GP,6,Singapore,Chicago,DAP,2023-06-28,2023-07-29,2023-07-29,31,0,Yes,None,1638.2,9829.2,37735.9,356121.64,Delivered
BOL004913,MSC,DSV,Indigo Books,Apparel,20GP,3,Shanghai,Seattle,FOB,2022-01-10,2022-01-28,2022-01-28,18,0,Yes,None,3152.32,9456.96,46409.45,322471.47,Delivered
BOL004914,COSCO,Kuehne+Nagel,Reitmans,Electronics,40GP,3,Kaohsiung,Halifax,FOB,2024-11-07,2024-11-24,2024-11-24,17,0,Yes,None,4303.47,12910.41,61452.5,259086.7,Delivered
BOL004915,Hapag-Lloyd,Sinotrans,Aldo Group,Furniture,40HC,7,Shenzhen,Los Angeles,CIF,2023-08-06,2023-09-08,2023-09-08,33,0,Yes,None,3340.37,23382.59,168738.12,138451.23,Delivered
BOL004916,ONE,Sinotrans,Home Depot Canada,Furniture,40GP,9,Ningbo,Halifax,DDP,2022-05-02,2022-06-12,2022-06-12,41,0,Yes,None,1470.43,13233.87,196295.58,242261.13,Delivered
BOL004917,HMM,Sinotrans,Reitmans,Machinery,40GP,10,Rotterdam,Houston,DDP,2024-05-31,2024-07-12,2024-07-12,42,0,Yes,None,2304.3,23043.0,124315.96,362516.04,Delivered
BOL004918,COSCO,DSV,Loblaw Companies,Steel Products,40RF,9,Shenzhen,Vancouver,DAP,2023-04-05,2023-05-17,2023-05-17,42,0,Yes,None,2093.54,18841.86,167077.66,227880.38,Delivered
BOL004919,ZIM,Nippon Express,Indigo Books,Furniture,20GP,7,Hamburg,Chicago,DDP,2024-11-28,2024-12-19,2024-12-19,21,0,Yes,None,1536.36,10754.52,112007.36,273259.32,Delivered
BOL004920,Yang Ming,Sinotrans,Sobeys,Machinery,20RF,2,Kaohsiung,New York,FOB,2023-03-10,2023-04-03,2023-04-03,24,0,Yes,None,1667.07,3334.14,13018.89,478384.04,Delivered
BOL004921,ONE,DSV,Hudson Bay,Steel Products,40RF,9,Singapore,Halifax,DAP,2022-10-01,2022-10-17,2022-10-29,16,12,No,Customs Inspection,1372.16,12349.44,216218.3,24151.84,Delayed
BOL004922,Hapag-Lloyd,Kuehne+Nagel,Hudson Bay,Apparel,40HC,6,Busan,Vancouver,EXW,2022-07-02,2022-07-31,2022-07-31,29,0,Yes,None,3019.76,18118.56,131139.03,365507.83,Delivered
BOL004923,Evergreen,CEVA Logistics,Mountain Equipment,Textiles,40HC,6,Busan,Chicago,CIF,2023-12-21,2024-01-13,2024-01-13,23,0,Yes,None,3522.92,21137.52,124552.47,67427.33,Delivered
BOL004924,ONE,DB Schenker,Aldo Group,Steel Products,20RF,3,Singapore,Vancouver,EXW,2022-04-26,2022-06-03,2022-06-03,38,0,Yes,None,4418.13,13254.39,39056.74,39377.72,Delivered
BOL004925,Maersk,Nippon Express,Giant Tiger,Food Products,20RF,4,Ningbo,Seattle,FOB,2023-01-20,2023-02-21,2023-02-21,32,0,Yes,None,2104.51,8418.04,99278.71,443348.21,Delivered
BOL004926,Evergreen,DB Schenker,Hudson Bay,Furniture,45HC,5,Hamburg,Toronto,EXW,2022-06-02,2022-07-03,2022-07-03,31,0,Yes,None,1328.37,6641.85,70500.91,310470.81,Delivered
BOL004927,Maersk,DSV,Hudson Bay,Electronics,20RF,3,Shenzhen,Seattle,EXW,2023-04-10,2023-05-12,2023-05-14,32,2,No,Equipment Shortage,3622.8,10868.4,66577.54,479646.88,Delivered
BOL004928,COSCO,Nippon Express,Hudson Bay,Machinery,20GP,3,Shanghai,Halifax,FOB,2023-10-06,2023-11-14,2023-11-14,39,0,Yes,None,3585.15,10755.45,73668.42,245883.98,Delivered
BOL004929,MSC,DB Schenker,Indigo Books,Toys,40GP,2,Kaohsiung,Seattle,CFR,2022-03-12,2022-04-12,2022-04-16,31,4,No,Bad Weather,1142.3,2284.6,46513.12,409587.15,Delivered
BOL004930,ONE,Sinotrans,Shoppers Drug Mart,Electronics,40HC,7,Singapore,Miami,EXW,2023-12-08,2024-01-16,2024-01-16,39,0,Yes,None,1690.79,11835.53,124415.46,476941.23,Delivered
BOL004931,HMM,Nippon Express,Home Depot Canada,Furniture,40GP,9,Hamburg,Chicago,CFR,2024-03-03,2024-03-17,2024-03-17,14,0,Yes,None,2095.94,18863.46,124936.82,410983.98,Delivered
BOL004932,Evergreen,Nippon Express,Loblaw Companies,Apparel,40RF,7,Shenzhen,New York,FOB,2022-06-06,2022-06-24,2022-06-24,18,0,Yes,None,1663.62,11645.34,159013.09,103648.11,Delivered
BOL004933,HMM,Nippon Express,Groupe Touchette,Electronics,40HC,5,Busan,Halifax,EXW,2022-04-17,2022-05-28,2022-05-28,41,0,Yes,None,2576.42,12882.1,126179.81,396748.53,Delivered
BOL004934,ONE,Nippon Express,Aldo Group,Electronics,40GP,4,Shenzhen,Montreal,CIF,2022-07-03,2022-07-18,2022-07-18,15,0,Yes,None,3866.42,15465.68,74085.0,66658.2,Delivered
BOL004935,ZIM,DSV,Home Depot Canada,Food Products,40HC,5,Hong Kong,Seattle,DDP,2024-03-27,2024-05-08,2024-05-08,42,0,Yes,None,3933.65,19668.25,93714.78,382228.28,Delivered
BOL004936,ZIM,Panalpina,Reitmans,Machinery,45HC,1,Busan,Houston,FOB,2022-01-26,2022-03-05,2022-03-05,38,0,Yes,None,961.33,961.33,11536.84,283395.54,Delivered
BOL004937,COSCO,Panalpina,IKEA Canada,Furniture,40HC,2,Ningbo,Houston,DDP,2022-08-07,2022-09-18,2022-09-18,42,0,Yes,None,1700.96,3401.92,45051.56,466001.06,Delivered
BOL004938,ZIM,CEVA Logistics,Metro Inc,Steel Products,40GP,4,Shenzhen,Seattle,CFR,2023-12-05,2023-12-28,2023-12-28,23,0,Yes,None,2780.8,11123.2,25433.34,425750.72,Delivered
BOL004939,Maersk,DSV,Best Buy Canada,Toys,20GP,1,Kaohsiung,Houston,DAP,2023-08-02,2023-08-29,2023-08-29,27,0,Yes,None,2267.59,2267.59,7475.48,164398.16,Delivered
BOL004940,COSCO,DB Schenker,Canadian Tire,Furniture,45HC,2,Busan,New York,FOB,2022-01-10,2022-02-09,2022-02-09,30,0,Yes,None,3988.18,7976.36,29949.3,39098.46,Delivered
BOL004941,ONE,DSV,Metro Inc,Electronics,40HC,10,Rotterdam,Montreal,CFR,2022-04-20,2022-05-06,2022-05-06,16,0,Yes,None,3468.3,34683.0,188395.32,67332.73,Delivered
BOL004942,Maersk,CEVA Logistics,Best Buy Canada,Food Products,40RF,4,Rotterdam,Halifax,DDP,2024-08-05,2024-08-31,2024-08-31,26,0,Yes,None,3285.3,13141.2,104360.02,135962.12,Delivered
BOL004943,CMA CGM,Expeditors,Mountain Equipment,Furniture,20RF,3,Busan,Montreal,CIF,2024-05-25,2024-06-10,2024-06-10,16,0,Yes,None,4202.93,12608.79,67566.38,344900.59,Delivered
BOL004944,MSC,Nippon Express,Reitmans,Textiles,40GP,8,Hong Kong,Toronto,DDP,2024-07-27,2024-08-30,2024-08-30,34,0,Yes,None,3360.39,26883.12,101308.23,74708.77,Delivered
BOL004945,COSCO,CEVA Logistics,Costco Canada,Toys,40HC,8,Hamburg,Montreal,FOB,2022-11-07,2022-11-23,2022-11-23,16,0,Yes,None,2636.31,21090.48,129589.28,366550.27,Delivered
BOL004946,CMA CGM,Sinotrans,Indigo Books,Steel Products,20RF,8,Rotterdam,New York,EXW,2024-11-15,2024-12-15,2024-12-29,30,14,No,Customs Inspection,1284.95,10279.6,208581.42,201990.38,Delayed
BOL004947,HMM,CEVA Logistics,Walmart Canada,Toys,20RF,4,Rotterdam,Vancouver,EXW,2023-12-26,2024-02-06,2024-02-06,42,0,Yes,None,2282.62,9130.48,98652.67,323095.83,Delivered
BOL004948,Evergreen,CEVA Logistics,Walmart Canada,Apparel,40HC,1,Shenzhen,Houston,EXW,2023-03-22,2023-04-09,2023-04-09,18,0,Yes,None,1752.3,1752.3,25125.18,275030.83,Delivered
BOL004949,ONE,Kuehne+Nagel,Loblaws,Food Products,40HC,9,Ningbo,Houston,FOB,2024-01-09,2024-02-05,2024-02-05,27,0,Yes,None,1987.01,17883.09,229619.9,153732.09,Delivered
BOL004950,ONE,Kuehne+Nagel,Groupe Touchette,Toys,45HC,7,Busan,Los Angeles,DDP,2024-06-23,2024-07-26,2024-07-26,33,0,Yes,None,904.31,6330.17,159624.21,374790.83,Delivered
BOL004951,Yang Ming,Panalpina,Hudson Bay,Electronics,40GP,6,Kaohsiung,New York,EXW,2024-02-27,2024-04-03,2024-04-03,36,0,Yes,None,1352.94,8117.64,123044.37,209442.71,Delivered
BOL004952,HMM,DSV,Metro Inc,Textiles,40RF,1,Hong Kong,Montreal,FOB,2022-02-13,2022-03-15,2022-03-15,30,0,Yes,None,1055.15,1055.15,26404.31,461381.51,Delivered
BOL004953,HMM,DB Schenker,Home Depot Canada,Chemicals,40HC,6,Ningbo,Houston,DDP,2023-04-29,2023-05-24,2023-05-24,25,0,Yes,None,2636.34,15818.04,72869.04,124721.41,Delivered
BOL004954,MSC,Sinotrans,Loblaw Companies,Electronics,40GP,10,Colombo,Los Angeles,DAP,2022-11-16,2022-12-25,2022-12-25,39,0,Yes,None,3626.87,36268.7,101089.52,371727.41,Delivered
BOL004955,ZIM,DSV,Empire Company,Electronics,20GP,8,Ningbo,Houston,DDP,2023-12-11,2024-01-02,2024-01-02,22,0,Yes,None,1629.0,13032.0,149765.93,47431.16,Delivered
BOL004956,COSCO,Panalpina,Mountain Equipment,Textiles,40HC,4,Kaohsiung,Houston,CFR,2022-06-23,2022-07-23,2022-07-23,30,0,Yes,None,3742.14,14968.56,21683.87,441466.47,Delivered
BOL004957,ONE,DB Schenker,Sport Chek,Electronics,20RF,8,Colombo,Houston,CIF,2024-06-27,2024-07-24,2024-07-24,27,0,Yes,None,1790.01,14320.08,157716.71,205340.62,Delivered
BOL004958,Yang Ming,DB Schenker,Giant Tiger,Steel Products,40GP,6,Kaohsiung,Houston,FOB,2024-02-07,2024-02-28,2024-02-28,21,0,Yes,None,1605.59,9633.54,108874.53,186760.42,Delivered
BOL004959,Evergreen,Kuehne+Nagel,Canadian Tire,Food Products,40RF,8,Busan,Seattle,CIF,2022-01-30,2022-03-15,2022-03-15,44,0,Yes,None,3087.69,24701.52,191150.32,256766.8,Delivered
BOL004960,Hapag-Lloyd,CEVA Logistics,Reitmans,Textiles,45HC,5,Colombo,Chicago,DAP,2023-12-08,2024-01-02,2024-01-10,25,8,No,Customs Inspection,3455.08,17275.4,116134.95,55581.54,Delayed
BOL004961,ONE,DB Schenker,Metro Inc,Textiles,40HC,5,Ningbo,Houston,DAP,2024-01-02,2024-01-25,2024-01-25,23,0,Yes,None,985.7,4928.5,27602.39,426543.42,Delivered
BOL004962,ONE,Expeditors,Mountain Equipment,Machinery,20GP,3,Hamburg,New York,FOB,2023-10-26,2023-12-08,2023-12-12,43,4,No,Customs Inspection,1379.15,4137.45,70900.12,478700.06,Delivered
BOL004963,ONE,CEVA Logistics,Indigo Books,Electronics,20GP,7,Hamburg,Montreal,DDP,2023-02-16,2023-03-18,2023-03-18,30,0,Yes,None,1828.01,12796.07,163064.25,492961.52,Delivered
BOL004964,Hapag-Lloyd,Kuehne+Nagel,Loblaws,Food Products,20RF,7,Ningbo,Vancouver,EXW,2023-04-14,2023-05-10,2023-05-10,26,0,Yes,None,2106.38,14744.66,183260.48,44764.81,Delivered
BOL004965,MSC,Nippon Express,Giant Tiger,Steel Products,20GP,7,Hong Kong,Toronto,FOB,2023-02-26,2023-03-23,2023-03-23,25,0,Yes,None,4256.45,29795.15,45797.94,93591.05,Delivered
BOL004966,CMA CGM,Nippon Express,Home Depot Canada,Chemicals,40HC,8,Rotterdam,Los Angeles,FOB,2024-11-10,2024-12-22,2024-12-22,42,0,Yes,None,3167.32,25338.56,45835.89,431912.03,Delivered
BOL004967,Evergreen,CEVA Logistics,Indigo Books,Steel Products,40RF,5,Kaohsiung,Los Angeles,CIF,2024-10-07,2024-11-11,2024-11-11,35,0,Yes,None,3771.52,18857.6,99172.59,28252.62,Delivered
BOL004968,ONE,Expeditors,Costco Canada,Furniture,40RF,1,Kaohsiung,Miami,DAP,2023-09-24,2023-10-25,2023-10-25,31,0,Yes,None,2351.97,2351.97,6177.07,185819.94,Delivered
BOL004969,HMM,Kuehne+Nagel,Walmart Canada,Textiles,40HC,10,Shenzhen,Montreal,DAP,2022-05-25,2022-06-14,2022-06-14,20,0,Yes,None,2663.06,26630.6,86527.1,458604.84,Delivered
BOL004970,ZIM,CEVA Logistics,Loblaws,Electronics,40HC,5,Shenzhen,New York,CIF,2024-06-03,2024-06-26,2024-06-26,23,0,Yes,None,2072.19,10360.95,70515.52,471797.64,Delivered
BOL004971,Evergreen,Kuehne+Nagel,Aldo Group,Steel Products,20GP,6,Hamburg,Chicago,CIF,2023-07-31,2023-09-13,2023-09-13,44,0,Yes,None,3440.89,20645.34,140458.83,78052.91,Delivered
BOL004972,CMA CGM,Sinotrans,Shoppers Drug Mart,Toys,20RF,5,Kaohsiung,Houston,CFR,2022-07-27,2022-09-03,2022-09-03,38,0,Yes,None,4196.27,20981.35,27736.98,75950.2,Delivered
BOL004973,Maersk,DB Schenker,Hudson Bay,Food Products,20RF,4,Shanghai,Los Angeles,CFR,2022-05-02,2022-06-13,2022-06-13,42,0,Yes,None,1503.4,6013.6,111532.79,359006.66,Delivered
BOL004974,ZIM,Panalpina,Giant Tiger,Textiles,20RF,5,Singapore,Halifax,EXW,2022-01-28,2022-03-03,2022-03-03,34,0,Yes,None,2046.12,10230.6,43598.59,64611.2,Delivered
BOL004975,Maersk,Panalpina,Loblaw Companies,Chemicals,20GP,1,Rotterdam,Los Angeles,FOB,2022-11-03,2022-12-01,2022-12-01,28,0,Yes,None,1576.31,1576.31,8575.98,68260.34,Delivered
BOL004976,Hapag-Lloyd,CEVA Logistics,Sobeys,Steel Products,20RF,10,Ningbo,Miami,DAP,2023-10-16,2023-11-03,2023-11-03,18,0,Yes,None,3097.19,30971.9,238805.43,308390.68,Delivered
BOL004977,MSC,Panalpina,Best Buy Canada,Food Products,45HC,3,Singapore,Los Angeles,CFR,2024-08-30,2024-09-14,2024-09-14,15,0,Yes,None,1067.34,3202.02,39792.79,76974.27,Delivered
BOL004978,Maersk,Nippon Express,Empire Company,Food Products,40HC,2,Singapore,Halifax,EXW,2024-09-20,2024-10-26,2024-10-26,36,0,Yes,None,3252.74,6505.48,43560.36,132932.81,Delivered
BOL004979,COSCO,Nippon Express,Walmart Canada,Toys,20GP,10,Shenzhen,Vancouver,FOB,2024-12-13,2025-01-05,2025-01-05,23,0,Yes,None,2656.62,26566.2,139033.29,219496.94,In Transit
BOL004980,Yang Ming,DB Schenker,Shoppers Drug Mart,Toys,20RF,1,Hong Kong,Houston,DAP,2023-07-06,2023-07-20,2023-07-20,14,0,Yes,None,1365.69,1365.69,5742.68,102916.55,Delivered
BOL004981,Yang Ming,Kuehne+Nagel,Giant Tiger,Chemicals,40GP,5,Shanghai,Seattle,EXW,2022-08-24,2022-10-03,2022-10-03,40,0,Yes,None,3516.6,17583.0,59638.9,392596.25,Delivered
BOL004982,CMA CGM,CEVA Logistics,Metro Inc,Chemicals,20RF,10,Shenzhen,Chicago,DDP,2023-10-11,2023-11-17,2023-11-17,37,0,Yes,None,2525.33,25253.3,267159.35,471809.97,Delivered
BOL004983,Maersk,Panalpina,Empire Company,Electronics,40GP,1,Busan,Miami,FOB,2024-10-15,2024-11-16,2024-11-16,32,0,Yes,None,3689.72,3689.72,27757.14,392401.68,Delivered
BOL004984,ZIM,Panalpina,Groupe Touchette,Steel Products,20RF,2,Singapore,Vancouver,CIF,2023-01-18,2023-02-16,2023-02-16,29,0,Yes,None,3606.72,7213.44,16152.06,453576.63,Delivered
BOL004985,Evergreen,CEVA Logistics,Loblaws,Chemicals,45HC,2,Kaohsiung,Toronto,FOB,2023-03-26,2023-04-27,2023-04-27,32,0,Yes,None,3351.38,6702.76,23974.63,221209.96,Delivered
BOL004986,CMA CGM,Expeditors,Giant Tiger,Electronics,20GP,4,Hong Kong,Seattle,DDP,2023-03-03,2023-03-30,2023-03-30,27,0,Yes,None,2906.0,11624.0,101518.83,372293.81,Delivered
BOL004987,Yang Ming,Sinotrans,Loblaw Companies,Chemicals,40RF,7,Busan,Montreal,CFR,2022-07-01,2022-07-19,2022-07-19,18,0,Yes,None,2611.6,18281.2,190832.89,344988.84,Delivered
BOL004988,ZIM,Sinotrans,Hudson Bay,Steel Products,45HC,2,Busan,Montreal,EXW,2023-04-25,2023-05-10,2023-05-10,15,0,Yes,None,2664.32,5328.64,18690.27,489112.01,Delivered
BOL004989,COSCO,Kuehne+Nagel,Hudson Bay,Auto Parts,40HC,8,Rotterdam,Halifax,CIF,2023-03-09,2023-04-10,2023-04-10,32,0,Yes,None,2123.64,16989.12,53385.41,420987.26,Delivered
BOL004990,ZIM,DB Schenker,Groupe Touchette,Electronics,20GP,10,Shenzhen,Seattle,FOB,2022-05-18,2022-06-11,2022-06-11,24,0,Yes,None,4387.42,43874.2,235994.54,286154.97,Delivered
BOL004991,Yang Ming,Kuehne+Nagel,Loblaw Companies,Food Products,45HC,10,Colombo,Seattle,FOB,2024-09-25,2024-11-07,2024-11-18,43,11,No,Port Congestion,2043.38,20433.8,164157.28,171468.78,Delayed
BOL004992,Evergreen,DB Schenker,Aldo Group,Toys,40HC,5,Hamburg,Chicago,EXW,2024-07-11,2024-08-25,2024-08-25,45,0,Yes,None,1949.21,9746.05,64736.88,195022.39,Delivered
BOL004993,ONE,DSV,Loblaws,Chemicals,20RF,2,Ningbo,Halifax,CFR,2023-08-24,2023-09-11,2023-09-11,18,0,Yes,None,2671.24,5342.48,10649.89,56461.82,Delivered
BOL004994,MSC,DSV,Canadian Tire,Auto Parts,40GP,7,Singapore,Halifax,FOB,2023-10-11,2023-11-22,2023-11-22,42,0,Yes,None,1775.36,12427.52,164165.32,62969.27,Delivered
BOL004995,CMA CGM,DB Schenker,IKEA Canada,Steel Products,20GP,5,Busan,Vancouver,FOB,2024-06-02,2024-07-09,2024-07-09,37,0,Yes,None,2116.56,10582.8,53904.52,147112.6,Delivered
BOL004996,ZIM,Panalpina,Canadian Tire,Electronics,20RF,5,Busan,New York,DDP,2024-05-14,2024-06-17,2024-06-17,34,0,Yes,None,2468.29,12341.45,90886.79,74382.73,Delivered
BOL004997,MSC,DB Schenker,Loblaws,Chemicals,20RF,2,Hamburg,Miami,CFR,2022-09-06,2022-09-24,2022-09-24,18,0,Yes,None,3312.87,6625.74,18486.47,81315.11,Delivered
BOL004998,Evergreen,DB Schenker,Costco Canada,Apparel,45HC,5,Hong Kong,Montreal,DDP,2023-12-12,2023-12-31,2024-01-02,19,2,No,Documentation Error,4240.06,21200.3,43096.1,68851.45,Delivered
BOL004999,Hapag-Lloyd,Expeditors,Empire Company,Textiles,40HC,1,Colombo,Vancouver,EXW,2024-09-15,2024-10-21,2024-10-21,36,0,Yes,None,3105.18,3105.18,24646.44,367365.24,Delivered
BOL005000,MSC,Panalpina,Reitmans,Toys,40RF,5,Hamburg,New York,DDP,2024-04-03,2024-04-26,2024-04-26,23,0,Yes,None,2725.95,13629.75,134920.89,61992.77,Delivered
